backup_created_at;source_db;section;table_name;row_id;data_json
2026-05-08_224617;C:\Users\Dani\Documents\CODEX-Projects\drink_pos\data\drink_pos_dev.db;metadata;__backup__;1;"{""app"": ""drink_pos"", ""backup_created_at"": ""2026-05-08_224617"", ""drink_pos_env"": ""development"", ""format"": ""semicolon CSV; each row payload is JSON"", ""source_db"": ""C:\\Users\\Dani\\Documents\\CODEX-Projects\\drink_pos\\data\\drink_pos_dev.db"", ""source_db_size_bytes"": 405504}"
2026-05-08_224617;C:\Users\Dani\Documents\CODEX-Projects\drink_pos\data\drink_pos_dev.db;schema;__sqlite_master__;1;"{""name"": ""idx_change_requests_status"", ""sql"": ""CREATE INDEX idx_change_requests_status ON change_requests(status)"", ""tbl_name"": ""change_requests"", ""type"": ""index""}"
2026-05-08_224617;C:\Users\Dani\Documents\CODEX-Projects\drink_pos\data\drink_pos_dev.db;schema;__sqlite_master__;2;"{""name"": ""idx_order_lines_quantity_event"", ""sql"": ""CREATE INDEX idx_order_lines_quantity_event ON order_lines(quantity, event_open)"", ""tbl_name"": ""order_lines"", ""type"": ""index""}"
2026-05-08_224617;C:\Users\Dani\Documents\CODEX-Projects\drink_pos\data\drink_pos_dev.db;schema;__sqlite_master__;3;"{""name"": ""idx_round_events_timestamp"", ""sql"": ""CREATE INDEX idx_round_events_timestamp ON round_events(timestamp)"", ""tbl_name"": ""round_events"", ""type"": ""index""}"
2026-05-08_224617;C:\Users\Dani\Documents\CODEX-Projects\drink_pos\data\drink_pos_dev.db;schema;__sqlite_master__;4;"{""name"": ""idx_round_requests_status"", ""sql"": ""CREATE INDEX idx_round_requests_status ON round_requests(status)"", ""tbl_name"": ""round_requests"", ""type"": ""index""}"
2026-05-08_224617;C:\Users\Dani\Documents\CODEX-Projects\drink_pos\data\drink_pos_dev.db;schema;__sqlite_master__;5;"{""name"": ""idx_transaction_items_kind_timestamp"", ""sql"": ""CREATE INDEX idx_transaction_items_kind_timestamp ON transaction_items(kind, timestamp)"", ""tbl_name"": ""transaction_items"", ""type"": ""index""}"
2026-05-08_224617;C:\Users\Dani\Documents\CODEX-Projects\drink_pos\data\drink_pos_dev.db;schema;__sqlite_master__;6;"{""name"": ""idx_transaction_items_timestamp"", ""sql"": ""CREATE INDEX idx_transaction_items_timestamp ON transaction_items(timestamp)"", ""tbl_name"": ""transaction_items"", ""type"": ""index""}"
2026-05-08_224617;C:\Users\Dani\Documents\CODEX-Projects\drink_pos\data\drink_pos_dev.db;schema;__sqlite_master__;7;"{""name"": ""idx_transactions_type_timestamp"", ""sql"": ""CREATE INDEX idx_transactions_type_timestamp ON transactions(type, timestamp)"", ""tbl_name"": ""transactions"", ""type"": ""index""}"
2026-05-08_224617;C:\Users\Dani\Documents\CODEX-Projects\drink_pos\data\drink_pos_dev.db;schema;__sqlite_master__;8;"{""name"": ""sqlite_autoindex_items_1"", ""sql"": null, ""tbl_name"": ""items"", ""type"": ""index""}"
2026-05-08_224617;C:\Users\Dani\Documents\CODEX-Projects\drink_pos\data\drink_pos_dev.db;schema;__sqlite_master__;9;"{""name"": ""sqlite_autoindex_people_1"", ""sql"": null, ""tbl_name"": ""people"", ""type"": ""index""}"
2026-05-08_224617;C:\Users\Dani\Documents\CODEX-Projects\drink_pos\data\drink_pos_dev.db;schema;__sqlite_master__;10;"{""name"": ""sqlite_autoindex_settings_1"", ""sql"": null, ""tbl_name"": ""settings"", ""type"": ""index""}"
2026-05-08_224617;C:\Users\Dani\Documents\CODEX-Projects\drink_pos\data\drink_pos_dev.db;schema;__sqlite_master__;11;"{""name"": ""change_requests"", ""sql"": ""CREATE TABLE change_requests (\n                id INTEGER PRIMARY KEY AUTOINCREMENT,\n                person_id INTEGER NOT NULL,\n                order_line_id INTEGER NOT NULL,\n                item_id INTEGER,\n                quantity_to_remove INTEGER NOT NULL,\n                reason TEXT,\n                status TEXT NOT NULL DEFAULT 'PENDING',\n                requested_at TEXT NOT NULL,\n                decided_at TEXT,\n                FOREIGN KEY(person_id) REFERENCES people(id),\n                FOREIGN KEY(order_line_id) REFERENCES order_lines(id),\n                FOREIGN KEY(item_id) REFERENCES items(id)\n            )"", ""tbl_name"": ""change_requests"", ""type"": ""table""}"
2026-05-08_224617;C:\Users\Dani\Documents\CODEX-Projects\drink_pos\data\drink_pos_dev.db;schema;__sqlite_master__;12;"{""name"": ""items"", ""sql"": ""CREATE TABLE items (\n                id INTEGER PRIMARY KEY AUTOINCREMENT,\n                name TEXT UNIQUE NOT NULL,\n                short_label TEXT NOT NULL,\n                price_eur REAL NOT NULL DEFAULT 0,\n                purchase_price_eur REAL NOT NULL DEFAULT 0,\n                active INTEGER NOT NULL DEFAULT 1,\n                admin_only INTEGER NOT NULL DEFAULT 0,\n                sort_order INTEGER NOT NULL DEFAULT 100,\n                archived_at TEXT,\n                created_at TEXT NOT NULL\n            )"", ""tbl_name"": ""items"", ""type"": ""table""}"
2026-05-08_224617;C:\Users\Dani\Documents\CODEX-Projects\drink_pos\data\drink_pos_dev.db;schema;__sqlite_master__;13;"{""name"": ""order_lines"", ""sql"": ""CREATE TABLE order_lines (\n                id INTEGER PRIMARY KEY AUTOINCREMENT,\n                person_id INTEGER NOT NULL,\n                item_id INTEGER,\n                quantity INTEGER NOT NULL DEFAULT 0,\n                unit_price_eur REAL NOT NULL,\n                unit_purchase_price_eur REAL NOT NULL DEFAULT 0,\n                item_name_snapshot TEXT NOT NULL,\n                item_short_label_snapshot TEXT NOT NULL,\n                admin_only_snapshot INTEGER NOT NULL DEFAULT 0,\n                consumed_date TEXT NOT NULL,\n                event_open INTEGER NOT NULL DEFAULT 1,\n                created_at TEXT NOT NULL,\n                updated_at TEXT NOT NULL,\n                FOREIGN KEY(person_id) REFERENCES people(id),\n                FOREIGN KEY(item_id) REFERENCES items(id)\n            )"", ""tbl_name"": ""order_lines"", ""type"": ""table""}"
2026-05-08_224617;C:\Users\Dani\Documents\CODEX-Projects\drink_pos\data\drink_pos_dev.db;schema;__sqlite_master__;14;"{""name"": ""people"", ""sql"": ""CREATE TABLE people (\n                id INTEGER PRIMARY KEY AUTOINCREMENT,\n                name TEXT UNIQUE NOT NULL\n            , first_name TEXT NOT NULL DEFAULT '', last_name TEXT NOT NULL DEFAULT '', active INTEGER NOT NULL DEFAULT 1, archived_at TEXT, created_at TEXT)"", ""tbl_name"": ""people"", ""type"": ""table""}"
2026-05-08_224617;C:\Users\Dani\Documents\CODEX-Projects\drink_pos\data\drink_pos_dev.db;schema;__sqlite_master__;15;"{""name"": ""round_events"", ""sql"": ""CREATE TABLE round_events (\n                id INTEGER PRIMARY KEY AUTOINCREMENT,\n                transaction_id INTEGER,\n                timestamp TEXT NOT NULL,\n                round_price_eur REAL NOT NULL,\n                deducted_vk_eur REAL NOT NULL,\n                deducted_purchase_eur REAL NOT NULL,\n                profit_vs_purchase_eur REAL NOT NULL,\n                profit_vs_retail_eur REAL NOT NULL,\n                details TEXT,\n                FOREIGN KEY(transaction_id) REFERENCES transactions(id)\n            )"", ""tbl_name"": ""round_events"", ""type"": ""table""}"
2026-05-08_224617;C:\Users\Dani\Documents\CODEX-Projects\drink_pos\data\drink_pos_dev.db;schema;__sqlite_master__;16;"{""name"": ""round_requests"", ""sql"": ""CREATE TABLE round_requests (\n                id INTEGER PRIMARY KEY AUTOINCREMENT,\n                person_id INTEGER NOT NULL,\n                item_id INTEGER,\n                quantity INTEGER NOT NULL DEFAULT 1,\n                reason TEXT,\n                status TEXT NOT NULL DEFAULT 'PENDING',\n                requested_at TEXT NOT NULL,\n                decided_at TEXT,\n                FOREIGN KEY(person_id) REFERENCES people(id),\n                FOREIGN KEY(item_id) REFERENCES items(id)\n            )"", ""tbl_name"": ""round_requests"", ""type"": ""table""}"
2026-05-08_224617;C:\Users\Dani\Documents\CODEX-Projects\drink_pos\data\drink_pos_dev.db;schema;__sqlite_master__;17;"{""name"": ""settings"", ""sql"": ""CREATE TABLE settings (\n                key TEXT PRIMARY KEY,\n                value TEXT NOT NULL,\n                updated_at TEXT NOT NULL\n            )"", ""tbl_name"": ""settings"", ""type"": ""table""}"
2026-05-08_224617;C:\Users\Dani\Documents\CODEX-Projects\drink_pos\data\drink_pos_dev.db;schema;__sqlite_master__;18;"{""name"": ""sqlite_sequence"", ""sql"": ""CREATE TABLE sqlite_sequence(name,seq)"", ""tbl_name"": ""sqlite_sequence"", ""type"": ""table""}"
2026-05-08_224617;C:\Users\Dani\Documents\CODEX-Projects\drink_pos\data\drink_pos_dev.db;schema;__sqlite_master__;19;"{""name"": ""transaction_items"", ""sql"": ""CREATE TABLE transaction_items (\n                id INTEGER PRIMARY KEY AUTOINCREMENT,\n                transaction_id INTEGER NOT NULL,\n                person_id INTEGER,\n                item_id INTEGER,\n                item_name_snapshot TEXT NOT NULL,\n                item_short_label_snapshot TEXT NOT NULL,\n                quantity INTEGER NOT NULL,\n                unit_price_eur REAL NOT NULL,\n                unit_purchase_price_eur REAL NOT NULL DEFAULT 0,\n                total_eur REAL NOT NULL,\n                purchase_total_eur REAL NOT NULL DEFAULT 0,\n                profit_eur REAL NOT NULL DEFAULT 0,\n                kind TEXT NOT NULL,\n                timestamp TEXT NOT NULL,\n                FOREIGN KEY(transaction_id) REFERENCES transactions(id),\n                FOREIGN KEY(person_id) REFERENCES people(id),\n                FOREIGN KEY(item_id) REFERENCES items(id)\n            )"", ""tbl_name"": ""transaction_items"", ""type"": ""table""}"
2026-05-08_224617;C:\Users\Dani\Documents\CODEX-Projects\drink_pos\data\drink_pos_dev.db;schema;__sqlite_master__;20;"{""name"": ""transactions"", ""sql"": ""CREATE TABLE transactions (\n                id INTEGER PRIMARY KEY AUTOINCREMENT,\n                person_id INTEGER,\n                type TEXT NOT NULL,\n                total REAL NOT NULL,\n                details TEXT,\n                timestamp TEXT NOT NULL,\n                FOREIGN KEY(person_id) REFERENCES people(id)\n            )"", ""tbl_name"": ""transactions"", ""type"": ""table""}"
2026-05-08_224617;C:\Users\Dani\Documents\CODEX-Projects\drink_pos\data\drink_pos_dev.db;summary;settings;count;"{""columns"": [""key"", ""value"", ""updated_at""], ""exists"": true, ""row_count"": 30}"
2026-05-08_224617;C:\Users\Dani\Documents\CODEX-Projects\drink_pos\data\drink_pos_dev.db;data;settings;1;"{""key"": ""admin_pin"", ""updated_at"": ""2026-05-05 16:29:34"", ""value"": ""1234""}"
2026-05-08_224617;C:\Users\Dani\Documents\CODEX-Projects\drink_pos\data\drink_pos_dev.db;data;settings;2;"{""key"": ""app_background_color"", ""updated_at"": ""2026-05-08 22:42:25"", ""value"": ""#f3f4f6""}"
2026-05-08_224617;C:\Users\Dani\Documents\CODEX-Projects\drink_pos\data\drink_pos_dev.db;data;settings;3;"{""key"": ""app_name"", ""updated_at"": ""2026-05-05 17:09:56"", ""value"": ""Getränkeliste""}"
2026-05-08_224617;C:\Users\Dani\Documents\CODEX-Projects\drink_pos\data\drink_pos_dev.db;data;settings;4;"{""key"": ""currency"", ""updated_at"": ""2026-05-05 16:29:34"", ""value"": ""EUR""}"
2026-05-08_224617;C:\Users\Dani\Documents\CODEX-Projects\drink_pos\data\drink_pos_dev.db;data;settings;5;"{""key"": ""drink_celebration_condition_debt"", ""updated_at"": ""2026-05-08 22:42:25"", ""value"": ""1""}"
2026-05-08_224617;C:\Users\Dani\Documents\CODEX-Projects\drink_pos\data\drink_pos_dev.db;data;settings;6;"{""key"": ""drink_celebration_condition_round"", ""updated_at"": ""2026-05-08 22:42:25"", ""value"": ""1""}"
2026-05-08_224617;C:\Users\Dani\Documents\CODEX-Projects\drink_pos\data\drink_pos_dev.db;data;settings;7;"{""key"": ""drink_celebration_debt_threshold_eur"", ""updated_at"": ""2026-05-08 22:42:25"", ""value"": ""50.00""}"
2026-05-08_224617;C:\Users\Dani\Documents\CODEX-Projects\drink_pos\data\drink_pos_dev.db;data;settings;8;"{""key"": ""drink_celebration_mode"", ""updated_at"": ""2026-05-08 22:42:25"", ""value"": ""condition""}"
2026-05-08_224617;C:\Users\Dani\Documents\CODEX-Projects\drink_pos\data\drink_pos_dev.db;data;settings;9;"{""key"": ""drink_celebration_sound_enabled"", ""updated_at"": ""2026-05-08 22:42:25"", ""value"": ""1""}"
2026-05-08_224617;C:\Users\Dani\Documents\CODEX-Projects\drink_pos\data\drink_pos_dev.db;data;settings;10;"{""key"": ""drink_feedback_animation_intensity_percent"", ""updated_at"": ""2026-05-08 22:42:25"", ""value"": ""200""}"
2026-05-08_224617;C:\Users\Dani\Documents\CODEX-Projects\drink_pos\data\drink_pos_dev.db;data;settings;11;"{""key"": ""drink_feedback_duration_ms"", ""updated_at"": ""2026-05-08 22:42:25"", ""value"": ""1400""}"
2026-05-08_224617;C:\Users\Dani\Documents\CODEX-Projects\drink_pos\data\drink_pos_dev.db;data;settings;12;"{""key"": ""drink_feedback_enabled"", ""updated_at"": ""2026-05-08 22:42:25"", ""value"": ""1""}"
2026-05-08_224617;C:\Users\Dani\Documents\CODEX-Projects\drink_pos\data\drink_pos_dev.db;data;settings;13;"{""key"": ""drink_feedback_position"", ""updated_at"": ""2026-05-08 22:42:25"", ""value"": ""above""}"
2026-05-08_224617;C:\Users\Dani\Documents\CODEX-Projects\drink_pos\data\drink_pos_dev.db;data;settings;14;"{""key"": ""drink_feedback_style"", ""updated_at"": ""2026-05-08 22:42:25"", ""value"": ""strong""}"
2026-05-08_224617;C:\Users\Dani\Documents\CODEX-Projects\drink_pos\data\drink_pos_dev.db;data;settings;15;"{""key"": ""enable_delete_requests"", ""updated_at"": ""2026-05-08 22:42:25"", ""value"": ""1""}"
2026-05-08_224617;C:\Users\Dani\Documents\CODEX-Projects\drink_pos\data\drink_pos_dev.db;data;settings;16;"{""key"": ""overview_name_size_px"", ""updated_at"": ""2026-05-08 22:42:25"", ""value"": ""15.5""}"
2026-05-08_224617;C:\Users\Dani\Documents\CODEX-Projects\drink_pos\data\drink_pos_dev.db;data;settings;17;"{""key"": ""overview_summary_label_text"", ""updated_at"": ""2026-05-08 22:42:25"", ""value"": ""Gesamt:""}"
2026-05-08_224617;C:\Users\Dani\Documents\CODEX-Projects\drink_pos\data\drink_pos_dev.db;data;settings;18;"{""key"": ""overview_summary_size_percent"", ""updated_at"": ""2026-05-08 22:42:25"", ""value"": ""100""}"
2026-05-08_224617;C:\Users\Dani\Documents\CODEX-Projects\drink_pos\data\drink_pos_dev.db;data;settings;19;"{""key"": ""person_card_background_color"", ""updated_at"": ""2026-05-08 22:42:25"", ""value"": ""#ffffff""}"
2026-05-08_224617;C:\Users\Dani\Documents\CODEX-Projects\drink_pos\data\drink_pos_dev.db;data;settings;20;"{""key"": ""person_card_border_color"", ""updated_at"": ""2026-05-08 22:42:25"", ""value"": ""#bfdbfe""}"
2026-05-08_224617;C:\Users\Dani\Documents\CODEX-Projects\drink_pos\data\drink_pos_dev.db;data;settings;21;"{""key"": ""person_card_border_width_px"", ""updated_at"": ""2026-05-08 22:42:25"", ""value"": ""2""}"
2026-05-08_224617;C:\Users\Dani\Documents\CODEX-Projects\drink_pos\data\drink_pos_dev.db;data;settings;22;"{""key"": ""person_card_gap_px"", ""updated_at"": ""2026-05-08 22:42:25"", ""value"": ""10""}"
2026-05-08_224617;C:\Users\Dani\Documents\CODEX-Projects\drink_pos\data\drink_pos_dev.db;data;settings;23;"{""key"": ""round_item_price_eur"", ""updated_at"": ""2026-05-05 16:39:25"", ""value"": ""40.00""}"
2026-05-08_224617;C:\Users\Dani\Documents\CODEX-Projects\drink_pos\data\drink_pos_dev.db;data;settings;24;"{""key"": ""show_person_popup_total"", ""updated_at"": ""2026-05-08 22:42:25"", ""value"": ""1""}"
2026-05-08_224617;C:\Users\Dani\Documents\CODEX-Projects\drink_pos\data\drink_pos_dev.db;data;settings;25;"{""key"": ""show_summary_label_on_overview"", ""updated_at"": ""2026-05-08 22:42:25"", ""value"": ""1""}"
2026-05-08_224617;C:\Users\Dani\Documents\CODEX-Projects\drink_pos\data\drink_pos_dev.db;data;settings;26;"{""key"": ""show_sync_status"", ""updated_at"": ""2026-05-08 22:42:25"", ""value"": ""1""}"
2026-05-08_224617;C:\Users\Dani\Documents\CODEX-Projects\drink_pos\data\drink_pos_dev.db;data;settings;27;"{""key"": ""show_total_on_overview"", ""updated_at"": ""2026-05-08 22:42:25"", ""value"": ""1""}"
2026-05-08_224617;C:\Users\Dani\Documents\CODEX-Projects\drink_pos\data\drink_pos_dev.db;data;settings;28;"{""key"": ""sync_status_size_percent"", ""updated_at"": ""2026-05-08 22:42:25"", ""value"": ""100""}"
2026-05-08_224617;C:\Users\Dani\Documents\CODEX-Projects\drink_pos\data\drink_pos_dev.db;data;settings;29;"{""key"": ""tally_roughness"", ""updated_at"": ""2026-05-08 22:42:25"", ""value"": ""4""}"
2026-05-08_224617;C:\Users\Dani\Documents\CODEX-Projects\drink_pos\data\drink_pos_dev.db;data;settings;30;"{""key"": ""tally_size_percent"", ""updated_at"": ""2026-05-08 22:42:25"", ""value"": ""100""}"
2026-05-08_224617;C:\Users\Dani\Documents\CODEX-Projects\drink_pos\data\drink_pos_dev.db;summary;people;count;"{""columns"": [""id"", ""name"", ""first_name"", ""last_name"", ""active"", ""archived_at"", ""created_at""], ""exists"": true, ""row_count"": 61}"
2026-05-08_224617;C:\Users\Dani\Documents\CODEX-Projects\drink_pos\data\drink_pos_dev.db;data;people;1;"{""active"": 1, ""archived_at"": null, ""created_at"": ""2026-05-05 16:29:34"", ""first_name"": ""Leonardo"", ""id"": 1, ""last_name"": ""Basile"", ""name"": ""Basile Leonardo""}"
2026-05-08_224617;C:\Users\Dani\Documents\CODEX-Projects\drink_pos\data\drink_pos_dev.db;data;people;2;"{""active"": 1, ""archived_at"": null, ""created_at"": ""2026-05-05 16:29:34"", ""first_name"": ""Riccardo"", ""id"": 2, ""last_name"": ""Basile"", ""name"": ""Basile Riccardo""}"
2026-05-08_224617;C:\Users\Dani\Documents\CODEX-Projects\drink_pos\data\drink_pos_dev.db;data;people;3;"{""active"": 1, ""archived_at"": null, ""created_at"": ""2026-05-05 16:29:34"", ""first_name"": ""Paula"", ""id"": 3, ""last_name"": ""Beran"", ""name"": ""Beran Paula""}"
2026-05-08_224617;C:\Users\Dani\Documents\CODEX-Projects\drink_pos\data\drink_pos_dev.db;data;people;4;"{""active"": 1, ""archived_at"": null, ""created_at"": ""2026-05-05 16:29:34"", ""first_name"": ""Leonie"", ""id"": 4, ""last_name"": ""Bischof"", ""name"": ""Bischof Leonie""}"
2026-05-08_224617;C:\Users\Dani\Documents\CODEX-Projects\drink_pos\data\drink_pos_dev.db;data;people;5;"{""active"": 1, ""archived_at"": null, ""created_at"": ""2026-05-05 16:29:34"", ""first_name"": ""Peter"", ""id"": 5, ""last_name"": ""Borufka"", ""name"": ""Borufka Peter""}"
2026-05-08_224617;C:\Users\Dani\Documents\CODEX-Projects\drink_pos\data\drink_pos_dev.db;data;people;6;"{""active"": 1, ""archived_at"": null, ""created_at"": ""2026-05-05 16:29:34"", ""first_name"": ""Helmut"", ""id"": 6, ""last_name"": ""Egle"", ""name"": ""Egle Helmut""}"
2026-05-08_224617;C:\Users\Dani\Documents\CODEX-Projects\drink_pos\data\drink_pos_dev.db;data;people;7;"{""active"": 1, ""archived_at"": null, ""created_at"": ""2026-05-05 16:29:34"", ""first_name"": ""Miriam"", ""id"": 7, ""last_name"": ""Eichhorner"", ""name"": ""Eichhorner Miriam""}"
2026-05-08_224617;C:\Users\Dani\Documents\CODEX-Projects\drink_pos\data\drink_pos_dev.db;data;people;8;"{""active"": 1, ""archived_at"": null, ""created_at"": ""2026-05-05 16:29:34"", ""first_name"": ""Dominik"", ""id"": 8, ""last_name"": ""Ellensohn"", ""name"": ""Ellensohn Dominik""}"
2026-05-08_224617;C:\Users\Dani\Documents\CODEX-Projects\drink_pos\data\drink_pos_dev.db;data;people;9;"{""active"": 1, ""archived_at"": null, ""created_at"": ""2026-05-05 16:29:34"", ""first_name"": ""Carola"", ""id"": 9, ""last_name"": ""Ender"", ""name"": ""Ender Carola""}"
2026-05-08_224617;C:\Users\Dani\Documents\CODEX-Projects\drink_pos\data\drink_pos_dev.db;data;people;10;"{""active"": 1, ""archived_at"": null, ""created_at"": ""2026-05-05 16:29:34"", ""first_name"": ""Patrik"", ""id"": 10, ""last_name"": ""Ender"", ""name"": ""Ender Patrik""}"
2026-05-08_224617;C:\Users\Dani\Documents\CODEX-Projects\drink_pos\data\drink_pos_dev.db;data;people;11;"{""active"": 1, ""archived_at"": null, ""created_at"": ""2026-05-05 16:29:34"", ""first_name"": ""Wilfried"", ""id"": 11, ""last_name"": ""Ender"", ""name"": ""Ender Wilfried""}"
2026-05-08_224617;C:\Users\Dani\Documents\CODEX-Projects\drink_pos\data\drink_pos_dev.db;data;people;12;"{""active"": 1, ""archived_at"": null, ""created_at"": ""2026-05-05 16:29:34"", ""first_name"": ""Annabell"", ""id"": 12, ""last_name"": ""Fend"", ""name"": ""Fend Annabell""}"
2026-05-08_224617;C:\Users\Dani\Documents\CODEX-Projects\drink_pos\data\drink_pos_dev.db;data;people;13;"{""active"": 1, ""archived_at"": null, ""created_at"": ""2026-05-05 16:29:34"", ""first_name"": ""Nevio"", ""id"": 13, ""last_name"": ""Fend"", ""name"": ""Fend Nevio""}"
2026-05-08_224617;C:\Users\Dani\Documents\CODEX-Projects\drink_pos\data\drink_pos_dev.db;data;people;14;"{""active"": 1, ""archived_at"": null, ""created_at"": ""2026-05-05 16:29:34"", ""first_name"": ""Clemens"", ""id"": 14, ""last_name"": ""Fetz"", ""name"": ""Fetz Clemens""}"
2026-05-08_224617;C:\Users\Dani\Documents\CODEX-Projects\drink_pos\data\drink_pos_dev.db;data;people;15;"{""active"": 1, ""archived_at"": null, ""created_at"": ""2026-05-05 16:29:34"", ""first_name"": ""Lena"", ""id"": 15, ""last_name"": ""Fetz"", ""name"": ""Fetz Lena""}"
2026-05-08_224617;C:\Users\Dani\Documents\CODEX-Projects\drink_pos\data\drink_pos_dev.db;data;people;16;"{""active"": 1, ""archived_at"": null, ""created_at"": ""2026-05-05 16:29:34"", ""first_name"": ""Jakob"", ""id"": 16, ""last_name"": ""Fitz"", ""name"": ""Fitz Jakob""}"
2026-05-08_224617;C:\Users\Dani\Documents\CODEX-Projects\drink_pos\data\drink_pos_dev.db;data;people;17;"{""active"": 1, ""archived_at"": null, ""created_at"": ""2026-05-05 16:29:34"", ""first_name"": ""Daniel"", ""id"": 17, ""last_name"": ""Fritz"", ""name"": ""Fritz Daniel""}"
2026-05-08_224617;C:\Users\Dani\Documents\CODEX-Projects\drink_pos\data\drink_pos_dev.db;data;people;18;"{""active"": 1, ""archived_at"": null, ""created_at"": ""2026-05-05 16:29:34"", ""first_name"": ""Ramona"", ""id"": 18, ""last_name"": ""Fritz"", ""name"": ""Fritz Ramona""}"
2026-05-08_224617;C:\Users\Dani\Documents\CODEX-Projects\drink_pos\data\drink_pos_dev.db;data;people;19;"{""active"": 1, ""archived_at"": null, ""created_at"": ""2026-05-05 16:29:34"", ""first_name"": ""Sophia"", ""id"": 19, ""last_name"": ""Gau"", ""name"": ""Gau Sophia""}"
2026-05-08_224617;C:\Users\Dani\Documents\CODEX-Projects\drink_pos\data\drink_pos_dev.db;data;people;20;"{""active"": 1, ""archived_at"": null, ""created_at"": ""2026-05-05 16:29:34"", ""first_name"": ""Clara"", ""id"": 20, ""last_name"": ""Giesinger"", ""name"": ""Giesinger Clara""}"
2026-05-08_224617;C:\Users\Dani\Documents\CODEX-Projects\drink_pos\data\drink_pos_dev.db;data;people;21;"{""active"": 1, ""archived_at"": null, ""created_at"": ""2026-05-05 16:29:34"", ""first_name"": ""Nadine"", ""id"": 21, ""last_name"": ""Huber"", ""name"": ""Huber Nadine""}"
2026-05-08_224617;C:\Users\Dani\Documents\CODEX-Projects\drink_pos\data\drink_pos_dev.db;data;people;22;"{""active"": 1, ""archived_at"": null, ""created_at"": ""2026-05-05 16:29:34"", ""first_name"": ""Nathalie"", ""id"": 22, ""last_name"": ""Jäger"", ""name"": ""Jäger Nathalie""}"
2026-05-08_224617;C:\Users\Dani\Documents\CODEX-Projects\drink_pos\data\drink_pos_dev.db;data;people;23;"{""active"": 1, ""archived_at"": null, ""created_at"": ""2026-05-05 16:29:34"", ""first_name"": ""Tim"", ""id"": 23, ""last_name"": ""Jenewein"", ""name"": ""Jenewein Tim""}"
2026-05-08_224617;C:\Users\Dani\Documents\CODEX-Projects\drink_pos\data\drink_pos_dev.db;data;people;24;"{""active"": 1, ""archived_at"": null, ""created_at"": ""2026-05-05 16:29:34"", ""first_name"": ""Anna"", ""id"": 24, ""last_name"": ""Jenny"", ""name"": ""Jenny Anna""}"
2026-05-08_224617;C:\Users\Dani\Documents\CODEX-Projects\drink_pos\data\drink_pos_dev.db;data;people;25;"{""active"": 1, ""archived_at"": null, ""created_at"": ""2026-05-05 16:29:34"", ""first_name"": ""Angela"", ""id"": 25, ""last_name"": ""Kathan"", ""name"": ""Kathan Angela""}"
2026-05-08_224617;C:\Users\Dani\Documents\CODEX-Projects\drink_pos\data\drink_pos_dev.db;data;people;26;"{""active"": 1, ""archived_at"": null, ""created_at"": ""2026-05-05 16:29:34"", ""first_name"": ""Theresia"", ""id"": 26, ""last_name"": ""Kaufmann"", ""name"": ""Kaufmann Theresia""}"
2026-05-08_224617;C:\Users\Dani\Documents\CODEX-Projects\drink_pos\data\drink_pos_dev.db;data;people;27;"{""active"": 1, ""archived_at"": null, ""created_at"": ""2026-05-05 16:29:34"", ""first_name"": ""Csongor"", ""id"": 27, ""last_name"": ""Kishazy"", ""name"": ""Kishazy Csongor""}"
2026-05-08_224617;C:\Users\Dani\Documents\CODEX-Projects\drink_pos\data\drink_pos_dev.db;data;people;28;"{""active"": 1, ""archived_at"": null, ""created_at"": ""2026-05-05 16:29:34"", ""first_name"": ""Milena"", ""id"": 28, ""last_name"": ""Klien"", ""name"": ""Klien Milena""}"
2026-05-08_224617;C:\Users\Dani\Documents\CODEX-Projects\drink_pos\data\drink_pos_dev.db;data;people;29;"{""active"": 1, ""archived_at"": null, ""created_at"": ""2026-05-05 16:29:34"", ""first_name"": ""Lorena"", ""id"": 29, ""last_name"": ""Klien"", ""name"": ""Klien Lorena""}"
2026-05-08_224617;C:\Users\Dani\Documents\CODEX-Projects\drink_pos\data\drink_pos_dev.db;data;people;30;"{""active"": 1, ""archived_at"": null, ""created_at"": ""2026-05-05 16:29:34"", ""first_name"": ""Julia"", ""id"": 30, ""last_name"": ""Koller"", ""name"": ""Koller Julia""}"
2026-05-08_224617;C:\Users\Dani\Documents\CODEX-Projects\drink_pos\data\drink_pos_dev.db;data;people;31;"{""active"": 1, ""archived_at"": null, ""created_at"": ""2026-05-05 16:29:34"", ""first_name"": ""Sarah"", ""id"": 31, ""last_name"": ""Koller"", ""name"": ""Koller Sarah""}"
2026-05-08_224617;C:\Users\Dani\Documents\CODEX-Projects\drink_pos\data\drink_pos_dev.db;data;people;32;"{""active"": 1, ""archived_at"": null, ""created_at"": ""2026-05-05 16:29:34"", ""first_name"": ""Rosalie"", ""id"": 32, ""last_name"": ""Lampert"", ""name"": ""Lampert Rosalie""}"
2026-05-08_224617;C:\Users\Dani\Documents\CODEX-Projects\drink_pos\data\drink_pos_dev.db;data;people;33;"{""active"": 1, ""archived_at"": null, ""created_at"": ""2026-05-05 16:29:34"", ""first_name"": ""Benjamin"", ""id"": 33, ""last_name"": ""Loacker"", ""name"": ""Loacker Benjamin""}"
2026-05-08_224617;C:\Users\Dani\Documents\CODEX-Projects\drink_pos\data\drink_pos_dev.db;data;people;34;"{""active"": 1, ""archived_at"": null, ""created_at"": ""2026-05-05 16:29:34"", ""first_name"": ""Johannes"", ""id"": 34, ""last_name"": ""Loacker"", ""name"": ""Loacker Johannes""}"
2026-05-08_224617;C:\Users\Dani\Documents\CODEX-Projects\drink_pos\data\drink_pos_dev.db;data;people;35;"{""active"": 1, ""archived_at"": null, ""created_at"": ""2026-05-05 16:29:34"", ""first_name"": ""Nikolas"", ""id"": 35, ""last_name"": ""Loacker"", ""name"": ""Loacker Nikolas""}"
2026-05-08_224617;C:\Users\Dani\Documents\CODEX-Projects\drink_pos\data\drink_pos_dev.db;data;people;36;"{""active"": 1, ""archived_at"": null, ""created_at"": ""2026-05-05 16:29:34"", ""first_name"": ""Carmen"", ""id"": 36, ""last_name"": ""Märk"", ""name"": ""Märk Carmen""}"
2026-05-08_224617;C:\Users\Dani\Documents\CODEX-Projects\drink_pos\data\drink_pos_dev.db;data;people;37;"{""active"": 1, ""archived_at"": null, ""created_at"": ""2026-05-05 16:29:34"", ""first_name"": ""Christoph"", ""id"": 37, ""last_name"": ""Märk"", ""name"": ""Märk Christoph""}"
2026-05-08_224617;C:\Users\Dani\Documents\CODEX-Projects\drink_pos\data\drink_pos_dev.db;data;people;38;"{""active"": 1, ""archived_at"": null, ""created_at"": ""2026-05-05 16:29:34"", ""first_name"": ""Matthias"", ""id"": 38, ""last_name"": ""Märk"", ""name"": ""Märk Matthias""}"
2026-05-08_224617;C:\Users\Dani\Documents\CODEX-Projects\drink_pos\data\drink_pos_dev.db;data;people;39;"{""active"": 1, ""archived_at"": null, ""created_at"": ""2026-05-05 16:29:34"", ""first_name"": ""Manfred"", ""id"": 39, ""last_name"": ""Martin"", ""name"": ""Martin Manfred""}"
2026-05-08_224617;C:\Users\Dani\Documents\CODEX-Projects\drink_pos\data\drink_pos_dev.db;data;people;40;"{""active"": 1, ""archived_at"": null, ""created_at"": ""2026-05-05 16:29:34"", ""first_name"": ""Mirijam"", ""id"": 40, ""last_name"": ""Miller"", ""name"": ""Miller Mirijam""}"
2026-05-08_224617;C:\Users\Dani\Documents\CODEX-Projects\drink_pos\data\drink_pos_dev.db;data;people;41;"{""active"": 1, ""archived_at"": null, ""created_at"": ""2026-05-05 16:29:34"", ""first_name"": ""Sarah"", ""id"": 41, ""last_name"": ""Miller"", ""name"": ""Miller Sarah""}"
2026-05-08_224617;C:\Users\Dani\Documents\CODEX-Projects\drink_pos\data\drink_pos_dev.db;data;people;42;"{""active"": 1, ""archived_at"": null, ""created_at"": ""2026-05-05 16:29:34"", ""first_name"": ""Katharina"", ""id"": 42, ""last_name"": ""Müller"", ""name"": ""Müller Katharina""}"
2026-05-08_224617;C:\Users\Dani\Documents\CODEX-Projects\drink_pos\data\drink_pos_dev.db;data;people;43;"{""active"": 1, ""archived_at"": null, ""created_at"": ""2026-05-05 16:29:34"", ""first_name"": ""Robert"", ""id"": 43, ""last_name"": ""Müller"", ""name"": ""Müller Robert""}"
2026-05-08_224617;C:\Users\Dani\Documents\CODEX-Projects\drink_pos\data\drink_pos_dev.db;data;people;44;"{""active"": 1, ""archived_at"": null, ""created_at"": ""2026-05-05 16:29:34"", ""first_name"": ""Grete"", ""id"": 44, ""last_name"": ""Öhlinger"", ""name"": ""Öhlinger Grete""}"
2026-05-08_224617;C:\Users\Dani\Documents\CODEX-Projects\drink_pos\data\drink_pos_dev.db;data;people;45;"{""active"": 1, ""archived_at"": null, ""created_at"": ""2026-05-05 16:29:34"", ""first_name"": ""Johanna"", ""id"": 45, ""last_name"": ""Öhlinger"", ""name"": ""Öhlinger Johanna""}"
2026-05-08_224617;C:\Users\Dani\Documents\CODEX-Projects\drink_pos\data\drink_pos_dev.db;data;people;46;"{""active"": 1, ""archived_at"": null, ""created_at"": ""2026-05-05 16:29:34"", ""first_name"": ""Laurin"", ""id"": 46, ""last_name"": ""Petrovic"", ""name"": ""Petrovic Laurin""}"
2026-05-08_224617;C:\Users\Dani\Documents\CODEX-Projects\drink_pos\data\drink_pos_dev.db;data;people;47;"{""active"": 1, ""archived_at"": null, ""created_at"": ""2026-05-05 16:29:34"", ""first_name"": ""Sebastian"", ""id"": 47, ""last_name"": ""Purkhart"", ""name"": ""Purkhart Sebastian""}"
2026-05-08_224617;C:\Users\Dani\Documents\CODEX-Projects\drink_pos\data\drink_pos_dev.db;data;people;48;"{""active"": 1, ""archived_at"": null, ""created_at"": ""2026-05-05 16:29:34"", ""first_name"": ""David"", ""id"": 48, ""last_name"": ""Ratz"", ""name"": ""Ratz David""}"
2026-05-08_224617;C:\Users\Dani\Documents\CODEX-Projects\drink_pos\data\drink_pos_dev.db;data;people;49;"{""active"": 1, ""archived_at"": null, ""created_at"": ""2026-05-05 16:29:34"", ""first_name"": ""Andreas"", ""id"": 49, ""last_name"": ""Rützler"", ""name"": ""Rützler Andreas""}"
2026-05-08_224617;C:\Users\Dani\Documents\CODEX-Projects\drink_pos\data\drink_pos_dev.db;data;people;50;"{""active"": 1, ""archived_at"": null, ""created_at"": ""2026-05-05 16:29:34"", ""first_name"": ""Markus"", ""id"": 50, ""last_name"": ""Sandholzer"", ""name"": ""Sandholzer Markus""}"
2026-05-08_224617;C:\Users\Dani\Documents\CODEX-Projects\drink_pos\data\drink_pos_dev.db;data;people;51;"{""active"": 1, ""archived_at"": null, ""created_at"": ""2026-05-05 16:29:34"", ""first_name"": ""Simon"", ""id"": 51, ""last_name"": ""Schedler"", ""name"": ""Schedler Simon""}"
2026-05-08_224617;C:\Users\Dani\Documents\CODEX-Projects\drink_pos\data\drink_pos_dev.db;data;people;52;"{""active"": 1, ""archived_at"": null, ""created_at"": ""2026-05-05 16:29:34"", ""first_name"": ""Michael"", ""id"": 52, ""last_name"": ""Scherrer"", ""name"": ""Scherrer Michael""}"
2026-05-08_224617;C:\Users\Dani\Documents\CODEX-Projects\drink_pos\data\drink_pos_dev.db;data;people;53;"{""active"": 1, ""archived_at"": null, ""created_at"": ""2026-05-05 16:29:34"", ""first_name"": ""Marina"", ""id"": 53, ""last_name"": ""Schnetzer"", ""name"": ""Schnetzer Marina""}"
2026-05-08_224617;C:\Users\Dani\Documents\CODEX-Projects\drink_pos\data\drink_pos_dev.db;data;people;54;"{""active"": 1, ""archived_at"": null, ""created_at"": ""2026-05-05 16:29:34"", ""first_name"": ""Hannah"", ""id"": 54, ""last_name"": ""Schönfelder"", ""name"": ""Schönfelder Hannah""}"
2026-05-08_224617;C:\Users\Dani\Documents\CODEX-Projects\drink_pos\data\drink_pos_dev.db;data;people;55;"{""active"": 1, ""archived_at"": null, ""created_at"": ""2026-05-05 16:29:34"", ""first_name"": ""Eliana"", ""id"": 55, ""last_name"": ""Schwarz"", ""name"": ""Schwarz Eliana""}"
2026-05-08_224617;C:\Users\Dani\Documents\CODEX-Projects\drink_pos\data\drink_pos_dev.db;data;people;56;"{""active"": 1, ""archived_at"": null, ""created_at"": ""2026-05-05 16:29:34"", ""first_name"": ""Christoph"", ""id"": 56, ""last_name"": ""Schweiger"", ""name"": ""Schweiger Christoph""}"
2026-05-08_224617;C:\Users\Dani\Documents\CODEX-Projects\drink_pos\data\drink_pos_dev.db;data;people;57;"{""active"": 1, ""archived_at"": null, ""created_at"": ""2026-05-05 16:29:34"", ""first_name"": ""Leonie"", ""id"": 57, ""last_name"": ""Schweiger"", ""name"": ""Schweiger Leonie""}"
2026-05-08_224617;C:\Users\Dani\Documents\CODEX-Projects\drink_pos\data\drink_pos_dev.db;data;people;58;"{""active"": 1, ""archived_at"": null, ""created_at"": ""2026-05-05 16:29:34"", ""first_name"": ""Melanie"", ""id"": 58, ""last_name"": ""Schweiger"", ""name"": ""Schweiger Melanie""}"
2026-05-08_224617;C:\Users\Dani\Documents\CODEX-Projects\drink_pos\data\drink_pos_dev.db;data;people;59;"{""active"": 1, ""archived_at"": null, ""created_at"": ""2026-05-05 16:29:34"", ""first_name"": ""Christian"", ""id"": 59, ""last_name"": ""Tschütscher"", ""name"": ""Tschütscher Christian""}"
2026-05-08_224617;C:\Users\Dani\Documents\CODEX-Projects\drink_pos\data\drink_pos_dev.db;data;people;60;"{""active"": 1, ""archived_at"": null, ""created_at"": ""2026-05-05 16:29:34"", ""first_name"": ""Fabian"", ""id"": 60, ""last_name"": ""Wehinger"", ""name"": ""Wehinger Fabian""}"
2026-05-08_224617;C:\Users\Dani\Documents\CODEX-Projects\drink_pos\data\drink_pos_dev.db;data;people;61;"{""active"": 1, ""archived_at"": null, ""created_at"": ""2026-05-05 16:29:34"", ""first_name"": ""Mathias"", ""id"": 61, ""last_name"": ""Willinigg"", ""name"": ""Willinigg Mathias""}"
2026-05-08_224617;C:\Users\Dani\Documents\CODEX-Projects\drink_pos\data\drink_pos_dev.db;summary;items;count;"{""columns"": [""id"", ""name"", ""short_label"", ""price_eur"", ""purchase_price_eur"", ""active"", ""admin_only"", ""sort_order"", ""archived_at"", ""created_at""], ""exists"": true, ""row_count"": 5}"
2026-05-08_224617;C:\Users\Dani\Documents\CODEX-Projects\drink_pos\data\drink_pos_dev.db;data;items;1;"{""active"": 1, ""admin_only"": 0, ""archived_at"": null, ""created_at"": ""2026-05-05 16:29:34"", ""id"": 1, ""name"": ""Bier gross"", ""price_eur"": 2.5, ""purchase_price_eur"": 1.4, ""short_label"": ""Gross"", ""sort_order"": 1}"
2026-05-08_224617;C:\Users\Dani\Documents\CODEX-Projects\drink_pos\data\drink_pos_dev.db;data;items;2;"{""active"": 1, ""admin_only"": 0, ""archived_at"": null, ""created_at"": ""2026-05-05 16:29:34"", ""id"": 2, ""name"": ""Bier klein"", ""price_eur"": 1.8, ""purchase_price_eur"": 1.0, ""short_label"": ""Klein"", ""sort_order"": 2}"
2026-05-08_224617;C:\Users\Dani\Documents\CODEX-Projects\drink_pos\data\drink_pos_dev.db;data;items;3;"{""active"": 1, ""admin_only"": 0, ""archived_at"": null, ""created_at"": ""2026-05-05 16:29:34"", ""id"": 3, ""name"": ""Limo"", ""price_eur"": 1.0, ""purchase_price_eur"": 0.45, ""short_label"": ""Limo"", ""sort_order"": 3}"
2026-05-08_224617;C:\Users\Dani\Documents\CODEX-Projects\drink_pos\data\drink_pos_dev.db;data;items;4;"{""active"": 1, ""admin_only"": 1, ""archived_at"": null, ""created_at"": ""2026-05-05 16:29:34"", ""id"": 4, ""name"": ""1 Runde"", ""price_eur"": 40.0, ""purchase_price_eur"": 0.0, ""short_label"": ""Runde"", ""sort_order"": 4}"
2026-05-08_224617;C:\Users\Dani\Documents\CODEX-Projects\drink_pos\data\drink_pos_dev.db;data;items;5;"{""active"": 0, ""admin_only"": 0, ""archived_at"": ""2026-05-05 21:23:25"", ""created_at"": ""2026-05-05 21:22:24"", ""id"": 5, ""name"": ""Drink des Monats"", ""price_eur"": 3.0, ""purchase_price_eur"": 1.85, ""short_label"": ""DDM"", ""sort_order"": 5}"
2026-05-08_224617;C:\Users\Dani\Documents\CODEX-Projects\drink_pos\data\drink_pos_dev.db;summary;order_lines;count;"{""columns"": [""id"", ""person_id"", ""item_id"", ""quantity"", ""unit_price_eur"", ""unit_purchase_price_eur"", ""item_name_snapshot"", ""item_short_label_snapshot"", ""admin_only_snapshot"", ""consumed_date"", ""event_open"", ""created_at"", ""updated_at""], ""exists"": true, ""row_count"": 365}"
2026-05-08_224617;C:\Users\Dani\Documents\CODEX-Projects\drink_pos\data\drink_pos_dev.db;data;order_lines;1;"{""admin_only_snapshot"": 0, ""consumed_date"": ""2026-05-05"", ""created_at"": ""2026-05-05 16:31:00"", ""event_open"": 0, ""id"": 1, ""item_id"": 1, ""item_name_snapshot"": ""Bier gross"", ""item_short_label_snapshot"": ""Gross"", ""person_id"": 32, ""quantity"": 0, ""unit_price_eur"": 2.5, ""unit_purchase_price_eur"": 1.4, ""updated_at"": ""2026-05-05 17:08:38""}"
2026-05-08_224617;C:\Users\Dani\Documents\CODEX-Projects\drink_pos\data\drink_pos_dev.db;data;order_lines;2;"{""admin_only_snapshot"": 0, ""consumed_date"": ""2026-05-05"", ""created_at"": ""2026-05-05 16:31:01"", ""event_open"": 0, ""id"": 2, ""item_id"": 2, ""item_name_snapshot"": ""Bier klein"", ""item_short_label_snapshot"": ""Klein"", ""person_id"": 32, ""quantity"": 0, ""unit_price_eur"": 1.8, ""unit_purchase_price_eur"": 1.0, ""updated_at"": ""2026-05-05 17:08:38""}"
2026-05-08_224617;C:\Users\Dani\Documents\CODEX-Projects\drink_pos\data\drink_pos_dev.db;data;order_lines;3;"{""admin_only_snapshot"": 0, ""consumed_date"": ""2026-05-05"", ""created_at"": ""2026-05-05 16:31:01"", ""event_open"": 0, ""id"": 3, ""item_id"": 3, ""item_name_snapshot"": ""Limo"", ""item_short_label_snapshot"": ""Limo"", ""person_id"": 32, ""quantity"": 0, ""unit_price_eur"": 1.0, ""unit_purchase_price_eur"": 0.45, ""updated_at"": ""2026-05-05 17:08:40""}"
2026-05-08_224617;C:\Users\Dani\Documents\CODEX-Projects\drink_pos\data\drink_pos_dev.db;data;order_lines;4;"{""admin_only_snapshot"": 0, ""consumed_date"": ""2026-05-05"", ""created_at"": ""2026-05-05 16:31:36"", ""event_open"": 0, ""id"": 4, ""item_id"": 1, ""item_name_snapshot"": ""Bier gross"", ""item_short_label_snapshot"": ""Gross"", ""person_id"": 1, ""quantity"": 0, ""unit_price_eur"": 2.5, ""unit_purchase_price_eur"": 1.4, ""updated_at"": ""2026-05-05 16:33:04""}"
2026-05-08_224617;C:\Users\Dani\Documents\CODEX-Projects\drink_pos\data\drink_pos_dev.db;data;order_lines;5;"{""admin_only_snapshot"": 0, ""consumed_date"": ""2026-05-05"", ""created_at"": ""2026-05-05 16:31:37"", ""event_open"": 0, ""id"": 5, ""item_id"": 2, ""item_name_snapshot"": ""Bier klein"", ""item_short_label_snapshot"": ""Klein"", ""person_id"": 1, ""quantity"": 0, ""unit_price_eur"": 1.8, ""unit_purchase_price_eur"": 1.0, ""updated_at"": ""2026-05-05 16:33:04""}"
2026-05-08_224617;C:\Users\Dani\Documents\CODEX-Projects\drink_pos\data\drink_pos_dev.db;data;order_lines;6;"{""admin_only_snapshot"": 0, ""consumed_date"": ""2026-05-05"", ""created_at"": ""2026-05-05 16:31:37"", ""event_open"": 0, ""id"": 6, ""item_id"": 3, ""item_name_snapshot"": ""Limo"", ""item_short_label_snapshot"": ""Limo"", ""person_id"": 1, ""quantity"": 0, ""unit_price_eur"": 1.0, ""unit_purchase_price_eur"": 0.45, ""updated_at"": ""2026-05-05 16:33:04""}"
2026-05-08_224617;C:\Users\Dani\Documents\CODEX-Projects\drink_pos\data\drink_pos_dev.db;data;order_lines;7;"{""admin_only_snapshot"": 1, ""consumed_date"": ""2026-05-05"", ""created_at"": ""2026-05-05 16:32:58"", ""event_open"": 1, ""id"": 7, ""item_id"": 4, ""item_name_snapshot"": ""1 Runde"", ""item_short_label_snapshot"": ""Runde"", ""person_id"": 1, ""quantity"": 0, ""unit_price_eur"": 10.0, ""unit_purchase_price_eur"": 0.0, ""updated_at"": ""2026-05-05 16:33:04""}"
2026-05-08_224617;C:\Users\Dani\Documents\CODEX-Projects\drink_pos\data\drink_pos_dev.db;data;order_lines;8;"{""admin_only_snapshot"": 0, ""consumed_date"": ""2026-05-05"", ""created_at"": ""2026-05-05 16:33:07"", ""event_open"": 0, ""id"": 8, ""item_id"": 1, ""item_name_snapshot"": ""Bier gross"", ""item_short_label_snapshot"": ""Gross"", ""person_id"": 1, ""quantity"": 1, ""unit_price_eur"": 2.5, ""unit_purchase_price_eur"": 1.4, ""updated_at"": ""2026-05-05 17:09:28""}"
2026-05-08_224617;C:\Users\Dani\Documents\CODEX-Projects\drink_pos\data\drink_pos_dev.db;data;order_lines;9;"{""admin_only_snapshot"": 0, ""consumed_date"": ""2026-05-05"", ""created_at"": ""2026-05-05 16:41:14"", ""event_open"": 0, ""id"": 9, ""item_id"": 1, ""item_name_snapshot"": ""Bier gross"", ""item_short_label_snapshot"": ""Gross"", ""person_id"": 4, ""quantity"": 24, ""unit_price_eur"": 2.5, ""unit_purchase_price_eur"": 1.4, ""updated_at"": ""2026-05-05 17:09:28""}"
2026-05-08_224617;C:\Users\Dani\Documents\CODEX-Projects\drink_pos\data\drink_pos_dev.db;data;order_lines;10;"{""admin_only_snapshot"": 0, ""consumed_date"": ""2026-05-05"", ""created_at"": ""2026-05-05 16:41:15"", ""event_open"": 0, ""id"": 10, ""item_id"": 2, ""item_name_snapshot"": ""Bier klein"", ""item_short_label_snapshot"": ""Klein"", ""person_id"": 4, ""quantity"": 1, ""unit_price_eur"": 1.8, ""unit_purchase_price_eur"": 1.0, ""updated_at"": ""2026-05-05 17:09:28""}"
2026-05-08_224617;C:\Users\Dani\Documents\CODEX-Projects\drink_pos\data\drink_pos_dev.db;data;order_lines;11;"{""admin_only_snapshot"": 0, ""consumed_date"": ""2026-05-05"", ""created_at"": ""2026-05-05 16:41:15"", ""event_open"": 0, ""id"": 11, ""item_id"": 3, ""item_name_snapshot"": ""Limo"", ""item_short_label_snapshot"": ""Limo"", ""person_id"": 4, ""quantity"": 1, ""unit_price_eur"": 1.0, ""unit_purchase_price_eur"": 0.45, ""updated_at"": ""2026-05-05 17:09:28""}"
2026-05-08_224617;C:\Users\Dani\Documents\CODEX-Projects\drink_pos\data\drink_pos_dev.db;data;order_lines;12;"{""admin_only_snapshot"": 0, ""consumed_date"": ""2026-05-05"", ""created_at"": ""2026-05-05 16:41:24"", ""event_open"": 0, ""id"": 12, ""item_id"": 2, ""item_name_snapshot"": ""Bier klein"", ""item_short_label_snapshot"": ""Klein"", ""person_id"": 1, ""quantity"": 14, ""unit_price_eur"": 1.8, ""unit_purchase_price_eur"": 1.0, ""updated_at"": ""2026-05-05 17:09:28""}"
2026-05-08_224617;C:\Users\Dani\Documents\CODEX-Projects\drink_pos\data\drink_pos_dev.db;data;order_lines;13;"{""admin_only_snapshot"": 0, ""consumed_date"": ""2026-05-05"", ""created_at"": ""2026-05-05 16:41:32"", ""event_open"": 0, ""id"": 13, ""item_id"": 3, ""item_name_snapshot"": ""Limo"", ""item_short_label_snapshot"": ""Limo"", ""person_id"": 1, ""quantity"": 16, ""unit_price_eur"": 1.0, ""unit_purchase_price_eur"": 0.45, ""updated_at"": ""2026-05-05 17:09:28""}"
2026-05-08_224617;C:\Users\Dani\Documents\CODEX-Projects\drink_pos\data\drink_pos_dev.db;data;order_lines;14;"{""admin_only_snapshot"": 0, ""consumed_date"": ""2026-05-05"", ""created_at"": ""2026-05-05 16:44:51"", ""event_open"": 1, ""id"": 14, ""item_id"": 3, ""item_name_snapshot"": ""Limo"", ""item_short_label_snapshot"": ""Limo"", ""person_id"": 34, ""quantity"": 0, ""unit_price_eur"": 1.0, ""unit_purchase_price_eur"": 0.45, ""updated_at"": ""2026-05-05 17:08:52""}"
2026-05-08_224617;C:\Users\Dani\Documents\CODEX-Projects\drink_pos\data\drink_pos_dev.db;data;order_lines;15;"{""admin_only_snapshot"": 0, ""consumed_date"": ""2026-05-05"", ""created_at"": ""2026-05-05 16:44:52"", ""event_open"": 1, ""id"": 15, ""item_id"": 2, ""item_name_snapshot"": ""Bier klein"", ""item_short_label_snapshot"": ""Klein"", ""person_id"": 34, ""quantity"": 0, ""unit_price_eur"": 1.8, ""unit_purchase_price_eur"": 1.0, ""updated_at"": ""2026-05-05 17:08:52""}"
2026-05-08_224617;C:\Users\Dani\Documents\CODEX-Projects\drink_pos\data\drink_pos_dev.db;data;order_lines;16;"{""admin_only_snapshot"": 0, ""consumed_date"": ""2026-05-05"", ""created_at"": ""2026-05-05 16:44:55"", ""event_open"": 0, ""id"": 16, ""item_id"": 1, ""item_name_snapshot"": ""Bier gross"", ""item_short_label_snapshot"": ""Gross"", ""person_id"": 37, ""quantity"": 6, ""unit_price_eur"": 2.5, ""unit_purchase_price_eur"": 1.4, ""updated_at"": ""2026-05-05 17:09:28""}"
2026-05-08_224617;C:\Users\Dani\Documents\CODEX-Projects\drink_pos\data\drink_pos_dev.db;data;order_lines;17;"{""admin_only_snapshot"": 0, ""consumed_date"": ""2026-05-05"", ""created_at"": ""2026-05-05 16:45:02"", ""event_open"": 1, ""id"": 17, ""item_id"": 1, ""item_name_snapshot"": ""Bier gross"", ""item_short_label_snapshot"": ""Gross"", ""person_id"": 35, ""quantity"": 0, ""unit_price_eur"": 2.5, ""unit_purchase_price_eur"": 1.4, ""updated_at"": ""2026-05-05 17:09:22""}"
2026-05-08_224617;C:\Users\Dani\Documents\CODEX-Projects\drink_pos\data\drink_pos_dev.db;data;order_lines;18;"{""admin_only_snapshot"": 0, ""consumed_date"": ""2026-05-05"", ""created_at"": ""2026-05-05 16:45:02"", ""event_open"": 1, ""id"": 18, ""item_id"": 1, ""item_name_snapshot"": ""Bier gross"", ""item_short_label_snapshot"": ""Gross"", ""person_id"": 35, ""quantity"": 0, ""unit_price_eur"": 2.5, ""unit_purchase_price_eur"": 1.4, ""updated_at"": ""2026-05-05 17:09:22""}"
2026-05-08_224617;C:\Users\Dani\Documents\CODEX-Projects\drink_pos\data\drink_pos_dev.db;data;order_lines;19;"{""admin_only_snapshot"": 0, ""consumed_date"": ""2026-05-05"", ""created_at"": ""2026-05-05 16:45:09"", ""event_open"": 1, ""id"": 19, ""item_id"": 1, ""item_name_snapshot"": ""Bier gross"", ""item_short_label_snapshot"": ""Gross"", ""person_id"": 36, ""quantity"": 0, ""unit_price_eur"": 2.5, ""unit_purchase_price_eur"": 1.4, ""updated_at"": ""2026-05-05 17:08:47""}"
2026-05-08_224617;C:\Users\Dani\Documents\CODEX-Projects\drink_pos\data\drink_pos_dev.db;data;order_lines;20;"{""admin_only_snapshot"": 0, ""consumed_date"": ""2026-05-05"", ""created_at"": ""2026-05-05 16:45:47"", ""event_open"": 1, ""id"": 20, ""item_id"": 2, ""item_name_snapshot"": ""Bier klein"", ""item_short_label_snapshot"": ""Klein"", ""person_id"": 32, ""quantity"": 0, ""unit_price_eur"": 1.8, ""unit_purchase_price_eur"": 1.0, ""updated_at"": ""2026-05-05 17:08:40""}"
2026-05-08_224617;C:\Users\Dani\Documents\CODEX-Projects\drink_pos\data\drink_pos_dev.db;data;order_lines;21;"{""admin_only_snapshot"": 0, ""consumed_date"": ""2026-05-05"", ""created_at"": ""2026-05-05 16:45:50"", ""event_open"": 1, ""id"": 21, ""item_id"": 1, ""item_name_snapshot"": ""Bier gross"", ""item_short_label_snapshot"": ""Gross"", ""person_id"": 32, ""quantity"": 0, ""unit_price_eur"": 2.5, ""unit_purchase_price_eur"": 1.4, ""updated_at"": ""2026-05-05 17:08:40""}"
2026-05-08_224617;C:\Users\Dani\Documents\CODEX-Projects\drink_pos\data\drink_pos_dev.db;data;order_lines;22;"{""admin_only_snapshot"": 0, ""consumed_date"": ""2026-05-05"", ""created_at"": ""2026-05-05 16:45:55"", ""event_open"": 1, ""id"": 22, ""item_id"": 3, ""item_name_snapshot"": ""Limo"", ""item_short_label_snapshot"": ""Limo"", ""person_id"": 32, ""quantity"": 0, ""unit_price_eur"": 1.0, ""unit_purchase_price_eur"": 0.45, ""updated_at"": ""2026-05-05 17:08:40""}"
2026-05-08_224617;C:\Users\Dani\Documents\CODEX-Projects\drink_pos\data\drink_pos_dev.db;data;order_lines;23;"{""admin_only_snapshot"": 1, ""consumed_date"": ""2026-05-05"", ""created_at"": ""2026-05-05 17:08:44"", ""event_open"": 1, ""id"": 23, ""item_id"": 4, ""item_name_snapshot"": ""1 Runde"", ""item_short_label_snapshot"": ""Runde"", ""person_id"": 36, ""quantity"": 0, ""unit_price_eur"": 40.0, ""unit_purchase_price_eur"": 0.0, ""updated_at"": ""2026-05-05 17:08:47""}"
2026-05-08_224617;C:\Users\Dani\Documents\CODEX-Projects\drink_pos\data\drink_pos_dev.db;data;order_lines;24;"{""admin_only_snapshot"": 1, ""consumed_date"": ""2026-05-05"", ""created_at"": ""2026-05-05 17:09:17"", ""event_open"": 1, ""id"": 24, ""item_id"": 4, ""item_name_snapshot"": ""1 Runde"", ""item_short_label_snapshot"": ""Runde"", ""person_id"": 35, ""quantity"": 0, ""unit_price_eur"": 40.0, ""unit_purchase_price_eur"": 0.0, ""updated_at"": ""2026-05-05 17:09:22""}"
2026-05-08_224617;C:\Users\Dani\Documents\CODEX-Projects\drink_pos\data\drink_pos_dev.db;data;order_lines;25;"{""admin_only_snapshot"": 0, ""consumed_date"": ""2026-05-05"", ""created_at"": ""2026-05-05 19:19:35"", ""event_open"": 0, ""id"": 25, ""item_id"": 2, ""item_name_snapshot"": ""Bier klein"", ""item_short_label_snapshot"": ""Klein"", ""person_id"": 1, ""quantity"": 1, ""unit_price_eur"": 1.8, ""unit_purchase_price_eur"": 1.0, ""updated_at"": ""2026-05-05 19:21:37""}"
2026-05-08_224617;C:\Users\Dani\Documents\CODEX-Projects\drink_pos\data\drink_pos_dev.db;data;order_lines;26;"{""admin_only_snapshot"": 0, ""consumed_date"": ""2026-05-05"", ""created_at"": ""2026-05-05 19:20:55"", ""event_open"": 0, ""id"": 26, ""item_id"": 1, ""item_name_snapshot"": ""Bier gross"", ""item_short_label_snapshot"": ""Gross"", ""person_id"": 2, ""quantity"": 14, ""unit_price_eur"": 2.5, ""unit_purchase_price_eur"": 1.4, ""updated_at"": ""2026-05-05 19:21:37""}"
2026-05-08_224617;C:\Users\Dani\Documents\CODEX-Projects\drink_pos\data\drink_pos_dev.db;data;order_lines;27;"{""admin_only_snapshot"": 0, ""consumed_date"": ""2026-05-05"", ""created_at"": ""2026-05-05 19:20:59"", ""event_open"": 0, ""id"": 27, ""item_id"": 2, ""item_name_snapshot"": ""Bier klein"", ""item_short_label_snapshot"": ""Klein"", ""person_id"": 2, ""quantity"": 3, ""unit_price_eur"": 1.8, ""unit_purchase_price_eur"": 1.0, ""updated_at"": ""2026-05-05 19:21:37""}"
2026-05-08_224617;C:\Users\Dani\Documents\CODEX-Projects\drink_pos\data\drink_pos_dev.db;data;order_lines;28;"{""admin_only_snapshot"": 0, ""consumed_date"": ""2026-05-05"", ""created_at"": ""2026-05-05 19:21:00"", ""event_open"": 0, ""id"": 28, ""item_id"": 3, ""item_name_snapshot"": ""Limo"", ""item_short_label_snapshot"": ""Limo"", ""person_id"": 2, ""quantity"": 3, ""unit_price_eur"": 1.0, ""unit_purchase_price_eur"": 0.45, ""updated_at"": ""2026-05-05 19:21:37""}"
2026-05-08_224617;C:\Users\Dani\Documents\CODEX-Projects\drink_pos\data\drink_pos_dev.db;data;order_lines;29;"{""admin_only_snapshot"": 0, ""consumed_date"": ""2026-05-05"", ""created_at"": ""2026-05-05 19:21:30"", ""event_open"": 0, ""id"": 29, ""item_id"": 1, ""item_name_snapshot"": ""Bier gross"", ""item_short_label_snapshot"": ""Gross"", ""person_id"": 9, ""quantity"": 2, ""unit_price_eur"": 2.5, ""unit_purchase_price_eur"": 1.4, ""updated_at"": ""2026-05-05 19:21:37""}"
2026-05-08_224617;C:\Users\Dani\Documents\CODEX-Projects\drink_pos\data\drink_pos_dev.db;data;order_lines;30;"{""admin_only_snapshot"": 0, ""consumed_date"": ""2026-05-05"", ""created_at"": ""2026-05-05 19:21:30"", ""event_open"": 0, ""id"": 30, ""item_id"": 2, ""item_name_snapshot"": ""Bier klein"", ""item_short_label_snapshot"": ""Klein"", ""person_id"": 9, ""quantity"": 1, ""unit_price_eur"": 1.8, ""unit_purchase_price_eur"": 1.0, ""updated_at"": ""2026-05-05 19:21:37""}"
2026-05-08_224617;C:\Users\Dani\Documents\CODEX-Projects\drink_pos\data\drink_pos_dev.db;data;order_lines;31;"{""admin_only_snapshot"": 0, ""consumed_date"": ""2026-05-05"", ""created_at"": ""2026-05-05 19:21:30"", ""event_open"": 0, ""id"": 31, ""item_id"": 3, ""item_name_snapshot"": ""Limo"", ""item_short_label_snapshot"": ""Limo"", ""person_id"": 9, ""quantity"": 3, ""unit_price_eur"": 1.0, ""unit_purchase_price_eur"": 0.45, ""updated_at"": ""2026-05-05 19:21:37""}"
2026-05-08_224617;C:\Users\Dani\Documents\CODEX-Projects\drink_pos\data\drink_pos_dev.db;data;order_lines;32;"{""admin_only_snapshot"": 0, ""consumed_date"": ""2026-05-05"", ""created_at"": ""2026-05-05 19:21:30"", ""event_open"": 0, ""id"": 32, ""item_id"": 1, ""item_name_snapshot"": ""Bier gross"", ""item_short_label_snapshot"": ""Gross"", ""person_id"": 45, ""quantity"": 1, ""unit_price_eur"": 2.5, ""unit_purchase_price_eur"": 1.4, ""updated_at"": ""2026-05-05 19:21:37""}"
2026-05-08_224617;C:\Users\Dani\Documents\CODEX-Projects\drink_pos\data\drink_pos_dev.db;data;order_lines;33;"{""admin_only_snapshot"": 0, ""consumed_date"": ""2026-05-05"", ""created_at"": ""2026-05-05 19:21:30"", ""event_open"": 0, ""id"": 33, ""item_id"": 2, ""item_name_snapshot"": ""Bier klein"", ""item_short_label_snapshot"": ""Klein"", ""person_id"": 45, ""quantity"": 1, ""unit_price_eur"": 1.8, ""unit_purchase_price_eur"": 1.0, ""updated_at"": ""2026-05-05 19:21:37""}"
2026-05-08_224617;C:\Users\Dani\Documents\CODEX-Projects\drink_pos\data\drink_pos_dev.db;data;order_lines;34;"{""admin_only_snapshot"": 0, ""consumed_date"": ""2026-05-05"", ""created_at"": ""2026-05-05 19:21:30"", ""event_open"": 0, ""id"": 34, ""item_id"": 3, ""item_name_snapshot"": ""Limo"", ""item_short_label_snapshot"": ""Limo"", ""person_id"": 45, ""quantity"": 1, ""unit_price_eur"": 1.0, ""unit_purchase_price_eur"": 0.45, ""updated_at"": ""2026-05-05 19:21:37""}"
2026-05-08_224617;C:\Users\Dani\Documents\CODEX-Projects\drink_pos\data\drink_pos_dev.db;data;order_lines;35;"{""admin_only_snapshot"": 0, ""consumed_date"": ""2026-05-05"", ""created_at"": ""2026-05-05 19:21:30"", ""event_open"": 0, ""id"": 35, ""item_id"": 1, ""item_name_snapshot"": ""Bier gross"", ""item_short_label_snapshot"": ""Gross"", ""person_id"": 8, ""quantity"": 3, ""unit_price_eur"": 2.5, ""unit_purchase_price_eur"": 1.4, ""updated_at"": ""2026-05-05 19:21:37""}"
2026-05-08_224617;C:\Users\Dani\Documents\CODEX-Projects\drink_pos\data\drink_pos_dev.db;data;order_lines;36;"{""admin_only_snapshot"": 0, ""consumed_date"": ""2026-05-05"", ""created_at"": ""2026-05-05 19:21:30"", ""event_open"": 0, ""id"": 36, ""item_id"": 2, ""item_name_snapshot"": ""Bier klein"", ""item_short_label_snapshot"": ""Klein"", ""person_id"": 8, ""quantity"": 1, ""unit_price_eur"": 1.8, ""unit_purchase_price_eur"": 1.0, ""updated_at"": ""2026-05-05 19:21:37""}"
2026-05-08_224617;C:\Users\Dani\Documents\CODEX-Projects\drink_pos\data\drink_pos_dev.db;data;order_lines;37;"{""admin_only_snapshot"": 0, ""consumed_date"": ""2026-05-05"", ""created_at"": ""2026-05-05 19:21:30"", ""event_open"": 0, ""id"": 37, ""item_id"": 3, ""item_name_snapshot"": ""Limo"", ""item_short_label_snapshot"": ""Limo"", ""person_id"": 8, ""quantity"": 1, ""unit_price_eur"": 1.0, ""unit_purchase_price_eur"": 0.45, ""updated_at"": ""2026-05-05 19:21:37""}"
2026-05-08_224617;C:\Users\Dani\Documents\CODEX-Projects\drink_pos\data\drink_pos_dev.db;data;order_lines;38;"{""admin_only_snapshot"": 0, ""consumed_date"": ""2026-05-05"", ""created_at"": ""2026-05-05 19:21:30"", ""event_open"": 0, ""id"": 38, ""item_id"": 1, ""item_name_snapshot"": ""Bier gross"", ""item_short_label_snapshot"": ""Gross"", ""person_id"": 31, ""quantity"": 3, ""unit_price_eur"": 2.5, ""unit_purchase_price_eur"": 1.4, ""updated_at"": ""2026-05-05 19:21:37""}"
2026-05-08_224617;C:\Users\Dani\Documents\CODEX-Projects\drink_pos\data\drink_pos_dev.db;data;order_lines;39;"{""admin_only_snapshot"": 0, ""consumed_date"": ""2026-05-05"", ""created_at"": ""2026-05-05 19:21:30"", ""event_open"": 0, ""id"": 39, ""item_id"": 2, ""item_name_snapshot"": ""Bier klein"", ""item_short_label_snapshot"": ""Klein"", ""person_id"": 31, ""quantity"": 1, ""unit_price_eur"": 1.8, ""unit_purchase_price_eur"": 1.0, ""updated_at"": ""2026-05-05 19:21:37""}"
2026-05-08_224617;C:\Users\Dani\Documents\CODEX-Projects\drink_pos\data\drink_pos_dev.db;data;order_lines;40;"{""admin_only_snapshot"": 0, ""consumed_date"": ""2026-05-05"", ""created_at"": ""2026-05-05 19:21:30"", ""event_open"": 0, ""id"": 40, ""item_id"": 3, ""item_name_snapshot"": ""Limo"", ""item_short_label_snapshot"": ""Limo"", ""person_id"": 31, ""quantity"": 2, ""unit_price_eur"": 1.0, ""unit_purchase_price_eur"": 0.45, ""updated_at"": ""2026-05-05 19:21:37""}"
2026-05-08_224617;C:\Users\Dani\Documents\CODEX-Projects\drink_pos\data\drink_pos_dev.db;data;order_lines;41;"{""admin_only_snapshot"": 0, ""consumed_date"": ""2026-05-05"", ""created_at"": ""2026-05-05 19:21:30"", ""event_open"": 0, ""id"": 41, ""item_id"": 1, ""item_name_snapshot"": ""Bier gross"", ""item_short_label_snapshot"": ""Gross"", ""person_id"": 13, ""quantity"": 3, ""unit_price_eur"": 2.5, ""unit_purchase_price_eur"": 1.4, ""updated_at"": ""2026-05-05 19:21:37""}"
2026-05-08_224617;C:\Users\Dani\Documents\CODEX-Projects\drink_pos\data\drink_pos_dev.db;data;order_lines;42;"{""admin_only_snapshot"": 0, ""consumed_date"": ""2026-05-05"", ""created_at"": ""2026-05-05 19:21:30"", ""event_open"": 0, ""id"": 42, ""item_id"": 2, ""item_name_snapshot"": ""Bier klein"", ""item_short_label_snapshot"": ""Klein"", ""person_id"": 13, ""quantity"": 2, ""unit_price_eur"": 1.8, ""unit_purchase_price_eur"": 1.0, ""updated_at"": ""2026-05-05 19:21:37""}"
2026-05-08_224617;C:\Users\Dani\Documents\CODEX-Projects\drink_pos\data\drink_pos_dev.db;data;order_lines;43;"{""admin_only_snapshot"": 0, ""consumed_date"": ""2026-05-05"", ""created_at"": ""2026-05-05 19:21:30"", ""event_open"": 0, ""id"": 43, ""item_id"": 3, ""item_name_snapshot"": ""Limo"", ""item_short_label_snapshot"": ""Limo"", ""person_id"": 13, ""quantity"": 2, ""unit_price_eur"": 1.0, ""unit_purchase_price_eur"": 0.45, ""updated_at"": ""2026-05-05 19:21:37""}"
2026-05-08_224617;C:\Users\Dani\Documents\CODEX-Projects\drink_pos\data\drink_pos_dev.db;data;order_lines;44;"{""admin_only_snapshot"": 0, ""consumed_date"": ""2026-05-05"", ""created_at"": ""2026-05-05 19:21:30"", ""event_open"": 0, ""id"": 44, ""item_id"": 1, ""item_name_snapshot"": ""Bier gross"", ""item_short_label_snapshot"": ""Gross"", ""person_id"": 6, ""quantity"": 2, ""unit_price_eur"": 2.5, ""unit_purchase_price_eur"": 1.4, ""updated_at"": ""2026-05-05 19:21:37""}"
2026-05-08_224617;C:\Users\Dani\Documents\CODEX-Projects\drink_pos\data\drink_pos_dev.db;data;order_lines;45;"{""admin_only_snapshot"": 0, ""consumed_date"": ""2026-05-05"", ""created_at"": ""2026-05-05 19:21:30"", ""event_open"": 0, ""id"": 45, ""item_id"": 2, ""item_name_snapshot"": ""Bier klein"", ""item_short_label_snapshot"": ""Klein"", ""person_id"": 6, ""quantity"": 3, ""unit_price_eur"": 1.8, ""unit_purchase_price_eur"": 1.0, ""updated_at"": ""2026-05-05 19:21:37""}"
2026-05-08_224617;C:\Users\Dani\Documents\CODEX-Projects\drink_pos\data\drink_pos_dev.db;data;order_lines;46;"{""admin_only_snapshot"": 0, ""consumed_date"": ""2026-05-05"", ""created_at"": ""2026-05-05 19:21:30"", ""event_open"": 0, ""id"": 46, ""item_id"": 3, ""item_name_snapshot"": ""Limo"", ""item_short_label_snapshot"": ""Limo"", ""person_id"": 6, ""quantity"": 1, ""unit_price_eur"": 1.0, ""unit_purchase_price_eur"": 0.45, ""updated_at"": ""2026-05-05 19:21:37""}"
2026-05-08_224617;C:\Users\Dani\Documents\CODEX-Projects\drink_pos\data\drink_pos_dev.db;data;order_lines;47;"{""admin_only_snapshot"": 0, ""consumed_date"": ""2026-05-05"", ""created_at"": ""2026-05-05 19:21:30"", ""event_open"": 0, ""id"": 47, ""item_id"": 1, ""item_name_snapshot"": ""Bier gross"", ""item_short_label_snapshot"": ""Gross"", ""person_id"": 22, ""quantity"": 2, ""unit_price_eur"": 2.5, ""unit_purchase_price_eur"": 1.4, ""updated_at"": ""2026-05-05 19:21:37""}"
2026-05-08_224617;C:\Users\Dani\Documents\CODEX-Projects\drink_pos\data\drink_pos_dev.db;data;order_lines;48;"{""admin_only_snapshot"": 0, ""consumed_date"": ""2026-05-05"", ""created_at"": ""2026-05-05 19:21:30"", ""event_open"": 0, ""id"": 48, ""item_id"": 2, ""item_name_snapshot"": ""Bier klein"", ""item_short_label_snapshot"": ""Klein"", ""person_id"": 22, ""quantity"": 2, ""unit_price_eur"": 1.8, ""unit_purchase_price_eur"": 1.0, ""updated_at"": ""2026-05-05 19:21:37""}"
2026-05-08_224617;C:\Users\Dani\Documents\CODEX-Projects\drink_pos\data\drink_pos_dev.db;data;order_lines;49;"{""admin_only_snapshot"": 0, ""consumed_date"": ""2026-05-05"", ""created_at"": ""2026-05-05 19:21:30"", ""event_open"": 0, ""id"": 49, ""item_id"": 2, ""item_name_snapshot"": ""Bier klein"", ""item_short_label_snapshot"": ""Klein"", ""person_id"": 51, ""quantity"": 3, ""unit_price_eur"": 1.8, ""unit_purchase_price_eur"": 1.0, ""updated_at"": ""2026-05-05 19:21:37""}"
2026-05-08_224617;C:\Users\Dani\Documents\CODEX-Projects\drink_pos\data\drink_pos_dev.db;data;order_lines;50;"{""admin_only_snapshot"": 0, ""consumed_date"": ""2026-05-05"", ""created_at"": ""2026-05-05 19:21:30"", ""event_open"": 0, ""id"": 50, ""item_id"": 3, ""item_name_snapshot"": ""Limo"", ""item_short_label_snapshot"": ""Limo"", ""person_id"": 51, ""quantity"": 3, ""unit_price_eur"": 1.0, ""unit_purchase_price_eur"": 0.45, ""updated_at"": ""2026-05-05 19:21:37""}"
2026-05-08_224617;C:\Users\Dani\Documents\CODEX-Projects\drink_pos\data\drink_pos_dev.db;data;order_lines;51;"{""admin_only_snapshot"": 0, ""consumed_date"": ""2026-05-05"", ""created_at"": ""2026-05-05 19:21:30"", ""event_open"": 0, ""id"": 51, ""item_id"": 1, ""item_name_snapshot"": ""Bier gross"", ""item_short_label_snapshot"": ""Gross"", ""person_id"": 48, ""quantity"": 2, ""unit_price_eur"": 2.5, ""unit_purchase_price_eur"": 1.4, ""updated_at"": ""2026-05-05 19:21:37""}"
2026-05-08_224617;C:\Users\Dani\Documents\CODEX-Projects\drink_pos\data\drink_pos_dev.db;data;order_lines;52;"{""admin_only_snapshot"": 0, ""consumed_date"": ""2026-05-05"", ""created_at"": ""2026-05-05 19:21:30"", ""event_open"": 0, ""id"": 52, ""item_id"": 2, ""item_name_snapshot"": ""Bier klein"", ""item_short_label_snapshot"": ""Klein"", ""person_id"": 48, ""quantity"": 3, ""unit_price_eur"": 1.8, ""unit_purchase_price_eur"": 1.0, ""updated_at"": ""2026-05-05 19:21:37""}"
2026-05-08_224617;C:\Users\Dani\Documents\CODEX-Projects\drink_pos\data\drink_pos_dev.db;data;order_lines;53;"{""admin_only_snapshot"": 0, ""consumed_date"": ""2026-05-05"", ""created_at"": ""2026-05-05 19:21:30"", ""event_open"": 0, ""id"": 53, ""item_id"": 3, ""item_name_snapshot"": ""Limo"", ""item_short_label_snapshot"": ""Limo"", ""person_id"": 48, ""quantity"": 2, ""unit_price_eur"": 1.0, ""unit_purchase_price_eur"": 0.45, ""updated_at"": ""2026-05-05 19:21:37""}"
2026-05-08_224617;C:\Users\Dani\Documents\CODEX-Projects\drink_pos\data\drink_pos_dev.db;data;order_lines;54;"{""admin_only_snapshot"": 0, ""consumed_date"": ""2026-05-05"", ""created_at"": ""2026-05-05 19:21:30"", ""event_open"": 0, ""id"": 54, ""item_id"": 1, ""item_name_snapshot"": ""Bier gross"", ""item_short_label_snapshot"": ""Gross"", ""person_id"": 60, ""quantity"": 1, ""unit_price_eur"": 2.5, ""unit_purchase_price_eur"": 1.4, ""updated_at"": ""2026-05-05 19:21:37""}"
2026-05-08_224617;C:\Users\Dani\Documents\CODEX-Projects\drink_pos\data\drink_pos_dev.db;data;order_lines;55;"{""admin_only_snapshot"": 0, ""consumed_date"": ""2026-05-05"", ""created_at"": ""2026-05-05 19:21:30"", ""event_open"": 0, ""id"": 55, ""item_id"": 2, ""item_name_snapshot"": ""Bier klein"", ""item_short_label_snapshot"": ""Klein"", ""person_id"": 60, ""quantity"": 2, ""unit_price_eur"": 1.8, ""unit_purchase_price_eur"": 1.0, ""updated_at"": ""2026-05-05 19:21:37""}"
2026-05-08_224617;C:\Users\Dani\Documents\CODEX-Projects\drink_pos\data\drink_pos_dev.db;data;order_lines;56;"{""admin_only_snapshot"": 0, ""consumed_date"": ""2026-05-05"", ""created_at"": ""2026-05-05 19:21:30"", ""event_open"": 0, ""id"": 56, ""item_id"": 3, ""item_name_snapshot"": ""Limo"", ""item_short_label_snapshot"": ""Limo"", ""person_id"": 60, ""quantity"": 1, ""unit_price_eur"": 1.0, ""unit_purchase_price_eur"": 0.45, ""updated_at"": ""2026-05-05 19:21:37""}"
2026-05-08_224617;C:\Users\Dani\Documents\CODEX-Projects\drink_pos\data\drink_pos_dev.db;data;order_lines;57;"{""admin_only_snapshot"": 0, ""consumed_date"": ""2026-05-05"", ""created_at"": ""2026-05-05 19:21:30"", ""event_open"": 0, ""id"": 57, ""item_id"": 2, ""item_name_snapshot"": ""Bier klein"", ""item_short_label_snapshot"": ""Klein"", ""person_id"": 28, ""quantity"": 2, ""unit_price_eur"": 1.8, ""unit_purchase_price_eur"": 1.0, ""updated_at"": ""2026-05-05 19:21:37""}"
2026-05-08_224617;C:\Users\Dani\Documents\CODEX-Projects\drink_pos\data\drink_pos_dev.db;data;order_lines;58;"{""admin_only_snapshot"": 0, ""consumed_date"": ""2026-05-05"", ""created_at"": ""2026-05-05 19:21:30"", ""event_open"": 0, ""id"": 58, ""item_id"": 1, ""item_name_snapshot"": ""Bier gross"", ""item_short_label_snapshot"": ""Gross"", ""person_id"": 16, ""quantity"": 3, ""unit_price_eur"": 2.5, ""unit_purchase_price_eur"": 1.4, ""updated_at"": ""2026-05-05 19:21:37""}"
2026-05-08_224617;C:\Users\Dani\Documents\CODEX-Projects\drink_pos\data\drink_pos_dev.db;data;order_lines;59;"{""admin_only_snapshot"": 0, ""consumed_date"": ""2026-05-05"", ""created_at"": ""2026-05-05 19:21:30"", ""event_open"": 0, ""id"": 59, ""item_id"": 3, ""item_name_snapshot"": ""Limo"", ""item_short_label_snapshot"": ""Limo"", ""person_id"": 16, ""quantity"": 3, ""unit_price_eur"": 1.0, ""unit_purchase_price_eur"": 0.45, ""updated_at"": ""2026-05-05 19:21:37""}"
2026-05-08_224617;C:\Users\Dani\Documents\CODEX-Projects\drink_pos\data\drink_pos_dev.db;data;order_lines;60;"{""admin_only_snapshot"": 0, ""consumed_date"": ""2026-05-05"", ""created_at"": ""2026-05-05 19:54:54"", ""event_open"": 0, ""id"": 60, ""item_id"": 1, ""item_name_snapshot"": ""Bier gross"", ""item_short_label_snapshot"": ""Gross"", ""person_id"": 5, ""quantity"": 0, ""unit_price_eur"": 2.5, ""unit_purchase_price_eur"": 1.4, ""updated_at"": ""2026-05-05 21:23:09""}"
2026-05-08_224617;C:\Users\Dani\Documents\CODEX-Projects\drink_pos\data\drink_pos_dev.db;data;order_lines;61;"{""admin_only_snapshot"": 0, ""consumed_date"": ""2026-05-05"", ""created_at"": ""2026-05-05 19:54:54"", ""event_open"": 0, ""id"": 61, ""item_id"": 2, ""item_name_snapshot"": ""Bier klein"", ""item_short_label_snapshot"": ""Klein"", ""person_id"": 5, ""quantity"": 0, ""unit_price_eur"": 1.8, ""unit_purchase_price_eur"": 1.0, ""updated_at"": ""2026-05-05 21:23:09""}"
2026-05-08_224617;C:\Users\Dani\Documents\CODEX-Projects\drink_pos\data\drink_pos_dev.db;data;order_lines;62;"{""admin_only_snapshot"": 0, ""consumed_date"": ""2026-05-05"", ""created_at"": ""2026-05-05 19:54:55"", ""event_open"": 0, ""id"": 62, ""item_id"": 3, ""item_name_snapshot"": ""Limo"", ""item_short_label_snapshot"": ""Limo"", ""person_id"": 5, ""quantity"": 0, ""unit_price_eur"": 1.0, ""unit_purchase_price_eur"": 0.45, ""updated_at"": ""2026-05-05 21:23:09""}"
2026-05-08_224617;C:\Users\Dani\Documents\CODEX-Projects\drink_pos\data\drink_pos_dev.db;data;order_lines;63;"{""admin_only_snapshot"": 0, ""consumed_date"": ""2026-05-05"", ""created_at"": ""2026-05-05 19:56:45"", ""event_open"": 1, ""id"": 63, ""item_id"": 2, ""item_name_snapshot"": ""Bier klein"", ""item_short_label_snapshot"": ""Klein"", ""person_id"": 61, ""quantity"": 0, ""unit_price_eur"": 1.8, ""unit_purchase_price_eur"": 1.0, ""updated_at"": ""2026-05-05 20:25:30""}"
2026-05-08_224617;C:\Users\Dani\Documents\CODEX-Projects\drink_pos\data\drink_pos_dev.db;data;order_lines;64;"{""admin_only_snapshot"": 0, ""consumed_date"": ""2026-05-05"", ""created_at"": ""2026-05-05 19:56:46"", ""event_open"": 1, ""id"": 64, ""item_id"": 1, ""item_name_snapshot"": ""Bier gross"", ""item_short_label_snapshot"": ""Gross"", ""person_id"": 61, ""quantity"": 0, ""unit_price_eur"": 2.5, ""unit_purchase_price_eur"": 1.4, ""updated_at"": ""2026-05-05 20:25:30""}"
2026-05-08_224617;C:\Users\Dani\Documents\CODEX-Projects\drink_pos\data\drink_pos_dev.db;data;order_lines;65;"{""admin_only_snapshot"": 1, ""consumed_date"": ""2026-05-05"", ""created_at"": ""2026-05-05 19:56:46"", ""event_open"": 0, ""id"": 65, ""item_id"": 4, ""item_name_snapshot"": ""1 Runde"", ""item_short_label_snapshot"": ""Runde"", ""person_id"": 61, ""quantity"": 1, ""unit_price_eur"": 40.0, ""unit_purchase_price_eur"": 0.0, ""updated_at"": ""2026-05-05 20:25:30""}"
2026-05-08_224617;C:\Users\Dani\Documents\CODEX-Projects\drink_pos\data\drink_pos_dev.db;data;order_lines;66;"{""admin_only_snapshot"": 0, ""consumed_date"": ""2026-05-05"", ""created_at"": ""2026-05-05 19:58:49"", ""event_open"": 1, ""id"": 66, ""item_id"": 1, ""item_name_snapshot"": ""Bier gross"", ""item_short_label_snapshot"": ""Gross"", ""person_id"": 55, ""quantity"": 0, ""unit_price_eur"": 2.5, ""unit_purchase_price_eur"": 1.4, ""updated_at"": ""2026-05-05 20:25:30""}"
2026-05-08_224617;C:\Users\Dani\Documents\CODEX-Projects\drink_pos\data\drink_pos_dev.db;data;order_lines;67;"{""admin_only_snapshot"": 0, ""consumed_date"": ""2026-05-05"", ""created_at"": ""2026-05-05 19:58:49"", ""event_open"": 1, ""id"": 67, ""item_id"": 2, ""item_name_snapshot"": ""Bier klein"", ""item_short_label_snapshot"": ""Klein"", ""person_id"": 55, ""quantity"": 0, ""unit_price_eur"": 1.8, ""unit_purchase_price_eur"": 1.0, ""updated_at"": ""2026-05-05 20:25:30""}"
2026-05-08_224617;C:\Users\Dani\Documents\CODEX-Projects\drink_pos\data\drink_pos_dev.db;data;order_lines;68;"{""admin_only_snapshot"": 0, ""consumed_date"": ""2026-05-05"", ""created_at"": ""2026-05-05 19:58:49"", ""event_open"": 1, ""id"": 68, ""item_id"": 3, ""item_name_snapshot"": ""Limo"", ""item_short_label_snapshot"": ""Limo"", ""person_id"": 55, ""quantity"": 0, ""unit_price_eur"": 1.0, ""unit_purchase_price_eur"": 0.45, ""updated_at"": ""2026-05-05 20:25:30""}"
2026-05-08_224617;C:\Users\Dani\Documents\CODEX-Projects\drink_pos\data\drink_pos_dev.db;data;order_lines;69;"{""admin_only_snapshot"": 1, ""consumed_date"": ""2026-05-05"", ""created_at"": ""2026-05-05 19:59:05"", ""event_open"": 0, ""id"": 69, ""item_id"": 4, ""item_name_snapshot"": ""1 Runde"", ""item_short_label_snapshot"": ""Runde"", ""person_id"": 55, ""quantity"": 1, ""unit_price_eur"": 40.0, ""unit_purchase_price_eur"": 0.0, ""updated_at"": ""2026-05-05 20:25:30""}"
2026-05-08_224617;C:\Users\Dani\Documents\CODEX-Projects\drink_pos\data\drink_pos_dev.db;data;order_lines;70;"{""admin_only_snapshot"": 0, ""consumed_date"": ""2026-05-05"", ""created_at"": ""2026-05-05 20:04:56"", ""event_open"": 1, ""id"": 70, ""item_id"": 2, ""item_name_snapshot"": ""Bier klein"", ""item_short_label_snapshot"": ""Klein"", ""person_id"": 32, ""quantity"": 0, ""unit_price_eur"": 1.8, ""unit_purchase_price_eur"": 1.0, ""updated_at"": ""2026-05-05 20:25:30""}"
2026-05-08_224617;C:\Users\Dani\Documents\CODEX-Projects\drink_pos\data\drink_pos_dev.db;data;order_lines;71;"{""admin_only_snapshot"": 0, ""consumed_date"": ""2026-05-05"", ""created_at"": ""2026-05-05 20:04:56"", ""event_open"": 1, ""id"": 71, ""item_id"": 1, ""item_name_snapshot"": ""Bier gross"", ""item_short_label_snapshot"": ""Gross"", ""person_id"": 32, ""quantity"": 0, ""unit_price_eur"": 2.5, ""unit_purchase_price_eur"": 1.4, ""updated_at"": ""2026-05-05 20:25:30""}"
2026-05-08_224617;C:\Users\Dani\Documents\CODEX-Projects\drink_pos\data\drink_pos_dev.db;data;order_lines;72;"{""admin_only_snapshot"": 1, ""consumed_date"": ""2026-05-05"", ""created_at"": ""2026-05-05 20:20:18"", ""event_open"": 0, ""id"": 72, ""item_id"": 4, ""item_name_snapshot"": ""1 Runde"", ""item_short_label_snapshot"": ""Runde"", ""person_id"": 33, ""quantity"": 2, ""unit_price_eur"": 40.0, ""unit_purchase_price_eur"": 0.0, ""updated_at"": ""2026-05-05 20:25:30""}"
2026-05-08_224617;C:\Users\Dani\Documents\CODEX-Projects\drink_pos\data\drink_pos_dev.db;data;order_lines;73;"{""admin_only_snapshot"": 1, ""consumed_date"": ""2026-05-05"", ""created_at"": ""2026-05-05 20:25:51"", ""event_open"": 0, ""id"": 73, ""item_id"": 4, ""item_name_snapshot"": ""1 Runde"", ""item_short_label_snapshot"": ""Runde"", ""person_id"": 33, ""quantity"": 1, ""unit_price_eur"": 40.0, ""unit_purchase_price_eur"": 0.0, ""updated_at"": ""2026-05-05 21:20:26""}"
2026-05-08_224617;C:\Users\Dani\Documents\CODEX-Projects\drink_pos\data\drink_pos_dev.db;data;order_lines;74;"{""admin_only_snapshot"": 0, ""consumed_date"": ""2026-05-05"", ""created_at"": ""2026-05-05 20:25:57"", ""event_open"": 1, ""id"": 74, ""item_id"": 3, ""item_name_snapshot"": ""Limo"", ""item_short_label_snapshot"": ""Limo"", ""person_id"": 32, ""quantity"": 0, ""unit_price_eur"": 1.0, ""unit_purchase_price_eur"": 0.45, ""updated_at"": ""2026-05-05 21:20:26""}"
2026-05-08_224617;C:\Users\Dani\Documents\CODEX-Projects\drink_pos\data\drink_pos_dev.db;data;order_lines;75;"{""admin_only_snapshot"": 0, ""consumed_date"": ""2026-05-05"", ""created_at"": ""2026-05-05 21:19:18"", ""event_open"": 0, ""id"": 75, ""item_id"": 2, ""item_name_snapshot"": ""Bier klein"", ""item_short_label_snapshot"": ""Klein"", ""person_id"": 59, ""quantity"": 1, ""unit_price_eur"": 1.8, ""unit_purchase_price_eur"": 1.0, ""updated_at"": ""2026-05-05 21:20:26""}"
2026-05-08_224617;C:\Users\Dani\Documents\CODEX-Projects\drink_pos\data\drink_pos_dev.db;data;order_lines;76;"{""admin_only_snapshot"": 0, ""consumed_date"": ""2026-05-05"", ""created_at"": ""2026-05-05 21:19:18"", ""event_open"": 1, ""id"": 76, ""item_id"": 3, ""item_name_snapshot"": ""Limo"", ""item_short_label_snapshot"": ""Limo"", ""person_id"": 59, ""quantity"": 0, ""unit_price_eur"": 1.0, ""unit_purchase_price_eur"": 0.45, ""updated_at"": ""2026-05-05 21:20:26""}"
2026-05-08_224617;C:\Users\Dani\Documents\CODEX-Projects\drink_pos\data\drink_pos_dev.db;data;order_lines;77;"{""admin_only_snapshot"": 0, ""consumed_date"": ""2026-05-05"", ""created_at"": ""2026-05-05 21:19:18"", ""event_open"": 0, ""id"": 77, ""item_id"": 1, ""item_name_snapshot"": ""Bier gross"", ""item_short_label_snapshot"": ""Gross"", ""person_id"": 12, ""quantity"": 4, ""unit_price_eur"": 2.5, ""unit_purchase_price_eur"": 1.4, ""updated_at"": ""2026-05-05 21:20:26""}"
2026-05-08_224617;C:\Users\Dani\Documents\CODEX-Projects\drink_pos\data\drink_pos_dev.db;data;order_lines;78;"{""admin_only_snapshot"": 0, ""consumed_date"": ""2026-05-05"", ""created_at"": ""2026-05-05 21:19:18"", ""event_open"": 0, ""id"": 78, ""item_id"": 2, ""item_name_snapshot"": ""Bier klein"", ""item_short_label_snapshot"": ""Klein"", ""person_id"": 12, ""quantity"": 3, ""unit_price_eur"": 1.8, ""unit_purchase_price_eur"": 1.0, ""updated_at"": ""2026-05-05 21:20:26""}"
2026-05-08_224617;C:\Users\Dani\Documents\CODEX-Projects\drink_pos\data\drink_pos_dev.db;data;order_lines;79;"{""admin_only_snapshot"": 0, ""consumed_date"": ""2026-05-05"", ""created_at"": ""2026-05-05 21:19:18"", ""event_open"": 0, ""id"": 79, ""item_id"": 3, ""item_name_snapshot"": ""Limo"", ""item_short_label_snapshot"": ""Limo"", ""person_id"": 12, ""quantity"": 3, ""unit_price_eur"": 1.0, ""unit_purchase_price_eur"": 0.45, ""updated_at"": ""2026-05-05 21:20:26""}"
2026-05-08_224617;C:\Users\Dani\Documents\CODEX-Projects\drink_pos\data\drink_pos_dev.db;data;order_lines;80;"{""admin_only_snapshot"": 0, ""consumed_date"": ""2026-05-05"", ""created_at"": ""2026-05-05 21:19:18"", ""event_open"": 0, ""id"": 80, ""item_id"": 1, ""item_name_snapshot"": ""Bier gross"", ""item_short_label_snapshot"": ""Gross"", ""person_id"": 26, ""quantity"": 2, ""unit_price_eur"": 2.5, ""unit_purchase_price_eur"": 1.4, ""updated_at"": ""2026-05-05 21:20:26""}"
2026-05-08_224617;C:\Users\Dani\Documents\CODEX-Projects\drink_pos\data\drink_pos_dev.db;data;order_lines;81;"{""admin_only_snapshot"": 0, ""consumed_date"": ""2026-05-05"", ""created_at"": ""2026-05-05 21:19:18"", ""event_open"": 0, ""id"": 81, ""item_id"": 2, ""item_name_snapshot"": ""Bier klein"", ""item_short_label_snapshot"": ""Klein"", ""person_id"": 26, ""quantity"": 3, ""unit_price_eur"": 1.8, ""unit_purchase_price_eur"": 1.0, ""updated_at"": ""2026-05-05 21:20:26""}"
2026-05-08_224617;C:\Users\Dani\Documents\CODEX-Projects\drink_pos\data\drink_pos_dev.db;data;order_lines;82;"{""admin_only_snapshot"": 0, ""consumed_date"": ""2026-05-05"", ""created_at"": ""2026-05-05 21:19:18"", ""event_open"": 0, ""id"": 82, ""item_id"": 3, ""item_name_snapshot"": ""Limo"", ""item_short_label_snapshot"": ""Limo"", ""person_id"": 26, ""quantity"": 2, ""unit_price_eur"": 1.0, ""unit_purchase_price_eur"": 0.45, ""updated_at"": ""2026-05-05 21:20:26""}"
2026-05-08_224617;C:\Users\Dani\Documents\CODEX-Projects\drink_pos\data\drink_pos_dev.db;data;order_lines;83;"{""admin_only_snapshot"": 0, ""consumed_date"": ""2026-05-05"", ""created_at"": ""2026-05-05 21:19:18"", ""event_open"": 0, ""id"": 83, ""item_id"": 2, ""item_name_snapshot"": ""Bier klein"", ""item_short_label_snapshot"": ""Klein"", ""person_id"": 38, ""quantity"": 1, ""unit_price_eur"": 1.8, ""unit_purchase_price_eur"": 1.0, ""updated_at"": ""2026-05-05 21:20:26""}"
2026-05-08_224617;C:\Users\Dani\Documents\CODEX-Projects\drink_pos\data\drink_pos_dev.db;data;order_lines;84;"{""admin_only_snapshot"": 0, ""consumed_date"": ""2026-05-05"", ""created_at"": ""2026-05-05 21:19:18"", ""event_open"": 1, ""id"": 84, ""item_id"": 3, ""item_name_snapshot"": ""Limo"", ""item_short_label_snapshot"": ""Limo"", ""person_id"": 38, ""quantity"": 0, ""unit_price_eur"": 1.0, ""unit_purchase_price_eur"": 0.45, ""updated_at"": ""2026-05-05 21:20:26""}"
2026-05-08_224617;C:\Users\Dani\Documents\CODEX-Projects\drink_pos\data\drink_pos_dev.db;data;order_lines;85;"{""admin_only_snapshot"": 0, ""consumed_date"": ""2026-05-05"", ""created_at"": ""2026-05-05 21:19:18"", ""event_open"": 0, ""id"": 85, ""item_id"": 1, ""item_name_snapshot"": ""Bier gross"", ""item_short_label_snapshot"": ""Gross"", ""person_id"": 21, ""quantity"": 1, ""unit_price_eur"": 2.5, ""unit_purchase_price_eur"": 1.4, ""updated_at"": ""2026-05-05 21:20:26""}"
2026-05-08_224617;C:\Users\Dani\Documents\CODEX-Projects\drink_pos\data\drink_pos_dev.db;data;order_lines;86;"{""admin_only_snapshot"": 0, ""consumed_date"": ""2026-05-05"", ""created_at"": ""2026-05-05 21:19:18"", ""event_open"": 0, ""id"": 86, ""item_id"": 3, ""item_name_snapshot"": ""Limo"", ""item_short_label_snapshot"": ""Limo"", ""person_id"": 21, ""quantity"": 1, ""unit_price_eur"": 1.0, ""unit_purchase_price_eur"": 0.45, ""updated_at"": ""2026-05-05 21:20:26""}"
2026-05-08_224617;C:\Users\Dani\Documents\CODEX-Projects\drink_pos\data\drink_pos_dev.db;data;order_lines;87;"{""admin_only_snapshot"": 0, ""consumed_date"": ""2026-05-05"", ""created_at"": ""2026-05-05 21:19:18"", ""event_open"": 0, ""id"": 87, ""item_id"": 1, ""item_name_snapshot"": ""Bier gross"", ""item_short_label_snapshot"": ""Gross"", ""person_id"": 36, ""quantity"": 3, ""unit_price_eur"": 2.5, ""unit_purchase_price_eur"": 1.4, ""updated_at"": ""2026-05-05 21:20:26""}"
2026-05-08_224617;C:\Users\Dani\Documents\CODEX-Projects\drink_pos\data\drink_pos_dev.db;data;order_lines;88;"{""admin_only_snapshot"": 0, ""consumed_date"": ""2026-05-05"", ""created_at"": ""2026-05-05 21:19:18"", ""event_open"": 0, ""id"": 88, ""item_id"": 2, ""item_name_snapshot"": ""Bier klein"", ""item_short_label_snapshot"": ""Klein"", ""person_id"": 36, ""quantity"": 1, ""unit_price_eur"": 1.8, ""unit_purchase_price_eur"": 1.0, ""updated_at"": ""2026-05-05 21:20:26""}"
2026-05-08_224617;C:\Users\Dani\Documents\CODEX-Projects\drink_pos\data\drink_pos_dev.db;data;order_lines;89;"{""admin_only_snapshot"": 0, ""consumed_date"": ""2026-05-05"", ""created_at"": ""2026-05-05 21:19:18"", ""event_open"": 0, ""id"": 89, ""item_id"": 3, ""item_name_snapshot"": ""Limo"", ""item_short_label_snapshot"": ""Limo"", ""person_id"": 36, ""quantity"": 2, ""unit_price_eur"": 1.0, ""unit_purchase_price_eur"": 0.45, ""updated_at"": ""2026-05-05 21:20:26""}"
2026-05-08_224617;C:\Users\Dani\Documents\CODEX-Projects\drink_pos\data\drink_pos_dev.db;data;order_lines;90;"{""admin_only_snapshot"": 0, ""consumed_date"": ""2026-05-05"", ""created_at"": ""2026-05-05 21:19:18"", ""event_open"": 0, ""id"": 90, ""item_id"": 1, ""item_name_snapshot"": ""Bier gross"", ""item_short_label_snapshot"": ""Gross"", ""person_id"": 3, ""quantity"": 3, ""unit_price_eur"": 2.5, ""unit_purchase_price_eur"": 1.4, ""updated_at"": ""2026-05-05 21:20:26""}"
2026-05-08_224617;C:\Users\Dani\Documents\CODEX-Projects\drink_pos\data\drink_pos_dev.db;data;order_lines;91;"{""admin_only_snapshot"": 0, ""consumed_date"": ""2026-05-05"", ""created_at"": ""2026-05-05 21:19:18"", ""event_open"": 0, ""id"": 91, ""item_id"": 2, ""item_name_snapshot"": ""Bier klein"", ""item_short_label_snapshot"": ""Klein"", ""person_id"": 3, ""quantity"": 1, ""unit_price_eur"": 1.8, ""unit_purchase_price_eur"": 1.0, ""updated_at"": ""2026-05-05 21:20:26""}"
2026-05-08_224617;C:\Users\Dani\Documents\CODEX-Projects\drink_pos\data\drink_pos_dev.db;data;order_lines;92;"{""admin_only_snapshot"": 0, ""consumed_date"": ""2026-05-05"", ""created_at"": ""2026-05-05 21:19:18"", ""event_open"": 0, ""id"": 92, ""item_id"": 2, ""item_name_snapshot"": ""Bier klein"", ""item_short_label_snapshot"": ""Klein"", ""person_id"": 11, ""quantity"": 1, ""unit_price_eur"": 1.8, ""unit_purchase_price_eur"": 1.0, ""updated_at"": ""2026-05-05 21:20:26""}"
2026-05-08_224617;C:\Users\Dani\Documents\CODEX-Projects\drink_pos\data\drink_pos_dev.db;data;order_lines;93;"{""admin_only_snapshot"": 0, ""consumed_date"": ""2026-05-05"", ""created_at"": ""2026-05-05 21:19:18"", ""event_open"": 1, ""id"": 93, ""item_id"": 3, ""item_name_snapshot"": ""Limo"", ""item_short_label_snapshot"": ""Limo"", ""person_id"": 11, ""quantity"": 0, ""unit_price_eur"": 1.0, ""unit_purchase_price_eur"": 0.45, ""updated_at"": ""2026-05-05 21:20:26""}"
2026-05-08_224617;C:\Users\Dani\Documents\CODEX-Projects\drink_pos\data\drink_pos_dev.db;data;order_lines;94;"{""admin_only_snapshot"": 0, ""consumed_date"": ""2026-05-05"", ""created_at"": ""2026-05-05 21:19:18"", ""event_open"": 0, ""id"": 94, ""item_id"": 1, ""item_name_snapshot"": ""Bier gross"", ""item_short_label_snapshot"": ""Gross"", ""person_id"": 54, ""quantity"": 2, ""unit_price_eur"": 2.5, ""unit_purchase_price_eur"": 1.4, ""updated_at"": ""2026-05-05 21:20:26""}"
2026-05-08_224617;C:\Users\Dani\Documents\CODEX-Projects\drink_pos\data\drink_pos_dev.db;data;order_lines;95;"{""admin_only_snapshot"": 0, ""consumed_date"": ""2026-05-05"", ""created_at"": ""2026-05-05 21:19:18"", ""event_open"": 0, ""id"": 95, ""item_id"": 2, ""item_name_snapshot"": ""Bier klein"", ""item_short_label_snapshot"": ""Klein"", ""person_id"": 54, ""quantity"": 3, ""unit_price_eur"": 1.8, ""unit_purchase_price_eur"": 1.0, ""updated_at"": ""2026-05-05 21:20:26""}"
2026-05-08_224617;C:\Users\Dani\Documents\CODEX-Projects\drink_pos\data\drink_pos_dev.db;data;order_lines;96;"{""admin_only_snapshot"": 0, ""consumed_date"": ""2026-05-05"", ""created_at"": ""2026-05-05 21:19:18"", ""event_open"": 0, ""id"": 96, ""item_id"": 3, ""item_name_snapshot"": ""Limo"", ""item_short_label_snapshot"": ""Limo"", ""person_id"": 54, ""quantity"": 1, ""unit_price_eur"": 1.0, ""unit_purchase_price_eur"": 0.45, ""updated_at"": ""2026-05-05 21:20:26""}"
2026-05-08_224617;C:\Users\Dani\Documents\CODEX-Projects\drink_pos\data\drink_pos_dev.db;data;order_lines;97;"{""admin_only_snapshot"": 0, ""consumed_date"": ""2026-05-05"", ""created_at"": ""2026-05-05 21:19:18"", ""event_open"": 0, ""id"": 97, ""item_id"": 1, ""item_name_snapshot"": ""Bier gross"", ""item_short_label_snapshot"": ""Gross"", ""person_id"": 14, ""quantity"": 2, ""unit_price_eur"": 2.5, ""unit_purchase_price_eur"": 1.4, ""updated_at"": ""2026-05-05 21:20:26""}"
2026-05-08_224617;C:\Users\Dani\Documents\CODEX-Projects\drink_pos\data\drink_pos_dev.db;data;order_lines;98;"{""admin_only_snapshot"": 0, ""consumed_date"": ""2026-05-05"", ""created_at"": ""2026-05-05 21:19:18"", ""event_open"": 0, ""id"": 98, ""item_id"": 2, ""item_name_snapshot"": ""Bier klein"", ""item_short_label_snapshot"": ""Klein"", ""person_id"": 14, ""quantity"": 3, ""unit_price_eur"": 1.8, ""unit_purchase_price_eur"": 1.0, ""updated_at"": ""2026-05-05 21:20:26""}"
2026-05-08_224617;C:\Users\Dani\Documents\CODEX-Projects\drink_pos\data\drink_pos_dev.db;data;order_lines;99;"{""admin_only_snapshot"": 0, ""consumed_date"": ""2026-05-05"", ""created_at"": ""2026-05-05 21:19:18"", ""event_open"": 0, ""id"": 99, ""item_id"": 3, ""item_name_snapshot"": ""Limo"", ""item_short_label_snapshot"": ""Limo"", ""person_id"": 14, ""quantity"": 2, ""unit_price_eur"": 1.0, ""unit_purchase_price_eur"": 0.45, ""updated_at"": ""2026-05-05 21:20:26""}"
2026-05-08_224617;C:\Users\Dani\Documents\CODEX-Projects\drink_pos\data\drink_pos_dev.db;data;order_lines;100;"{""admin_only_snapshot"": 0, ""consumed_date"": ""2026-05-05"", ""created_at"": ""2026-05-05 21:19:18"", ""event_open"": 0, ""id"": 100, ""item_id"": 2, ""item_name_snapshot"": ""Bier klein"", ""item_short_label_snapshot"": ""Klein"", ""person_id"": 57, ""quantity"": 2, ""unit_price_eur"": 1.8, ""unit_purchase_price_eur"": 1.0, ""updated_at"": ""2026-05-05 21:20:26""}"
2026-05-08_224617;C:\Users\Dani\Documents\CODEX-Projects\drink_pos\data\drink_pos_dev.db;data;order_lines;101;"{""admin_only_snapshot"": 0, ""consumed_date"": ""2026-05-05"", ""created_at"": ""2026-05-05 21:19:18"", ""event_open"": 0, ""id"": 101, ""item_id"": 3, ""item_name_snapshot"": ""Limo"", ""item_short_label_snapshot"": ""Limo"", ""person_id"": 57, ""quantity"": 3, ""unit_price_eur"": 1.0, ""unit_purchase_price_eur"": 0.45, ""updated_at"": ""2026-05-05 21:20:26""}"
2026-05-08_224617;C:\Users\Dani\Documents\CODEX-Projects\drink_pos\data\drink_pos_dev.db;data;order_lines;102;"{""admin_only_snapshot"": 0, ""consumed_date"": ""2026-05-05"", ""created_at"": ""2026-05-05 21:19:18"", ""event_open"": 0, ""id"": 102, ""item_id"": 1, ""item_name_snapshot"": ""Bier gross"", ""item_short_label_snapshot"": ""Gross"", ""person_id"": 40, ""quantity"": 3, ""unit_price_eur"": 2.5, ""unit_purchase_price_eur"": 1.4, ""updated_at"": ""2026-05-05 21:20:26""}"
2026-05-08_224617;C:\Users\Dani\Documents\CODEX-Projects\drink_pos\data\drink_pos_dev.db;data;order_lines;103;"{""admin_only_snapshot"": 0, ""consumed_date"": ""2026-05-05"", ""created_at"": ""2026-05-05 21:19:18"", ""event_open"": 0, ""id"": 103, ""item_id"": 2, ""item_name_snapshot"": ""Bier klein"", ""item_short_label_snapshot"": ""Klein"", ""person_id"": 40, ""quantity"": 1, ""unit_price_eur"": 1.8, ""unit_purchase_price_eur"": 1.0, ""updated_at"": ""2026-05-05 21:20:26""}"
2026-05-08_224617;C:\Users\Dani\Documents\CODEX-Projects\drink_pos\data\drink_pos_dev.db;data;order_lines;104;"{""admin_only_snapshot"": 0, ""consumed_date"": ""2026-05-05"", ""created_at"": ""2026-05-05 21:19:18"", ""event_open"": 1, ""id"": 104, ""item_id"": 3, ""item_name_snapshot"": ""Limo"", ""item_short_label_snapshot"": ""Limo"", ""person_id"": 40, ""quantity"": 0, ""unit_price_eur"": 1.0, ""unit_purchase_price_eur"": 0.45, ""updated_at"": ""2026-05-05 21:20:26""}"
2026-05-08_224617;C:\Users\Dani\Documents\CODEX-Projects\drink_pos\data\drink_pos_dev.db;data;order_lines;105;"{""admin_only_snapshot"": 0, ""consumed_date"": ""2026-05-05"", ""created_at"": ""2026-05-05 21:19:20"", ""event_open"": 0, ""id"": 105, ""item_id"": 1, ""item_name_snapshot"": ""Bier gross"", ""item_short_label_snapshot"": ""Gross"", ""person_id"": 1, ""quantity"": 2, ""unit_price_eur"": 2.5, ""unit_purchase_price_eur"": 1.4, ""updated_at"": ""2026-05-05 21:20:26""}"
2026-05-08_224617;C:\Users\Dani\Documents\CODEX-Projects\drink_pos\data\drink_pos_dev.db;data;order_lines;106;"{""admin_only_snapshot"": 0, ""consumed_date"": ""2026-05-05"", ""created_at"": ""2026-05-05 21:19:20"", ""event_open"": 0, ""id"": 106, ""item_id"": 2, ""item_name_snapshot"": ""Bier klein"", ""item_short_label_snapshot"": ""Klein"", ""person_id"": 1, ""quantity"": 2, ""unit_price_eur"": 1.8, ""unit_purchase_price_eur"": 1.0, ""updated_at"": ""2026-05-05 21:20:26""}"
2026-05-08_224617;C:\Users\Dani\Documents\CODEX-Projects\drink_pos\data\drink_pos_dev.db;data;order_lines;107;"{""admin_only_snapshot"": 0, ""consumed_date"": ""2026-05-05"", ""created_at"": ""2026-05-05 21:19:20"", ""event_open"": 0, ""id"": 107, ""item_id"": 3, ""item_name_snapshot"": ""Limo"", ""item_short_label_snapshot"": ""Limo"", ""person_id"": 1, ""quantity"": 2, ""unit_price_eur"": 1.0, ""unit_purchase_price_eur"": 0.45, ""updated_at"": ""2026-05-05 21:20:26""}"
2026-05-08_224617;C:\Users\Dani\Documents\CODEX-Projects\drink_pos\data\drink_pos_dev.db;data;order_lines;108;"{""admin_only_snapshot"": 0, ""consumed_date"": ""2026-05-05"", ""created_at"": ""2026-05-05 21:19:20"", ""event_open"": 0, ""id"": 108, ""item_id"": 1, ""item_name_snapshot"": ""Bier gross"", ""item_short_label_snapshot"": ""Gross"", ""person_id"": 55, ""quantity"": 3, ""unit_price_eur"": 2.5, ""unit_purchase_price_eur"": 1.4, ""updated_at"": ""2026-05-05 21:20:26""}"
2026-05-08_224617;C:\Users\Dani\Documents\CODEX-Projects\drink_pos\data\drink_pos_dev.db;data;order_lines;109;"{""admin_only_snapshot"": 0, ""consumed_date"": ""2026-05-05"", ""created_at"": ""2026-05-05 21:19:20"", ""event_open"": 0, ""id"": 109, ""item_id"": 2, ""item_name_snapshot"": ""Bier klein"", ""item_short_label_snapshot"": ""Klein"", ""person_id"": 55, ""quantity"": 3, ""unit_price_eur"": 1.8, ""unit_purchase_price_eur"": 1.0, ""updated_at"": ""2026-05-05 21:20:26""}"
2026-05-08_224617;C:\Users\Dani\Documents\CODEX-Projects\drink_pos\data\drink_pos_dev.db;data;order_lines;110;"{""admin_only_snapshot"": 0, ""consumed_date"": ""2026-05-05"", ""created_at"": ""2026-05-05 21:19:20"", ""event_open"": 1, ""id"": 110, ""item_id"": 3, ""item_name_snapshot"": ""Limo"", ""item_short_label_snapshot"": ""Limo"", ""person_id"": 55, ""quantity"": 0, ""unit_price_eur"": 1.0, ""unit_purchase_price_eur"": 0.45, ""updated_at"": ""2026-05-05 21:20:26""}"
2026-05-08_224617;C:\Users\Dani\Documents\CODEX-Projects\drink_pos\data\drink_pos_dev.db;data;order_lines;111;"{""admin_only_snapshot"": 0, ""consumed_date"": ""2026-05-05"", ""created_at"": ""2026-05-05 21:19:20"", ""event_open"": 0, ""id"": 111, ""item_id"": 1, ""item_name_snapshot"": ""Bier gross"", ""item_short_label_snapshot"": ""Gross"", ""person_id"": 46, ""quantity"": 3, ""unit_price_eur"": 2.5, ""unit_purchase_price_eur"": 1.4, ""updated_at"": ""2026-05-05 21:20:26""}"
2026-05-08_224617;C:\Users\Dani\Documents\CODEX-Projects\drink_pos\data\drink_pos_dev.db;data;order_lines;112;"{""admin_only_snapshot"": 0, ""consumed_date"": ""2026-05-05"", ""created_at"": ""2026-05-05 21:19:20"", ""event_open"": 1, ""id"": 112, ""item_id"": 3, ""item_name_snapshot"": ""Limo"", ""item_short_label_snapshot"": ""Limo"", ""person_id"": 46, ""quantity"": 0, ""unit_price_eur"": 1.0, ""unit_purchase_price_eur"": 0.45, ""updated_at"": ""2026-05-05 21:20:26""}"
2026-05-08_224617;C:\Users\Dani\Documents\CODEX-Projects\drink_pos\data\drink_pos_dev.db;data;order_lines;113;"{""admin_only_snapshot"": 0, ""consumed_date"": ""2026-05-05"", ""created_at"": ""2026-05-05 21:19:20"", ""event_open"": 0, ""id"": 113, ""item_id"": 1, ""item_name_snapshot"": ""Bier gross"", ""item_short_label_snapshot"": ""Gross"", ""person_id"": 49, ""quantity"": 2, ""unit_price_eur"": 2.5, ""unit_purchase_price_eur"": 1.4, ""updated_at"": ""2026-05-05 21:20:26""}"
2026-05-08_224617;C:\Users\Dani\Documents\CODEX-Projects\drink_pos\data\drink_pos_dev.db;data;order_lines;114;"{""admin_only_snapshot"": 0, ""consumed_date"": ""2026-05-05"", ""created_at"": ""2026-05-05 21:19:20"", ""event_open"": 0, ""id"": 114, ""item_id"": 2, ""item_name_snapshot"": ""Bier klein"", ""item_short_label_snapshot"": ""Klein"", ""person_id"": 49, ""quantity"": 3, ""unit_price_eur"": 1.8, ""unit_purchase_price_eur"": 1.0, ""updated_at"": ""2026-05-05 21:20:26""}"
2026-05-08_224617;C:\Users\Dani\Documents\CODEX-Projects\drink_pos\data\drink_pos_dev.db;data;order_lines;115;"{""admin_only_snapshot"": 0, ""consumed_date"": ""2026-05-05"", ""created_at"": ""2026-05-05 21:19:20"", ""event_open"": 0, ""id"": 115, ""item_id"": 3, ""item_name_snapshot"": ""Limo"", ""item_short_label_snapshot"": ""Limo"", ""person_id"": 49, ""quantity"": 1, ""unit_price_eur"": 1.0, ""unit_purchase_price_eur"": 0.45, ""updated_at"": ""2026-05-05 21:20:26""}"
2026-05-08_224617;C:\Users\Dani\Documents\CODEX-Projects\drink_pos\data\drink_pos_dev.db;data;order_lines;116;"{""admin_only_snapshot"": 0, ""consumed_date"": ""2026-05-05"", ""created_at"": ""2026-05-05 21:19:20"", ""event_open"": 0, ""id"": 116, ""item_id"": 1, ""item_name_snapshot"": ""Bier gross"", ""item_short_label_snapshot"": ""Gross"", ""person_id"": 39, ""quantity"": 3, ""unit_price_eur"": 2.5, ""unit_purchase_price_eur"": 1.4, ""updated_at"": ""2026-05-05 21:20:26""}"
2026-05-08_224617;C:\Users\Dani\Documents\CODEX-Projects\drink_pos\data\drink_pos_dev.db;data;order_lines;117;"{""admin_only_snapshot"": 0, ""consumed_date"": ""2026-05-05"", ""created_at"": ""2026-05-05 21:19:20"", ""event_open"": 0, ""id"": 117, ""item_id"": 2, ""item_name_snapshot"": ""Bier klein"", ""item_short_label_snapshot"": ""Klein"", ""person_id"": 39, ""quantity"": 1, ""unit_price_eur"": 1.8, ""unit_purchase_price_eur"": 1.0, ""updated_at"": ""2026-05-05 21:20:26""}"
2026-05-08_224617;C:\Users\Dani\Documents\CODEX-Projects\drink_pos\data\drink_pos_dev.db;data;order_lines;118;"{""admin_only_snapshot"": 0, ""consumed_date"": ""2026-05-05"", ""created_at"": ""2026-05-05 21:19:20"", ""event_open"": 1, ""id"": 118, ""item_id"": 3, ""item_name_snapshot"": ""Limo"", ""item_short_label_snapshot"": ""Limo"", ""person_id"": 39, ""quantity"": 0, ""unit_price_eur"": 1.0, ""unit_purchase_price_eur"": 0.45, ""updated_at"": ""2026-05-05 21:20:26""}"
2026-05-08_224617;C:\Users\Dani\Documents\CODEX-Projects\drink_pos\data\drink_pos_dev.db;data;order_lines;119;"{""admin_only_snapshot"": 0, ""consumed_date"": ""2026-05-05"", ""created_at"": ""2026-05-05 21:19:20"", ""event_open"": 0, ""id"": 119, ""item_id"": 1, ""item_name_snapshot"": ""Bier gross"", ""item_short_label_snapshot"": ""Gross"", ""person_id"": 37, ""quantity"": 3, ""unit_price_eur"": 2.5, ""unit_purchase_price_eur"": 1.4, ""updated_at"": ""2026-05-05 21:20:26""}"
2026-05-08_224617;C:\Users\Dani\Documents\CODEX-Projects\drink_pos\data\drink_pos_dev.db;data;order_lines;120;"{""admin_only_snapshot"": 0, ""consumed_date"": ""2026-05-05"", ""created_at"": ""2026-05-05 21:19:20"", ""event_open"": 0, ""id"": 120, ""item_id"": 2, ""item_name_snapshot"": ""Bier klein"", ""item_short_label_snapshot"": ""Klein"", ""person_id"": 37, ""quantity"": 2, ""unit_price_eur"": 1.8, ""unit_purchase_price_eur"": 1.0, ""updated_at"": ""2026-05-05 21:20:26""}"
2026-05-08_224617;C:\Users\Dani\Documents\CODEX-Projects\drink_pos\data\drink_pos_dev.db;data;order_lines;121;"{""admin_only_snapshot"": 0, ""consumed_date"": ""2026-05-05"", ""created_at"": ""2026-05-05 21:19:20"", ""event_open"": 0, ""id"": 121, ""item_id"": 3, ""item_name_snapshot"": ""Limo"", ""item_short_label_snapshot"": ""Limo"", ""person_id"": 37, ""quantity"": 2, ""unit_price_eur"": 1.0, ""unit_purchase_price_eur"": 0.45, ""updated_at"": ""2026-05-05 21:20:26""}"
2026-05-08_224617;C:\Users\Dani\Documents\CODEX-Projects\drink_pos\data\drink_pos_dev.db;data;order_lines;122;"{""admin_only_snapshot"": 0, ""consumed_date"": ""2026-05-05"", ""created_at"": ""2026-05-05 21:19:20"", ""event_open"": 0, ""id"": 122, ""item_id"": 2, ""item_name_snapshot"": ""Bier klein"", ""item_short_label_snapshot"": ""Klein"", ""person_id"": 28, ""quantity"": 3, ""unit_price_eur"": 1.8, ""unit_purchase_price_eur"": 1.0, ""updated_at"": ""2026-05-05 21:20:26""}"
2026-05-08_224617;C:\Users\Dani\Documents\CODEX-Projects\drink_pos\data\drink_pos_dev.db;data;order_lines;123;"{""admin_only_snapshot"": 0, ""consumed_date"": ""2026-05-05"", ""created_at"": ""2026-05-05 21:19:20"", ""event_open"": 0, ""id"": 123, ""item_id"": 3, ""item_name_snapshot"": ""Limo"", ""item_short_label_snapshot"": ""Limo"", ""person_id"": 28, ""quantity"": 1, ""unit_price_eur"": 1.0, ""unit_purchase_price_eur"": 0.45, ""updated_at"": ""2026-05-05 21:20:26""}"
2026-05-08_224617;C:\Users\Dani\Documents\CODEX-Projects\drink_pos\data\drink_pos_dev.db;data;order_lines;124;"{""admin_only_snapshot"": 0, ""consumed_date"": ""2026-05-05"", ""created_at"": ""2026-05-05 21:19:20"", ""event_open"": 0, ""id"": 124, ""item_id"": 1, ""item_name_snapshot"": ""Bier gross"", ""item_short_label_snapshot"": ""Gross"", ""person_id"": 43, ""quantity"": 1, ""unit_price_eur"": 2.5, ""unit_purchase_price_eur"": 1.4, ""updated_at"": ""2026-05-05 21:20:26""}"
2026-05-08_224617;C:\Users\Dani\Documents\CODEX-Projects\drink_pos\data\drink_pos_dev.db;data;order_lines;125;"{""admin_only_snapshot"": 0, ""consumed_date"": ""2026-05-05"", ""created_at"": ""2026-05-05 21:19:20"", ""event_open"": 0, ""id"": 125, ""item_id"": 2, ""item_name_snapshot"": ""Bier klein"", ""item_short_label_snapshot"": ""Klein"", ""person_id"": 43, ""quantity"": 2, ""unit_price_eur"": 1.8, ""unit_purchase_price_eur"": 1.0, ""updated_at"": ""2026-05-05 21:20:26""}"
2026-05-08_224617;C:\Users\Dani\Documents\CODEX-Projects\drink_pos\data\drink_pos_dev.db;data;order_lines;126;"{""admin_only_snapshot"": 0, ""consumed_date"": ""2026-05-05"", ""created_at"": ""2026-05-05 21:19:20"", ""event_open"": 0, ""id"": 126, ""item_id"": 3, ""item_name_snapshot"": ""Limo"", ""item_short_label_snapshot"": ""Limo"", ""person_id"": 43, ""quantity"": 1, ""unit_price_eur"": 1.0, ""unit_purchase_price_eur"": 0.45, ""updated_at"": ""2026-05-05 21:20:26""}"
2026-05-08_224617;C:\Users\Dani\Documents\CODEX-Projects\drink_pos\data\drink_pos_dev.db;data;order_lines;127;"{""admin_only_snapshot"": 0, ""consumed_date"": ""2026-05-05"", ""created_at"": ""2026-05-05 21:19:20"", ""event_open"": 0, ""id"": 127, ""item_id"": 1, ""item_name_snapshot"": ""Bier gross"", ""item_short_label_snapshot"": ""Gross"", ""person_id"": 52, ""quantity"": 3, ""unit_price_eur"": 2.5, ""unit_purchase_price_eur"": 1.4, ""updated_at"": ""2026-05-05 21:20:26""}"
2026-05-08_224617;C:\Users\Dani\Documents\CODEX-Projects\drink_pos\data\drink_pos_dev.db;data;order_lines;128;"{""admin_only_snapshot"": 0, ""consumed_date"": ""2026-05-05"", ""created_at"": ""2026-05-05 21:19:20"", ""event_open"": 0, ""id"": 128, ""item_id"": 2, ""item_name_snapshot"": ""Bier klein"", ""item_short_label_snapshot"": ""Klein"", ""person_id"": 52, ""quantity"": 1, ""unit_price_eur"": 1.8, ""unit_purchase_price_eur"": 1.0, ""updated_at"": ""2026-05-05 21:20:26""}"
2026-05-08_224617;C:\Users\Dani\Documents\CODEX-Projects\drink_pos\data\drink_pos_dev.db;data;order_lines;129;"{""admin_only_snapshot"": 0, ""consumed_date"": ""2026-05-05"", ""created_at"": ""2026-05-05 21:19:20"", ""event_open"": 0, ""id"": 129, ""item_id"": 3, ""item_name_snapshot"": ""Limo"", ""item_short_label_snapshot"": ""Limo"", ""person_id"": 52, ""quantity"": 1, ""unit_price_eur"": 1.0, ""unit_purchase_price_eur"": 0.45, ""updated_at"": ""2026-05-05 21:20:26""}"
2026-05-08_224617;C:\Users\Dani\Documents\CODEX-Projects\drink_pos\data\drink_pos_dev.db;data;order_lines;130;"{""admin_only_snapshot"": 0, ""consumed_date"": ""2026-05-05"", ""created_at"": ""2026-05-05 21:19:20"", ""event_open"": 0, ""id"": 130, ""item_id"": 1, ""item_name_snapshot"": ""Bier gross"", ""item_short_label_snapshot"": ""Gross"", ""person_id"": 33, ""quantity"": 1, ""unit_price_eur"": 2.5, ""unit_purchase_price_eur"": 1.4, ""updated_at"": ""2026-05-05 21:20:26""}"
2026-05-08_224617;C:\Users\Dani\Documents\CODEX-Projects\drink_pos\data\drink_pos_dev.db;data;order_lines;131;"{""admin_only_snapshot"": 0, ""consumed_date"": ""2026-05-05"", ""created_at"": ""2026-05-05 21:19:20"", ""event_open"": 0, ""id"": 131, ""item_id"": 2, ""item_name_snapshot"": ""Bier klein"", ""item_short_label_snapshot"": ""Klein"", ""person_id"": 33, ""quantity"": 2, ""unit_price_eur"": 1.8, ""unit_purchase_price_eur"": 1.0, ""updated_at"": ""2026-05-05 21:20:26""}"
2026-05-08_224617;C:\Users\Dani\Documents\CODEX-Projects\drink_pos\data\drink_pos_dev.db;data;order_lines;132;"{""admin_only_snapshot"": 0, ""consumed_date"": ""2026-05-05"", ""created_at"": ""2026-05-05 21:19:20"", ""event_open"": 1, ""id"": 132, ""item_id"": 3, ""item_name_snapshot"": ""Limo"", ""item_short_label_snapshot"": ""Limo"", ""person_id"": 33, ""quantity"": 0, ""unit_price_eur"": 1.0, ""unit_purchase_price_eur"": 0.45, ""updated_at"": ""2026-05-05 21:20:26""}"
2026-05-08_224617;C:\Users\Dani\Documents\CODEX-Projects\drink_pos\data\drink_pos_dev.db;data;order_lines;133;"{""admin_only_snapshot"": 0, ""consumed_date"": ""2026-05-05"", ""created_at"": ""2026-05-05 21:19:20"", ""event_open"": 0, ""id"": 133, ""item_id"": 1, ""item_name_snapshot"": ""Bier gross"", ""item_short_label_snapshot"": ""Gross"", ""person_id"": 4, ""quantity"": 2, ""unit_price_eur"": 2.5, ""unit_purchase_price_eur"": 1.4, ""updated_at"": ""2026-05-05 21:20:26""}"
2026-05-08_224617;C:\Users\Dani\Documents\CODEX-Projects\drink_pos\data\drink_pos_dev.db;data;order_lines;134;"{""admin_only_snapshot"": 0, ""consumed_date"": ""2026-05-05"", ""created_at"": ""2026-05-05 21:19:20"", ""event_open"": 1, ""id"": 134, ""item_id"": 3, ""item_name_snapshot"": ""Limo"", ""item_short_label_snapshot"": ""Limo"", ""person_id"": 4, ""quantity"": 0, ""unit_price_eur"": 1.0, ""unit_purchase_price_eur"": 0.45, ""updated_at"": ""2026-05-05 21:20:26""}"
2026-05-08_224617;C:\Users\Dani\Documents\CODEX-Projects\drink_pos\data\drink_pos_dev.db;data;order_lines;135;"{""admin_only_snapshot"": 0, ""consumed_date"": ""2026-05-05"", ""created_at"": ""2026-05-05 21:19:20"", ""event_open"": 0, ""id"": 135, ""item_id"": 2, ""item_name_snapshot"": ""Bier klein"", ""item_short_label_snapshot"": ""Klein"", ""person_id"": 34, ""quantity"": 2, ""unit_price_eur"": 1.8, ""unit_purchase_price_eur"": 1.0, ""updated_at"": ""2026-05-05 21:20:26""}"
2026-05-08_224617;C:\Users\Dani\Documents\CODEX-Projects\drink_pos\data\drink_pos_dev.db;data;order_lines;136;"{""admin_only_snapshot"": 0, ""consumed_date"": ""2026-05-05"", ""created_at"": ""2026-05-05 21:19:20"", ""event_open"": 0, ""id"": 136, ""item_id"": 3, ""item_name_snapshot"": ""Limo"", ""item_short_label_snapshot"": ""Limo"", ""person_id"": 34, ""quantity"": 2, ""unit_price_eur"": 1.0, ""unit_purchase_price_eur"": 0.45, ""updated_at"": ""2026-05-05 21:20:26""}"
2026-05-08_224617;C:\Users\Dani\Documents\CODEX-Projects\drink_pos\data\drink_pos_dev.db;data;order_lines;137;"{""admin_only_snapshot"": 0, ""consumed_date"": ""2026-05-05"", ""created_at"": ""2026-05-05 21:19:22"", ""event_open"": 0, ""id"": 137, ""item_id"": 1, ""item_name_snapshot"": ""Bier gross"", ""item_short_label_snapshot"": ""Gross"", ""person_id"": 41, ""quantity"": 1, ""unit_price_eur"": 2.5, ""unit_purchase_price_eur"": 1.4, ""updated_at"": ""2026-05-05 21:20:26""}"
2026-05-08_224617;C:\Users\Dani\Documents\CODEX-Projects\drink_pos\data\drink_pos_dev.db;data;order_lines;138;"{""admin_only_snapshot"": 0, ""consumed_date"": ""2026-05-05"", ""created_at"": ""2026-05-05 21:19:22"", ""event_open"": 0, ""id"": 138, ""item_id"": 2, ""item_name_snapshot"": ""Bier klein"", ""item_short_label_snapshot"": ""Klein"", ""person_id"": 41, ""quantity"": 1, ""unit_price_eur"": 1.8, ""unit_purchase_price_eur"": 1.0, ""updated_at"": ""2026-05-05 21:20:26""}"
2026-05-08_224617;C:\Users\Dani\Documents\CODEX-Projects\drink_pos\data\drink_pos_dev.db;data;order_lines;139;"{""admin_only_snapshot"": 0, ""consumed_date"": ""2026-05-05"", ""created_at"": ""2026-05-05 21:19:22"", ""event_open"": 1, ""id"": 139, ""item_id"": 3, ""item_name_snapshot"": ""Limo"", ""item_short_label_snapshot"": ""Limo"", ""person_id"": 41, ""quantity"": 0, ""unit_price_eur"": 1.0, ""unit_purchase_price_eur"": 0.45, ""updated_at"": ""2026-05-05 21:20:26""}"
2026-05-08_224617;C:\Users\Dani\Documents\CODEX-Projects\drink_pos\data\drink_pos_dev.db;data;order_lines;140;"{""admin_only_snapshot"": 0, ""consumed_date"": ""2026-05-05"", ""created_at"": ""2026-05-05 21:19:22"", ""event_open"": 0, ""id"": 140, ""item_id"": 1, ""item_name_snapshot"": ""Bier gross"", ""item_short_label_snapshot"": ""Gross"", ""person_id"": 20, ""quantity"": 1, ""unit_price_eur"": 2.5, ""unit_purchase_price_eur"": 1.4, ""updated_at"": ""2026-05-05 21:20:26""}"
2026-05-08_224617;C:\Users\Dani\Documents\CODEX-Projects\drink_pos\data\drink_pos_dev.db;data;order_lines;141;"{""admin_only_snapshot"": 0, ""consumed_date"": ""2026-05-05"", ""created_at"": ""2026-05-05 21:19:22"", ""event_open"": 0, ""id"": 141, ""item_id"": 3, ""item_name_snapshot"": ""Limo"", ""item_short_label_snapshot"": ""Limo"", ""person_id"": 20, ""quantity"": 2, ""unit_price_eur"": 1.0, ""unit_purchase_price_eur"": 0.45, ""updated_at"": ""2026-05-05 21:20:26""}"
2026-05-08_224617;C:\Users\Dani\Documents\CODEX-Projects\drink_pos\data\drink_pos_dev.db;data;order_lines;142;"{""admin_only_snapshot"": 0, ""consumed_date"": ""2026-05-05"", ""created_at"": ""2026-05-05 21:19:22"", ""event_open"": 0, ""id"": 142, ""item_id"": 2, ""item_name_snapshot"": ""Bier klein"", ""item_short_label_snapshot"": ""Klein"", ""person_id"": 19, ""quantity"": 1, ""unit_price_eur"": 1.8, ""unit_purchase_price_eur"": 1.0, ""updated_at"": ""2026-05-05 21:20:26""}"
2026-05-08_224617;C:\Users\Dani\Documents\CODEX-Projects\drink_pos\data\drink_pos_dev.db;data;order_lines;143;"{""admin_only_snapshot"": 0, ""consumed_date"": ""2026-05-05"", ""created_at"": ""2026-05-05 21:19:22"", ""event_open"": 0, ""id"": 143, ""item_id"": 2, ""item_name_snapshot"": ""Bier klein"", ""item_short_label_snapshot"": ""Klein"", ""person_id"": 8, ""quantity"": 2, ""unit_price_eur"": 1.8, ""unit_purchase_price_eur"": 1.0, ""updated_at"": ""2026-05-05 21:20:26""}"
2026-05-08_224617;C:\Users\Dani\Documents\CODEX-Projects\drink_pos\data\drink_pos_dev.db;data;order_lines;144;"{""admin_only_snapshot"": 0, ""consumed_date"": ""2026-05-05"", ""created_at"": ""2026-05-05 21:19:22"", ""event_open"": 1, ""id"": 144, ""item_id"": 3, ""item_name_snapshot"": ""Limo"", ""item_short_label_snapshot"": ""Limo"", ""person_id"": 8, ""quantity"": 0, ""unit_price_eur"": 1.0, ""unit_purchase_price_eur"": 0.45, ""updated_at"": ""2026-05-05 21:20:26""}"
2026-05-08_224617;C:\Users\Dani\Documents\CODEX-Projects\drink_pos\data\drink_pos_dev.db;data;order_lines;145;"{""admin_only_snapshot"": 0, ""consumed_date"": ""2026-05-05"", ""created_at"": ""2026-05-05 21:19:22"", ""event_open"": 0, ""id"": 145, ""item_id"": 1, ""item_name_snapshot"": ""Bier gross"", ""item_short_label_snapshot"": ""Gross"", ""person_id"": 57, ""quantity"": 2, ""unit_price_eur"": 2.5, ""unit_purchase_price_eur"": 1.4, ""updated_at"": ""2026-05-05 21:20:26""}"
2026-05-08_224617;C:\Users\Dani\Documents\CODEX-Projects\drink_pos\data\drink_pos_dev.db;data;order_lines;146;"{""admin_only_snapshot"": 0, ""consumed_date"": ""2026-05-05"", ""created_at"": ""2026-05-05 21:19:22"", ""event_open"": 0, ""id"": 146, ""item_id"": 1, ""item_name_snapshot"": ""Bier gross"", ""item_short_label_snapshot"": ""Gross"", ""person_id"": 47, ""quantity"": 2, ""unit_price_eur"": 2.5, ""unit_purchase_price_eur"": 1.4, ""updated_at"": ""2026-05-05 21:20:26""}"
2026-05-08_224617;C:\Users\Dani\Documents\CODEX-Projects\drink_pos\data\drink_pos_dev.db;data;order_lines;147;"{""admin_only_snapshot"": 0, ""consumed_date"": ""2026-05-05"", ""created_at"": ""2026-05-05 21:19:22"", ""event_open"": 0, ""id"": 147, ""item_id"": 2, ""item_name_snapshot"": ""Bier klein"", ""item_short_label_snapshot"": ""Klein"", ""person_id"": 47, ""quantity"": 2, ""unit_price_eur"": 1.8, ""unit_purchase_price_eur"": 1.0, ""updated_at"": ""2026-05-05 21:20:26""}"
2026-05-08_224617;C:\Users\Dani\Documents\CODEX-Projects\drink_pos\data\drink_pos_dev.db;data;order_lines;148;"{""admin_only_snapshot"": 0, ""consumed_date"": ""2026-05-05"", ""created_at"": ""2026-05-05 21:19:22"", ""event_open"": 1, ""id"": 148, ""item_id"": 3, ""item_name_snapshot"": ""Limo"", ""item_short_label_snapshot"": ""Limo"", ""person_id"": 47, ""quantity"": 0, ""unit_price_eur"": 1.0, ""unit_purchase_price_eur"": 0.45, ""updated_at"": ""2026-05-05 21:20:26""}"
2026-05-08_224617;C:\Users\Dani\Documents\CODEX-Projects\drink_pos\data\drink_pos_dev.db;data;order_lines;149;"{""admin_only_snapshot"": 0, ""consumed_date"": ""2026-05-05"", ""created_at"": ""2026-05-05 21:19:22"", ""event_open"": 0, ""id"": 149, ""item_id"": 1, ""item_name_snapshot"": ""Bier gross"", ""item_short_label_snapshot"": ""Gross"", ""person_id"": 30, ""quantity"": 1, ""unit_price_eur"": 2.5, ""unit_purchase_price_eur"": 1.4, ""updated_at"": ""2026-05-05 21:20:26""}"
2026-05-08_224617;C:\Users\Dani\Documents\CODEX-Projects\drink_pos\data\drink_pos_dev.db;data;order_lines;150;"{""admin_only_snapshot"": 0, ""consumed_date"": ""2026-05-05"", ""created_at"": ""2026-05-05 21:19:22"", ""event_open"": 0, ""id"": 150, ""item_id"": 2, ""item_name_snapshot"": ""Bier klein"", ""item_short_label_snapshot"": ""Klein"", ""person_id"": 30, ""quantity"": 1, ""unit_price_eur"": 1.8, ""unit_purchase_price_eur"": 1.0, ""updated_at"": ""2026-05-05 21:20:26""}"
2026-05-08_224617;C:\Users\Dani\Documents\CODEX-Projects\drink_pos\data\drink_pos_dev.db;data;order_lines;151;"{""admin_only_snapshot"": 0, ""consumed_date"": ""2026-05-05"", ""created_at"": ""2026-05-05 21:19:22"", ""event_open"": 1, ""id"": 151, ""item_id"": 3, ""item_name_snapshot"": ""Limo"", ""item_short_label_snapshot"": ""Limo"", ""person_id"": 30, ""quantity"": 0, ""unit_price_eur"": 1.0, ""unit_purchase_price_eur"": 0.45, ""updated_at"": ""2026-05-05 21:20:26""}"
2026-05-08_224617;C:\Users\Dani\Documents\CODEX-Projects\drink_pos\data\drink_pos_dev.db;data;order_lines;152;"{""admin_only_snapshot"": 0, ""consumed_date"": ""2026-05-05"", ""created_at"": ""2026-05-05 21:19:22"", ""event_open"": 0, ""id"": 152, ""item_id"": 1, ""item_name_snapshot"": ""Bier gross"", ""item_short_label_snapshot"": ""Gross"", ""person_id"": 13, ""quantity"": 2, ""unit_price_eur"": 2.5, ""unit_purchase_price_eur"": 1.4, ""updated_at"": ""2026-05-05 21:20:26""}"
2026-05-08_224617;C:\Users\Dani\Documents\CODEX-Projects\drink_pos\data\drink_pos_dev.db;data;order_lines;153;"{""admin_only_snapshot"": 0, ""consumed_date"": ""2026-05-05"", ""created_at"": ""2026-05-05 21:19:22"", ""event_open"": 0, ""id"": 153, ""item_id"": 2, ""item_name_snapshot"": ""Bier klein"", ""item_short_label_snapshot"": ""Klein"", ""person_id"": 13, ""quantity"": 2, ""unit_price_eur"": 1.8, ""unit_purchase_price_eur"": 1.0, ""updated_at"": ""2026-05-05 21:20:26""}"
2026-05-08_224617;C:\Users\Dani\Documents\CODEX-Projects\drink_pos\data\drink_pos_dev.db;data;order_lines;154;"{""admin_only_snapshot"": 0, ""consumed_date"": ""2026-05-05"", ""created_at"": ""2026-05-05 21:19:22"", ""event_open"": 0, ""id"": 154, ""item_id"": 3, ""item_name_snapshot"": ""Limo"", ""item_short_label_snapshot"": ""Limo"", ""person_id"": 13, ""quantity"": 1, ""unit_price_eur"": 1.0, ""unit_purchase_price_eur"": 0.45, ""updated_at"": ""2026-05-05 21:20:26""}"
2026-05-08_224617;C:\Users\Dani\Documents\CODEX-Projects\drink_pos\data\drink_pos_dev.db;data;order_lines;155;"{""admin_only_snapshot"": 0, ""consumed_date"": ""2026-05-05"", ""created_at"": ""2026-05-05 21:19:22"", ""event_open"": 0, ""id"": 155, ""item_id"": 1, ""item_name_snapshot"": ""Bier gross"", ""item_short_label_snapshot"": ""Gross"", ""person_id"": 31, ""quantity"": 2, ""unit_price_eur"": 2.5, ""unit_purchase_price_eur"": 1.4, ""updated_at"": ""2026-05-05 21:20:26""}"
2026-05-08_224617;C:\Users\Dani\Documents\CODEX-Projects\drink_pos\data\drink_pos_dev.db;data;order_lines;156;"{""admin_only_snapshot"": 0, ""consumed_date"": ""2026-05-05"", ""created_at"": ""2026-05-05 21:19:22"", ""event_open"": 0, ""id"": 156, ""item_id"": 2, ""item_name_snapshot"": ""Bier klein"", ""item_short_label_snapshot"": ""Klein"", ""person_id"": 31, ""quantity"": 2, ""unit_price_eur"": 1.8, ""unit_purchase_price_eur"": 1.0, ""updated_at"": ""2026-05-05 21:20:26""}"
2026-05-08_224617;C:\Users\Dani\Documents\CODEX-Projects\drink_pos\data\drink_pos_dev.db;data;order_lines;157;"{""admin_only_snapshot"": 0, ""consumed_date"": ""2026-05-05"", ""created_at"": ""2026-05-05 21:19:22"", ""event_open"": 1, ""id"": 157, ""item_id"": 3, ""item_name_snapshot"": ""Limo"", ""item_short_label_snapshot"": ""Limo"", ""person_id"": 31, ""quantity"": 0, ""unit_price_eur"": 1.0, ""unit_purchase_price_eur"": 0.45, ""updated_at"": ""2026-05-05 21:20:26""}"
2026-05-08_224617;C:\Users\Dani\Documents\CODEX-Projects\drink_pos\data\drink_pos_dev.db;data;order_lines;158;"{""admin_only_snapshot"": 1, ""consumed_date"": ""2026-05-05"", ""created_at"": ""2026-05-05 21:19:30"", ""event_open"": 1, ""id"": 158, ""item_id"": 4, ""item_name_snapshot"": ""1 Runde"", ""item_short_label_snapshot"": ""Runde"", ""person_id"": 23, ""quantity"": 0, ""unit_price_eur"": 40.0, ""unit_purchase_price_eur"": 0.0, ""updated_at"": ""2026-05-05 21:19:32""}"
2026-05-08_224617;C:\Users\Dani\Documents\CODEX-Projects\drink_pos\data\drink_pos_dev.db;data;order_lines;159;"{""admin_only_snapshot"": 1, ""consumed_date"": ""2026-05-05"", ""created_at"": ""2026-05-05 21:20:49"", ""event_open"": 0, ""id"": 159, ""item_id"": 4, ""item_name_snapshot"": ""1 Runde"", ""item_short_label_snapshot"": ""Runde"", ""person_id"": 42, ""quantity"": 1, ""unit_price_eur"": 40.0, ""unit_purchase_price_eur"": 0.0, ""updated_at"": ""2026-05-05 22:30:38""}"
2026-05-08_224617;C:\Users\Dani\Documents\CODEX-Projects\drink_pos\data\drink_pos_dev.db;data;order_lines;160;"{""admin_only_snapshot"": 0, ""consumed_date"": ""2026-05-05"", ""created_at"": ""2026-05-05 21:22:40"", ""event_open"": 1, ""id"": 160, ""item_id"": 5, ""item_name_snapshot"": ""Drink des Monats"", ""item_short_label_snapshot"": ""DDM"", ""person_id"": 5, ""quantity"": 0, ""unit_price_eur"": 3.0, ""unit_purchase_price_eur"": 1.85, ""updated_at"": ""2026-05-05 21:23:09""}"
2026-05-08_224617;C:\Users\Dani\Documents\CODEX-Projects\drink_pos\data\drink_pos_dev.db;data;order_lines;161;"{""admin_only_snapshot"": 0, ""consumed_date"": ""2026-05-05"", ""created_at"": ""2026-05-05 21:22:45"", ""event_open"": 1, ""id"": 161, ""item_id"": 1, ""item_name_snapshot"": ""Bier gross"", ""item_short_label_snapshot"": ""Gross"", ""person_id"": 5, ""quantity"": 0, ""unit_price_eur"": 2.5, ""unit_purchase_price_eur"": 1.4, ""updated_at"": ""2026-05-05 21:23:09""}"
2026-05-08_224617;C:\Users\Dani\Documents\CODEX-Projects\drink_pos\data\drink_pos_dev.db;data;order_lines;162;"{""admin_only_snapshot"": 0, ""consumed_date"": ""2026-05-05"", ""created_at"": ""2026-05-05 21:22:47"", ""event_open"": 1, ""id"": 162, ""item_id"": 2, ""item_name_snapshot"": ""Bier klein"", ""item_short_label_snapshot"": ""Klein"", ""person_id"": 5, ""quantity"": 0, ""unit_price_eur"": 1.8, ""unit_purchase_price_eur"": 1.0, ""updated_at"": ""2026-05-05 21:23:09""}"
2026-05-08_224617;C:\Users\Dani\Documents\CODEX-Projects\drink_pos\data\drink_pos_dev.db;data;order_lines;163;"{""admin_only_snapshot"": 0, ""consumed_date"": ""2026-05-05"", ""created_at"": ""2026-05-05 21:22:56"", ""event_open"": 1, ""id"": 163, ""item_id"": 3, ""item_name_snapshot"": ""Limo"", ""item_short_label_snapshot"": ""Limo"", ""person_id"": 5, ""quantity"": 0, ""unit_price_eur"": 1.0, ""unit_purchase_price_eur"": 0.45, ""updated_at"": ""2026-05-05 21:23:09""}"
2026-05-08_224617;C:\Users\Dani\Documents\CODEX-Projects\drink_pos\data\drink_pos_dev.db;data;order_lines;164;"{""admin_only_snapshot"": 1, ""consumed_date"": ""2026-05-05"", ""created_at"": ""2026-05-05 22:21:04"", ""event_open"": 0, ""id"": 164, ""item_id"": 4, ""item_name_snapshot"": ""1 Runde"", ""item_short_label_snapshot"": ""Runde"", ""person_id"": 32, ""quantity"": 1, ""unit_price_eur"": 40.0, ""unit_purchase_price_eur"": 0.0, ""updated_at"": ""2026-05-05 22:30:38""}"
2026-05-08_224617;C:\Users\Dani\Documents\CODEX-Projects\drink_pos\data\drink_pos_dev.db;data;order_lines;165;"{""admin_only_snapshot"": 0, ""consumed_date"": ""2026-05-05"", ""created_at"": ""2026-05-05 22:21:21"", ""event_open"": 0, ""id"": 165, ""item_id"": 3, ""item_name_snapshot"": ""Limo"", ""item_short_label_snapshot"": ""Limo"", ""person_id"": 1, ""quantity"": 4, ""unit_price_eur"": 1.0, ""unit_purchase_price_eur"": 0.45, ""updated_at"": ""2026-05-05 22:30:38""}"
2026-05-08_224617;C:\Users\Dani\Documents\CODEX-Projects\drink_pos\data\drink_pos_dev.db;data;order_lines;166;"{""admin_only_snapshot"": 0, ""consumed_date"": ""2026-05-05"", ""created_at"": ""2026-05-05 22:21:24"", ""event_open"": 1, ""id"": 166, ""item_id"": 2, ""item_name_snapshot"": ""Bier klein"", ""item_short_label_snapshot"": ""Klein"", ""person_id"": 2, ""quantity"": 0, ""unit_price_eur"": 1.8, ""unit_purchase_price_eur"": 1.0, ""updated_at"": ""2026-05-05 22:30:38""}"
2026-05-08_224617;C:\Users\Dani\Documents\CODEX-Projects\drink_pos\data\drink_pos_dev.db;data;order_lines;167;"{""admin_only_snapshot"": 0, ""consumed_date"": ""2026-05-05"", ""created_at"": ""2026-05-05 22:21:24"", ""event_open"": 1, ""id"": 167, ""item_id"": 1, ""item_name_snapshot"": ""Bier gross"", ""item_short_label_snapshot"": ""Gross"", ""person_id"": 2, ""quantity"": 0, ""unit_price_eur"": 2.5, ""unit_purchase_price_eur"": 1.4, ""updated_at"": ""2026-05-05 22:30:38""}"
2026-05-08_224617;C:\Users\Dani\Documents\CODEX-Projects\drink_pos\data\drink_pos_dev.db;data;order_lines;168;"{""admin_only_snapshot"": 0, ""consumed_date"": ""2026-05-05"", ""created_at"": ""2026-05-05 22:21:27"", ""event_open"": 1, ""id"": 168, ""item_id"": 3, ""item_name_snapshot"": ""Limo"", ""item_short_label_snapshot"": ""Limo"", ""person_id"": 3, ""quantity"": 0, ""unit_price_eur"": 1.0, ""unit_purchase_price_eur"": 0.45, ""updated_at"": ""2026-05-05 22:30:38""}"
2026-05-08_224617;C:\Users\Dani\Documents\CODEX-Projects\drink_pos\data\drink_pos_dev.db;data;order_lines;169;"{""admin_only_snapshot"": 0, ""consumed_date"": ""2026-05-05"", ""created_at"": ""2026-05-05 22:21:28"", ""event_open"": 1, ""id"": 169, ""item_id"": 1, ""item_name_snapshot"": ""Bier gross"", ""item_short_label_snapshot"": ""Gross"", ""person_id"": 3, ""quantity"": 0, ""unit_price_eur"": 2.5, ""unit_purchase_price_eur"": 1.4, ""updated_at"": ""2026-05-05 22:30:38""}"
2026-05-08_224617;C:\Users\Dani\Documents\CODEX-Projects\drink_pos\data\drink_pos_dev.db;data;order_lines;170;"{""admin_only_snapshot"": 0, ""consumed_date"": ""2026-05-05"", ""created_at"": ""2026-05-05 22:21:34"", ""event_open"": 0, ""id"": 170, ""item_id"": 2, ""item_name_snapshot"": ""Bier klein"", ""item_short_label_snapshot"": ""Klein"", ""person_id"": 4, ""quantity"": 5, ""unit_price_eur"": 1.8, ""unit_purchase_price_eur"": 1.0, ""updated_at"": ""2026-05-05 22:30:38""}"
2026-05-08_224617;C:\Users\Dani\Documents\CODEX-Projects\drink_pos\data\drink_pos_dev.db;data;order_lines;171;"{""admin_only_snapshot"": 0, ""consumed_date"": ""2026-05-05"", ""created_at"": ""2026-05-05 22:21:39"", ""event_open"": 1, ""id"": 171, ""item_id"": 3, ""item_name_snapshot"": ""Limo"", ""item_short_label_snapshot"": ""Limo"", ""person_id"": 5, ""quantity"": 0, ""unit_price_eur"": 1.0, ""unit_purchase_price_eur"": 0.45, ""updated_at"": ""2026-05-05 22:30:38""}"
2026-05-08_224617;C:\Users\Dani\Documents\CODEX-Projects\drink_pos\data\drink_pos_dev.db;data;order_lines;172;"{""admin_only_snapshot"": 0, ""consumed_date"": ""2026-05-05"", ""created_at"": ""2026-05-05 22:21:41"", ""event_open"": 1, ""id"": 172, ""item_id"": 2, ""item_name_snapshot"": ""Bier klein"", ""item_short_label_snapshot"": ""Klein"", ""person_id"": 5, ""quantity"": 0, ""unit_price_eur"": 1.8, ""unit_purchase_price_eur"": 1.0, ""updated_at"": ""2026-05-05 22:30:38""}"
2026-05-08_224617;C:\Users\Dani\Documents\CODEX-Projects\drink_pos\data\drink_pos_dev.db;data;order_lines;173;"{""admin_only_snapshot"": 0, ""consumed_date"": ""2026-05-06"", ""created_at"": ""2026-05-06 20:21:01"", ""event_open"": 0, ""id"": 173, ""item_id"": 2, ""item_name_snapshot"": ""Bier klein"", ""item_short_label_snapshot"": ""Klein"", ""person_id"": 33, ""quantity"": 1, ""unit_price_eur"": 1.8, ""unit_purchase_price_eur"": 1.0, ""updated_at"": ""2026-05-06 20:21:59""}"
2026-05-08_224617;C:\Users\Dani\Documents\CODEX-Projects\drink_pos\data\drink_pos_dev.db;data;order_lines;174;"{""admin_only_snapshot"": 0, ""consumed_date"": ""2026-05-06"", ""created_at"": ""2026-05-06 20:21:02"", ""event_open"": 0, ""id"": 174, ""item_id"": 1, ""item_name_snapshot"": ""Bier gross"", ""item_short_label_snapshot"": ""Gross"", ""person_id"": 33, ""quantity"": 1, ""unit_price_eur"": 2.5, ""unit_purchase_price_eur"": 1.4, ""updated_at"": ""2026-05-06 20:21:59""}"
2026-05-08_224617;C:\Users\Dani\Documents\CODEX-Projects\drink_pos\data\drink_pos_dev.db;data;order_lines;175;"{""admin_only_snapshot"": 0, ""consumed_date"": ""2026-05-06"", ""created_at"": ""2026-05-06 20:21:02"", ""event_open"": 0, ""id"": 175, ""item_id"": 3, ""item_name_snapshot"": ""Limo"", ""item_short_label_snapshot"": ""Limo"", ""person_id"": 33, ""quantity"": 1, ""unit_price_eur"": 1.0, ""unit_purchase_price_eur"": 0.45, ""updated_at"": ""2026-05-06 20:21:59""}"
2026-05-08_224617;C:\Users\Dani\Documents\CODEX-Projects\drink_pos\data\drink_pos_dev.db;data;order_lines;176;"{""admin_only_snapshot"": 0, ""consumed_date"": ""2026-05-06"", ""created_at"": ""2026-05-06 20:22:02"", ""event_open"": 0, ""id"": 176, ""item_id"": 1, ""item_name_snapshot"": ""Bier gross"", ""item_short_label_snapshot"": ""Gross"", ""person_id"": 42, ""quantity"": 2, ""unit_price_eur"": 2.5, ""unit_purchase_price_eur"": 1.4, ""updated_at"": ""2026-05-06 20:27:37""}"
2026-05-08_224617;C:\Users\Dani\Documents\CODEX-Projects\drink_pos\data\drink_pos_dev.db;data;order_lines;177;"{""admin_only_snapshot"": 0, ""consumed_date"": ""2026-05-06"", ""created_at"": ""2026-05-06 20:22:02"", ""event_open"": 0, ""id"": 177, ""item_id"": 1, ""item_name_snapshot"": ""Bier gross"", ""item_short_label_snapshot"": ""Gross"", ""person_id"": 15, ""quantity"": 3, ""unit_price_eur"": 2.5, ""unit_purchase_price_eur"": 1.4, ""updated_at"": ""2026-05-06 20:27:37""}"
2026-05-08_224617;C:\Users\Dani\Documents\CODEX-Projects\drink_pos\data\drink_pos_dev.db;data;order_lines;178;"{""admin_only_snapshot"": 0, ""consumed_date"": ""2026-05-06"", ""created_at"": ""2026-05-06 20:22:02"", ""event_open"": 0, ""id"": 178, ""item_id"": 2, ""item_name_snapshot"": ""Bier klein"", ""item_short_label_snapshot"": ""Klein"", ""person_id"": 15, ""quantity"": 3, ""unit_price_eur"": 1.8, ""unit_purchase_price_eur"": 1.0, ""updated_at"": ""2026-05-06 20:27:37""}"
2026-05-08_224617;C:\Users\Dani\Documents\CODEX-Projects\drink_pos\data\drink_pos_dev.db;data;order_lines;179;"{""admin_only_snapshot"": 0, ""consumed_date"": ""2026-05-06"", ""created_at"": ""2026-05-06 20:22:02"", ""event_open"": 0, ""id"": 179, ""item_id"": 3, ""item_name_snapshot"": ""Limo"", ""item_short_label_snapshot"": ""Limo"", ""person_id"": 15, ""quantity"": 1, ""unit_price_eur"": 1.0, ""unit_purchase_price_eur"": 0.45, ""updated_at"": ""2026-05-06 20:27:37""}"
2026-05-08_224617;C:\Users\Dani\Documents\CODEX-Projects\drink_pos\data\drink_pos_dev.db;data;order_lines;180;"{""admin_only_snapshot"": 0, ""consumed_date"": ""2026-05-06"", ""created_at"": ""2026-05-06 20:22:02"", ""event_open"": 0, ""id"": 180, ""item_id"": 2, ""item_name_snapshot"": ""Bier klein"", ""item_short_label_snapshot"": ""Klein"", ""person_id"": 56, ""quantity"": 2, ""unit_price_eur"": 1.8, ""unit_purchase_price_eur"": 1.0, ""updated_at"": ""2026-05-06 20:27:37""}"
2026-05-08_224617;C:\Users\Dani\Documents\CODEX-Projects\drink_pos\data\drink_pos_dev.db;data;order_lines;181;"{""admin_only_snapshot"": 0, ""consumed_date"": ""2026-05-06"", ""created_at"": ""2026-05-06 20:22:02"", ""event_open"": 0, ""id"": 181, ""item_id"": 3, ""item_name_snapshot"": ""Limo"", ""item_short_label_snapshot"": ""Limo"", ""person_id"": 56, ""quantity"": 1, ""unit_price_eur"": 1.0, ""unit_purchase_price_eur"": 0.45, ""updated_at"": ""2026-05-06 20:27:37""}"
2026-05-08_224617;C:\Users\Dani\Documents\CODEX-Projects\drink_pos\data\drink_pos_dev.db;data;order_lines;182;"{""admin_only_snapshot"": 0, ""consumed_date"": ""2026-05-06"", ""created_at"": ""2026-05-06 20:22:02"", ""event_open"": 0, ""id"": 182, ""item_id"": 1, ""item_name_snapshot"": ""Bier gross"", ""item_short_label_snapshot"": ""Gross"", ""person_id"": 51, ""quantity"": 3, ""unit_price_eur"": 2.5, ""unit_purchase_price_eur"": 1.4, ""updated_at"": ""2026-05-06 20:27:37""}"
2026-05-08_224617;C:\Users\Dani\Documents\CODEX-Projects\drink_pos\data\drink_pos_dev.db;data;order_lines;183;"{""admin_only_snapshot"": 0, ""consumed_date"": ""2026-05-06"", ""created_at"": ""2026-05-06 20:22:02"", ""event_open"": 0, ""id"": 183, ""item_id"": 2, ""item_name_snapshot"": ""Bier klein"", ""item_short_label_snapshot"": ""Klein"", ""person_id"": 51, ""quantity"": 1, ""unit_price_eur"": 1.8, ""unit_purchase_price_eur"": 1.0, ""updated_at"": ""2026-05-06 20:27:37""}"
2026-05-08_224617;C:\Users\Dani\Documents\CODEX-Projects\drink_pos\data\drink_pos_dev.db;data;order_lines;184;"{""admin_only_snapshot"": 0, ""consumed_date"": ""2026-05-06"", ""created_at"": ""2026-05-06 20:22:02"", ""event_open"": 1, ""id"": 184, ""item_id"": 3, ""item_name_snapshot"": ""Limo"", ""item_short_label_snapshot"": ""Limo"", ""person_id"": 51, ""quantity"": 0, ""unit_price_eur"": 1.0, ""unit_purchase_price_eur"": 0.45, ""updated_at"": ""2026-05-06 20:27:37""}"
2026-05-08_224617;C:\Users\Dani\Documents\CODEX-Projects\drink_pos\data\drink_pos_dev.db;data;order_lines;185;"{""admin_only_snapshot"": 0, ""consumed_date"": ""2026-05-06"", ""created_at"": ""2026-05-06 20:22:02"", ""event_open"": 0, ""id"": 185, ""item_id"": 1, ""item_name_snapshot"": ""Bier gross"", ""item_short_label_snapshot"": ""Gross"", ""person_id"": 21, ""quantity"": 2, ""unit_price_eur"": 2.5, ""unit_purchase_price_eur"": 1.4, ""updated_at"": ""2026-05-06 20:27:37""}"
2026-05-08_224617;C:\Users\Dani\Documents\CODEX-Projects\drink_pos\data\drink_pos_dev.db;data;order_lines;186;"{""admin_only_snapshot"": 0, ""consumed_date"": ""2026-05-06"", ""created_at"": ""2026-05-06 20:22:02"", ""event_open"": 0, ""id"": 186, ""item_id"": 2, ""item_name_snapshot"": ""Bier klein"", ""item_short_label_snapshot"": ""Klein"", ""person_id"": 21, ""quantity"": 3, ""unit_price_eur"": 1.8, ""unit_purchase_price_eur"": 1.0, ""updated_at"": ""2026-05-06 20:27:37""}"
2026-05-08_224617;C:\Users\Dani\Documents\CODEX-Projects\drink_pos\data\drink_pos_dev.db;data;order_lines;187;"{""admin_only_snapshot"": 0, ""consumed_date"": ""2026-05-06"", ""created_at"": ""2026-05-06 20:22:02"", ""event_open"": 0, ""id"": 187, ""item_id"": 3, ""item_name_snapshot"": ""Limo"", ""item_short_label_snapshot"": ""Limo"", ""person_id"": 21, ""quantity"": 1, ""unit_price_eur"": 1.0, ""unit_purchase_price_eur"": 0.45, ""updated_at"": ""2026-05-06 20:27:37""}"
2026-05-08_224617;C:\Users\Dani\Documents\CODEX-Projects\drink_pos\data\drink_pos_dev.db;data;order_lines;188;"{""admin_only_snapshot"": 0, ""consumed_date"": ""2026-05-06"", ""created_at"": ""2026-05-06 20:22:02"", ""event_open"": 0, ""id"": 188, ""item_id"": 1, ""item_name_snapshot"": ""Bier gross"", ""item_short_label_snapshot"": ""Gross"", ""person_id"": 50, ""quantity"": 3, ""unit_price_eur"": 2.5, ""unit_purchase_price_eur"": 1.4, ""updated_at"": ""2026-05-06 20:27:37""}"
2026-05-08_224617;C:\Users\Dani\Documents\CODEX-Projects\drink_pos\data\drink_pos_dev.db;data;order_lines;189;"{""admin_only_snapshot"": 0, ""consumed_date"": ""2026-05-06"", ""created_at"": ""2026-05-06 20:22:02"", ""event_open"": 0, ""id"": 189, ""item_id"": 3, ""item_name_snapshot"": ""Limo"", ""item_short_label_snapshot"": ""Limo"", ""person_id"": 50, ""quantity"": 1, ""unit_price_eur"": 1.0, ""unit_purchase_price_eur"": 0.45, ""updated_at"": ""2026-05-06 20:27:37""}"
2026-05-08_224617;C:\Users\Dani\Documents\CODEX-Projects\drink_pos\data\drink_pos_dev.db;data;order_lines;190;"{""admin_only_snapshot"": 0, ""consumed_date"": ""2026-05-06"", ""created_at"": ""2026-05-06 20:22:02"", ""event_open"": 0, ""id"": 190, ""item_id"": 1, ""item_name_snapshot"": ""Bier gross"", ""item_short_label_snapshot"": ""Gross"", ""person_id"": 46, ""quantity"": 3, ""unit_price_eur"": 2.5, ""unit_purchase_price_eur"": 1.4, ""updated_at"": ""2026-05-06 20:27:37""}"
2026-05-08_224617;C:\Users\Dani\Documents\CODEX-Projects\drink_pos\data\drink_pos_dev.db;data;order_lines;191;"{""admin_only_snapshot"": 0, ""consumed_date"": ""2026-05-06"", ""created_at"": ""2026-05-06 20:22:02"", ""event_open"": 0, ""id"": 191, ""item_id"": 2, ""item_name_snapshot"": ""Bier klein"", ""item_short_label_snapshot"": ""Klein"", ""person_id"": 46, ""quantity"": 3, ""unit_price_eur"": 1.8, ""unit_purchase_price_eur"": 1.0, ""updated_at"": ""2026-05-06 20:27:37""}"
2026-05-08_224617;C:\Users\Dani\Documents\CODEX-Projects\drink_pos\data\drink_pos_dev.db;data;order_lines;192;"{""admin_only_snapshot"": 0, ""consumed_date"": ""2026-05-06"", ""created_at"": ""2026-05-06 20:22:02"", ""event_open"": 0, ""id"": 192, ""item_id"": 3, ""item_name_snapshot"": ""Limo"", ""item_short_label_snapshot"": ""Limo"", ""person_id"": 46, ""quantity"": 1, ""unit_price_eur"": 1.0, ""unit_purchase_price_eur"": 0.45, ""updated_at"": ""2026-05-06 20:27:37""}"
2026-05-08_224617;C:\Users\Dani\Documents\CODEX-Projects\drink_pos\data\drink_pos_dev.db;data;order_lines;193;"{""admin_only_snapshot"": 0, ""consumed_date"": ""2026-05-06"", ""created_at"": ""2026-05-06 20:22:02"", ""event_open"": 0, ""id"": 193, ""item_id"": 2, ""item_name_snapshot"": ""Bier klein"", ""item_short_label_snapshot"": ""Klein"", ""person_id"": 20, ""quantity"": 3, ""unit_price_eur"": 1.8, ""unit_purchase_price_eur"": 1.0, ""updated_at"": ""2026-05-06 20:27:37""}"
2026-05-08_224617;C:\Users\Dani\Documents\CODEX-Projects\drink_pos\data\drink_pos_dev.db;data;order_lines;194;"{""admin_only_snapshot"": 0, ""consumed_date"": ""2026-05-06"", ""created_at"": ""2026-05-06 20:22:02"", ""event_open"": 1, ""id"": 194, ""item_id"": 3, ""item_name_snapshot"": ""Limo"", ""item_short_label_snapshot"": ""Limo"", ""person_id"": 20, ""quantity"": 0, ""unit_price_eur"": 1.0, ""unit_purchase_price_eur"": 0.45, ""updated_at"": ""2026-05-06 20:27:37""}"
2026-05-08_224617;C:\Users\Dani\Documents\CODEX-Projects\drink_pos\data\drink_pos_dev.db;data;order_lines;195;"{""admin_only_snapshot"": 0, ""consumed_date"": ""2026-05-06"", ""created_at"": ""2026-05-06 20:22:02"", ""event_open"": 0, ""id"": 195, ""item_id"": 2, ""item_name_snapshot"": ""Bier klein"", ""item_short_label_snapshot"": ""Klein"", ""person_id"": 43, ""quantity"": 3, ""unit_price_eur"": 1.8, ""unit_purchase_price_eur"": 1.0, ""updated_at"": ""2026-05-06 20:27:37""}"
2026-05-08_224617;C:\Users\Dani\Documents\CODEX-Projects\drink_pos\data\drink_pos_dev.db;data;order_lines;196;"{""admin_only_snapshot"": 0, ""consumed_date"": ""2026-05-06"", ""created_at"": ""2026-05-06 20:22:02"", ""event_open"": 1, ""id"": 196, ""item_id"": 3, ""item_name_snapshot"": ""Limo"", ""item_short_label_snapshot"": ""Limo"", ""person_id"": 43, ""quantity"": 0, ""unit_price_eur"": 1.0, ""unit_purchase_price_eur"": 0.45, ""updated_at"": ""2026-05-06 20:27:37""}"
2026-05-08_224617;C:\Users\Dani\Documents\CODEX-Projects\drink_pos\data\drink_pos_dev.db;data;order_lines;197;"{""admin_only_snapshot"": 0, ""consumed_date"": ""2026-05-06"", ""created_at"": ""2026-05-06 20:22:02"", ""event_open"": 0, ""id"": 197, ""item_id"": 1, ""item_name_snapshot"": ""Bier gross"", ""item_short_label_snapshot"": ""Gross"", ""person_id"": 10, ""quantity"": 2, ""unit_price_eur"": 2.5, ""unit_purchase_price_eur"": 1.4, ""updated_at"": ""2026-05-06 20:27:37""}"
2026-05-08_224617;C:\Users\Dani\Documents\CODEX-Projects\drink_pos\data\drink_pos_dev.db;data;order_lines;198;"{""admin_only_snapshot"": 0, ""consumed_date"": ""2026-05-06"", ""created_at"": ""2026-05-06 20:22:02"", ""event_open"": 0, ""id"": 198, ""item_id"": 2, ""item_name_snapshot"": ""Bier klein"", ""item_short_label_snapshot"": ""Klein"", ""person_id"": 10, ""quantity"": 2, ""unit_price_eur"": 1.8, ""unit_purchase_price_eur"": 1.0, ""updated_at"": ""2026-05-06 20:27:37""}"
2026-05-08_224617;C:\Users\Dani\Documents\CODEX-Projects\drink_pos\data\drink_pos_dev.db;data;order_lines;199;"{""admin_only_snapshot"": 0, ""consumed_date"": ""2026-05-06"", ""created_at"": ""2026-05-06 20:22:02"", ""event_open"": 1, ""id"": 199, ""item_id"": 3, ""item_name_snapshot"": ""Limo"", ""item_short_label_snapshot"": ""Limo"", ""person_id"": 10, ""quantity"": 0, ""unit_price_eur"": 1.0, ""unit_purchase_price_eur"": 0.45, ""updated_at"": ""2026-05-06 20:27:37""}"
2026-05-08_224617;C:\Users\Dani\Documents\CODEX-Projects\drink_pos\data\drink_pos_dev.db;data;order_lines;200;"{""admin_only_snapshot"": 0, ""consumed_date"": ""2026-05-06"", ""created_at"": ""2026-05-06 20:22:02"", ""event_open"": 0, ""id"": 200, ""item_id"": 1, ""item_name_snapshot"": ""Bier gross"", ""item_short_label_snapshot"": ""Gross"", ""person_id"": 5, ""quantity"": 1, ""unit_price_eur"": 2.5, ""unit_purchase_price_eur"": 1.4, ""updated_at"": ""2026-05-06 20:27:37""}"
2026-05-08_224617;C:\Users\Dani\Documents\CODEX-Projects\drink_pos\data\drink_pos_dev.db;data;order_lines;201;"{""admin_only_snapshot"": 0, ""consumed_date"": ""2026-05-06"", ""created_at"": ""2026-05-06 20:22:02"", ""event_open"": 0, ""id"": 201, ""item_id"": 2, ""item_name_snapshot"": ""Bier klein"", ""item_short_label_snapshot"": ""Klein"", ""person_id"": 5, ""quantity"": 1, ""unit_price_eur"": 1.8, ""unit_purchase_price_eur"": 1.0, ""updated_at"": ""2026-05-06 20:27:37""}"
2026-05-08_224617;C:\Users\Dani\Documents\CODEX-Projects\drink_pos\data\drink_pos_dev.db;data;order_lines;202;"{""admin_only_snapshot"": 0, ""consumed_date"": ""2026-05-06"", ""created_at"": ""2026-05-06 20:22:02"", ""event_open"": 1, ""id"": 202, ""item_id"": 3, ""item_name_snapshot"": ""Limo"", ""item_short_label_snapshot"": ""Limo"", ""person_id"": 5, ""quantity"": 0, ""unit_price_eur"": 1.0, ""unit_purchase_price_eur"": 0.45, ""updated_at"": ""2026-05-06 20:27:37""}"
2026-05-08_224617;C:\Users\Dani\Documents\CODEX-Projects\drink_pos\data\drink_pos_dev.db;data;order_lines;203;"{""admin_only_snapshot"": 0, ""consumed_date"": ""2026-05-06"", ""created_at"": ""2026-05-06 20:22:02"", ""event_open"": 0, ""id"": 203, ""item_id"": 1, ""item_name_snapshot"": ""Bier gross"", ""item_short_label_snapshot"": ""Gross"", ""person_id"": 45, ""quantity"": 2, ""unit_price_eur"": 2.5, ""unit_purchase_price_eur"": 1.4, ""updated_at"": ""2026-05-06 20:27:37""}"
2026-05-08_224617;C:\Users\Dani\Documents\CODEX-Projects\drink_pos\data\drink_pos_dev.db;data;order_lines;204;"{""admin_only_snapshot"": 0, ""consumed_date"": ""2026-05-06"", ""created_at"": ""2026-05-06 20:22:02"", ""event_open"": 0, ""id"": 204, ""item_id"": 3, ""item_name_snapshot"": ""Limo"", ""item_short_label_snapshot"": ""Limo"", ""person_id"": 45, ""quantity"": 1, ""unit_price_eur"": 1.0, ""unit_purchase_price_eur"": 0.45, ""updated_at"": ""2026-05-06 20:27:37""}"
2026-05-08_224617;C:\Users\Dani\Documents\CODEX-Projects\drink_pos\data\drink_pos_dev.db;data;order_lines;205;"{""admin_only_snapshot"": 0, ""consumed_date"": ""2026-05-06"", ""created_at"": ""2026-05-06 20:23:56"", ""event_open"": 1, ""id"": 205, ""item_id"": 2, ""item_name_snapshot"": ""Bier klein"", ""item_short_label_snapshot"": ""Klein"", ""person_id"": 33, ""quantity"": 0, ""unit_price_eur"": 1.8, ""unit_purchase_price_eur"": 1.0, ""updated_at"": ""2026-05-06 20:27:37""}"
2026-05-08_224617;C:\Users\Dani\Documents\CODEX-Projects\drink_pos\data\drink_pos_dev.db;data;order_lines;206;"{""admin_only_snapshot"": 0, ""consumed_date"": ""2026-05-06"", ""created_at"": ""2026-05-06 20:24:00"", ""event_open"": 0, ""id"": 206, ""item_id"": 2, ""item_name_snapshot"": ""Bier klein"", ""item_short_label_snapshot"": ""Klein"", ""person_id"": 34, ""quantity"": 3, ""unit_price_eur"": 1.8, ""unit_purchase_price_eur"": 1.0, ""updated_at"": ""2026-05-06 20:27:37""}"
2026-05-08_224617;C:\Users\Dani\Documents\CODEX-Projects\drink_pos\data\drink_pos_dev.db;data;order_lines;207;"{""admin_only_snapshot"": 0, ""consumed_date"": ""2026-05-06"", ""created_at"": ""2026-05-06 20:24:02"", ""event_open"": 0, ""id"": 207, ""item_id"": 1, ""item_name_snapshot"": ""Bier gross"", ""item_short_label_snapshot"": ""Gross"", ""person_id"": 34, ""quantity"": 1, ""unit_price_eur"": 2.5, ""unit_purchase_price_eur"": 1.4, ""updated_at"": ""2026-05-06 20:27:37""}"
2026-05-08_224617;C:\Users\Dani\Documents\CODEX-Projects\drink_pos\data\drink_pos_dev.db;data;order_lines;208;"{""admin_only_snapshot"": 0, ""consumed_date"": ""2026-05-06"", ""created_at"": ""2026-05-06 20:24:03"", ""event_open"": 1, ""id"": 208, ""item_id"": 3, ""item_name_snapshot"": ""Limo"", ""item_short_label_snapshot"": ""Limo"", ""person_id"": 34, ""quantity"": 0, ""unit_price_eur"": 1.0, ""unit_purchase_price_eur"": 0.45, ""updated_at"": ""2026-05-06 20:27:37""}"
2026-05-08_224617;C:\Users\Dani\Documents\CODEX-Projects\drink_pos\data\drink_pos_dev.db;data;order_lines;209;"{""admin_only_snapshot"": 0, ""consumed_date"": ""2026-05-06"", ""created_at"": ""2026-05-06 20:24:07"", ""event_open"": 0, ""id"": 209, ""item_id"": 1, ""item_name_snapshot"": ""Bier gross"", ""item_short_label_snapshot"": ""Gross"", ""person_id"": 2, ""quantity"": 1, ""unit_price_eur"": 2.5, ""unit_purchase_price_eur"": 1.4, ""updated_at"": ""2026-05-06 20:27:37""}"
2026-05-08_224617;C:\Users\Dani\Documents\CODEX-Projects\drink_pos\data\drink_pos_dev.db;data;order_lines;210;"{""admin_only_snapshot"": 0, ""consumed_date"": ""2026-05-06"", ""created_at"": ""2026-05-06 20:24:08"", ""event_open"": 0, ""id"": 210, ""item_id"": 2, ""item_name_snapshot"": ""Bier klein"", ""item_short_label_snapshot"": ""Klein"", ""person_id"": 2, ""quantity"": 2, ""unit_price_eur"": 1.8, ""unit_purchase_price_eur"": 1.0, ""updated_at"": ""2026-05-06 20:27:37""}"
2026-05-08_224617;C:\Users\Dani\Documents\CODEX-Projects\drink_pos\data\drink_pos_dev.db;data;order_lines;211;"{""admin_only_snapshot"": 0, ""consumed_date"": ""2026-05-06"", ""created_at"": ""2026-05-06 20:24:09"", ""event_open"": 1, ""id"": 211, ""item_id"": 3, ""item_name_snapshot"": ""Limo"", ""item_short_label_snapshot"": ""Limo"", ""person_id"": 2, ""quantity"": 0, ""unit_price_eur"": 1.0, ""unit_purchase_price_eur"": 0.45, ""updated_at"": ""2026-05-06 20:27:37""}"
2026-05-08_224617;C:\Users\Dani\Documents\CODEX-Projects\drink_pos\data\drink_pos_dev.db;data;order_lines;212;"{""admin_only_snapshot"": 0, ""consumed_date"": ""2026-05-06"", ""created_at"": ""2026-05-06 20:24:39"", ""event_open"": 0, ""id"": 212, ""item_id"": 2, ""item_name_snapshot"": ""Bier klein"", ""item_short_label_snapshot"": ""Klein"", ""person_id"": 1, ""quantity"": 22, ""unit_price_eur"": 1.8, ""unit_purchase_price_eur"": 1.0, ""updated_at"": ""2026-05-06 20:27:37""}"
2026-05-08_224617;C:\Users\Dani\Documents\CODEX-Projects\drink_pos\data\drink_pos_dev.db;data;order_lines;213;"{""admin_only_snapshot"": 0, ""consumed_date"": ""2026-05-06"", ""created_at"": ""2026-05-06 20:24:41"", ""event_open"": 0, ""id"": 213, ""item_id"": 1, ""item_name_snapshot"": ""Bier gross"", ""item_short_label_snapshot"": ""Gross"", ""person_id"": 1, ""quantity"": 7, ""unit_price_eur"": 2.5, ""unit_purchase_price_eur"": 1.4, ""updated_at"": ""2026-05-06 20:27:37""}"
2026-05-08_224617;C:\Users\Dani\Documents\CODEX-Projects\drink_pos\data\drink_pos_dev.db;data;order_lines;214;"{""admin_only_snapshot"": 0, ""consumed_date"": ""2026-05-06"", ""created_at"": ""2026-05-06 20:24:42"", ""event_open"": 0, ""id"": 214, ""item_id"": 3, ""item_name_snapshot"": ""Limo"", ""item_short_label_snapshot"": ""Limo"", ""person_id"": 1, ""quantity"": 24, ""unit_price_eur"": 1.0, ""unit_purchase_price_eur"": 0.45, ""updated_at"": ""2026-05-06 20:27:37""}"
2026-05-08_224617;C:\Users\Dani\Documents\CODEX-Projects\drink_pos\data\drink_pos_dev.db;data;order_lines;215;"{""admin_only_snapshot"": 0, ""consumed_date"": ""2026-05-06"", ""created_at"": ""2026-05-06 20:26:33"", ""event_open"": 0, ""id"": 215, ""item_id"": 2, ""item_name_snapshot"": ""Bier klein"", ""item_short_label_snapshot"": ""Klein"", ""person_id"": 36, ""quantity"": 1, ""unit_price_eur"": 1.8, ""unit_purchase_price_eur"": 1.0, ""updated_at"": ""2026-05-06 20:27:37""}"
2026-05-08_224617;C:\Users\Dani\Documents\CODEX-Projects\drink_pos\data\drink_pos_dev.db;data;order_lines;216;"{""admin_only_snapshot"": 0, ""consumed_date"": ""2026-05-06"", ""created_at"": ""2026-05-06 20:26:33"", ""event_open"": 1, ""id"": 216, ""item_id"": 3, ""item_name_snapshot"": ""Limo"", ""item_short_label_snapshot"": ""Limo"", ""person_id"": 36, ""quantity"": 0, ""unit_price_eur"": 1.0, ""unit_purchase_price_eur"": 0.45, ""updated_at"": ""2026-05-06 20:27:37""}"
2026-05-08_224617;C:\Users\Dani\Documents\CODEX-Projects\drink_pos\data\drink_pos_dev.db;data;order_lines;217;"{""admin_only_snapshot"": 0, ""consumed_date"": ""2026-05-06"", ""created_at"": ""2026-05-06 20:26:34"", ""event_open"": 0, ""id"": 217, ""item_id"": 1, ""item_name_snapshot"": ""Bier gross"", ""item_short_label_snapshot"": ""Gross"", ""person_id"": 36, ""quantity"": 1, ""unit_price_eur"": 2.5, ""unit_purchase_price_eur"": 1.4, ""updated_at"": ""2026-05-06 20:27:37""}"
2026-05-08_224617;C:\Users\Dani\Documents\CODEX-Projects\drink_pos\data\drink_pos_dev.db;data;order_lines;218;"{""admin_only_snapshot"": 0, ""consumed_date"": ""2026-05-06"", ""created_at"": ""2026-05-06 20:26:36"", ""event_open"": 1, ""id"": 218, ""item_id"": 2, ""item_name_snapshot"": ""Bier klein"", ""item_short_label_snapshot"": ""Klein"", ""person_id"": 35, ""quantity"": 0, ""unit_price_eur"": 1.8, ""unit_purchase_price_eur"": 1.0, ""updated_at"": ""2026-05-06 20:26:47""}"
2026-05-08_224617;C:\Users\Dani\Documents\CODEX-Projects\drink_pos\data\drink_pos_dev.db;data;order_lines;219;"{""admin_only_snapshot"": 1, ""consumed_date"": ""2026-05-06"", ""created_at"": ""2026-05-06 20:27:05"", ""event_open"": 0, ""id"": 219, ""item_id"": 4, ""item_name_snapshot"": ""1 Runde"", ""item_short_label_snapshot"": ""Runde"", ""person_id"": 39, ""quantity"": 1, ""unit_price_eur"": 40.0, ""unit_purchase_price_eur"": 0.0, ""updated_at"": ""2026-05-06 20:27:37""}"
2026-05-08_224617;C:\Users\Dani\Documents\CODEX-Projects\drink_pos\data\drink_pos_dev.db;data;order_lines;220;"{""admin_only_snapshot"": 0, ""consumed_date"": ""2026-05-06"", ""created_at"": ""2026-05-06 20:27:43"", ""event_open"": 0, ""id"": 220, ""item_id"": 1, ""item_name_snapshot"": ""Bier gross"", ""item_short_label_snapshot"": ""Gross"", ""person_id"": 41, ""quantity"": 4, ""unit_price_eur"": 2.5, ""unit_purchase_price_eur"": 1.4, ""updated_at"": ""2026-05-08 21:06:04""}"
2026-05-08_224617;C:\Users\Dani\Documents\CODEX-Projects\drink_pos\data\drink_pos_dev.db;data;order_lines;221;"{""admin_only_snapshot"": 0, ""consumed_date"": ""2026-05-06"", ""created_at"": ""2026-05-06 20:27:43"", ""event_open"": 0, ""id"": 221, ""item_id"": 2, ""item_name_snapshot"": ""Bier klein"", ""item_short_label_snapshot"": ""Klein"", ""person_id"": 41, ""quantity"": 2, ""unit_price_eur"": 1.8, ""unit_purchase_price_eur"": 1.0, ""updated_at"": ""2026-05-08 21:06:04""}"
2026-05-08_224617;C:\Users\Dani\Documents\CODEX-Projects\drink_pos\data\drink_pos_dev.db;data;order_lines;222;"{""admin_only_snapshot"": 0, ""consumed_date"": ""2026-05-06"", ""created_at"": ""2026-05-06 20:27:43"", ""event_open"": 1, ""id"": 222, ""item_id"": 3, ""item_name_snapshot"": ""Limo"", ""item_short_label_snapshot"": ""Limo"", ""person_id"": 41, ""quantity"": 0, ""unit_price_eur"": 1.0, ""unit_purchase_price_eur"": 0.45, ""updated_at"": ""2026-05-08 21:06:04""}"
2026-05-08_224617;C:\Users\Dani\Documents\CODEX-Projects\drink_pos\data\drink_pos_dev.db;data;order_lines;223;"{""admin_only_snapshot"": 0, ""consumed_date"": ""2026-05-06"", ""created_at"": ""2026-05-06 20:27:43"", ""event_open"": 0, ""id"": 223, ""item_id"": 1, ""item_name_snapshot"": ""Bier gross"", ""item_short_label_snapshot"": ""Gross"", ""person_id"": 61, ""quantity"": 2, ""unit_price_eur"": 2.5, ""unit_purchase_price_eur"": 1.4, ""updated_at"": ""2026-05-08 21:06:04""}"
2026-05-08_224617;C:\Users\Dani\Documents\CODEX-Projects\drink_pos\data\drink_pos_dev.db;data;order_lines;224;"{""admin_only_snapshot"": 0, ""consumed_date"": ""2026-05-06"", ""created_at"": ""2026-05-06 20:27:43"", ""event_open"": 1, ""id"": 224, ""item_id"": 3, ""item_name_snapshot"": ""Limo"", ""item_short_label_snapshot"": ""Limo"", ""person_id"": 61, ""quantity"": 0, ""unit_price_eur"": 1.0, ""unit_purchase_price_eur"": 0.45, ""updated_at"": ""2026-05-08 21:06:04""}"
2026-05-08_224617;C:\Users\Dani\Documents\CODEX-Projects\drink_pos\data\drink_pos_dev.db;data;order_lines;225;"{""admin_only_snapshot"": 0, ""consumed_date"": ""2026-05-06"", ""created_at"": ""2026-05-06 20:27:43"", ""event_open"": 0, ""id"": 225, ""item_id"": 1, ""item_name_snapshot"": ""Bier gross"", ""item_short_label_snapshot"": ""Gross"", ""person_id"": 21, ""quantity"": 1, ""unit_price_eur"": 2.5, ""unit_purchase_price_eur"": 1.4, ""updated_at"": ""2026-05-08 21:06:04""}"
2026-05-08_224617;C:\Users\Dani\Documents\CODEX-Projects\drink_pos\data\drink_pos_dev.db;data;order_lines;226;"{""admin_only_snapshot"": 0, ""consumed_date"": ""2026-05-06"", ""created_at"": ""2026-05-06 20:27:43"", ""event_open"": 0, ""id"": 226, ""item_id"": 2, ""item_name_snapshot"": ""Bier klein"", ""item_short_label_snapshot"": ""Klein"", ""person_id"": 21, ""quantity"": 2, ""unit_price_eur"": 1.8, ""unit_purchase_price_eur"": 1.0, ""updated_at"": ""2026-05-08 21:06:04""}"
2026-05-08_224617;C:\Users\Dani\Documents\CODEX-Projects\drink_pos\data\drink_pos_dev.db;data;order_lines;227;"{""admin_only_snapshot"": 0, ""consumed_date"": ""2026-05-06"", ""created_at"": ""2026-05-06 20:27:43"", ""event_open"": 0, ""id"": 227, ""item_id"": 3, ""item_name_snapshot"": ""Limo"", ""item_short_label_snapshot"": ""Limo"", ""person_id"": 21, ""quantity"": 2, ""unit_price_eur"": 1.0, ""unit_purchase_price_eur"": 0.45, ""updated_at"": ""2026-05-08 21:06:04""}"
2026-05-08_224617;C:\Users\Dani\Documents\CODEX-Projects\drink_pos\data\drink_pos_dev.db;data;order_lines;228;"{""admin_only_snapshot"": 0, ""consumed_date"": ""2026-05-06"", ""created_at"": ""2026-05-06 20:27:43"", ""event_open"": 0, ""id"": 228, ""item_id"": 2, ""item_name_snapshot"": ""Bier klein"", ""item_short_label_snapshot"": ""Klein"", ""person_id"": 6, ""quantity"": 1, ""unit_price_eur"": 1.8, ""unit_purchase_price_eur"": 1.0, ""updated_at"": ""2026-05-08 21:06:04""}"
2026-05-08_224617;C:\Users\Dani\Documents\CODEX-Projects\drink_pos\data\drink_pos_dev.db;data;order_lines;229;"{""admin_only_snapshot"": 0, ""consumed_date"": ""2026-05-06"", ""created_at"": ""2026-05-06 20:27:43"", ""event_open"": 0, ""id"": 229, ""item_id"": 3, ""item_name_snapshot"": ""Limo"", ""item_short_label_snapshot"": ""Limo"", ""person_id"": 6, ""quantity"": 2, ""unit_price_eur"": 1.0, ""unit_purchase_price_eur"": 0.45, ""updated_at"": ""2026-05-08 21:06:04""}"
2026-05-08_224617;C:\Users\Dani\Documents\CODEX-Projects\drink_pos\data\drink_pos_dev.db;data;order_lines;230;"{""admin_only_snapshot"": 0, ""consumed_date"": ""2026-05-06"", ""created_at"": ""2026-05-06 20:27:43"", ""event_open"": 0, ""id"": 230, ""item_id"": 1, ""item_name_snapshot"": ""Bier gross"", ""item_short_label_snapshot"": ""Gross"", ""person_id"": 12, ""quantity"": 1, ""unit_price_eur"": 2.5, ""unit_purchase_price_eur"": 1.4, ""updated_at"": ""2026-05-08 21:06:04""}"
2026-05-08_224617;C:\Users\Dani\Documents\CODEX-Projects\drink_pos\data\drink_pos_dev.db;data;order_lines;231;"{""admin_only_snapshot"": 0, ""consumed_date"": ""2026-05-06"", ""created_at"": ""2026-05-06 20:27:43"", ""event_open"": 0, ""id"": 231, ""item_id"": 2, ""item_name_snapshot"": ""Bier klein"", ""item_short_label_snapshot"": ""Klein"", ""person_id"": 12, ""quantity"": 2, ""unit_price_eur"": 1.8, ""unit_purchase_price_eur"": 1.0, ""updated_at"": ""2026-05-08 21:06:04""}"
2026-05-08_224617;C:\Users\Dani\Documents\CODEX-Projects\drink_pos\data\drink_pos_dev.db;data;order_lines;232;"{""admin_only_snapshot"": 0, ""consumed_date"": ""2026-05-06"", ""created_at"": ""2026-05-06 20:27:43"", ""event_open"": 0, ""id"": 232, ""item_id"": 1, ""item_name_snapshot"": ""Bier gross"", ""item_short_label_snapshot"": ""Gross"", ""person_id"": 4, ""quantity"": 1, ""unit_price_eur"": 2.5, ""unit_purchase_price_eur"": 1.4, ""updated_at"": ""2026-05-08 21:06:04""}"
2026-05-08_224617;C:\Users\Dani\Documents\CODEX-Projects\drink_pos\data\drink_pos_dev.db;data;order_lines;233;"{""admin_only_snapshot"": 0, ""consumed_date"": ""2026-05-06"", ""created_at"": ""2026-05-06 20:27:43"", ""event_open"": 0, ""id"": 233, ""item_id"": 2, ""item_name_snapshot"": ""Bier klein"", ""item_short_label_snapshot"": ""Klein"", ""person_id"": 4, ""quantity"": 2, ""unit_price_eur"": 1.8, ""unit_purchase_price_eur"": 1.0, ""updated_at"": ""2026-05-08 21:06:04""}"
2026-05-08_224617;C:\Users\Dani\Documents\CODEX-Projects\drink_pos\data\drink_pos_dev.db;data;order_lines;234;"{""admin_only_snapshot"": 0, ""consumed_date"": ""2026-05-06"", ""created_at"": ""2026-05-06 20:27:43"", ""event_open"": 0, ""id"": 234, ""item_id"": 3, ""item_name_snapshot"": ""Limo"", ""item_short_label_snapshot"": ""Limo"", ""person_id"": 4, ""quantity"": 1, ""unit_price_eur"": 1.0, ""unit_purchase_price_eur"": 0.45, ""updated_at"": ""2026-05-08 21:06:04""}"
2026-05-08_224617;C:\Users\Dani\Documents\CODEX-Projects\drink_pos\data\drink_pos_dev.db;data;order_lines;235;"{""admin_only_snapshot"": 0, ""consumed_date"": ""2026-05-06"", ""created_at"": ""2026-05-06 20:27:43"", ""event_open"": 0, ""id"": 235, ""item_id"": 1, ""item_name_snapshot"": ""Bier gross"", ""item_short_label_snapshot"": ""Gross"", ""person_id"": 34, ""quantity"": 1, ""unit_price_eur"": 2.5, ""unit_purchase_price_eur"": 1.4, ""updated_at"": ""2026-05-08 21:06:04""}"
2026-05-08_224617;C:\Users\Dani\Documents\CODEX-Projects\drink_pos\data\drink_pos_dev.db;data;order_lines;236;"{""admin_only_snapshot"": 0, ""consumed_date"": ""2026-05-06"", ""created_at"": ""2026-05-06 20:27:43"", ""event_open"": 0, ""id"": 236, ""item_id"": 2, ""item_name_snapshot"": ""Bier klein"", ""item_short_label_snapshot"": ""Klein"", ""person_id"": 34, ""quantity"": 3, ""unit_price_eur"": 1.8, ""unit_purchase_price_eur"": 1.0, ""updated_at"": ""2026-05-08 21:06:04""}"
2026-05-08_224617;C:\Users\Dani\Documents\CODEX-Projects\drink_pos\data\drink_pos_dev.db;data;order_lines;237;"{""admin_only_snapshot"": 0, ""consumed_date"": ""2026-05-06"", ""created_at"": ""2026-05-06 20:27:43"", ""event_open"": 0, ""id"": 237, ""item_id"": 3, ""item_name_snapshot"": ""Limo"", ""item_short_label_snapshot"": ""Limo"", ""person_id"": 34, ""quantity"": 1, ""unit_price_eur"": 1.0, ""unit_purchase_price_eur"": 0.45, ""updated_at"": ""2026-05-08 21:06:04""}"
2026-05-08_224617;C:\Users\Dani\Documents\CODEX-Projects\drink_pos\data\drink_pos_dev.db;data;order_lines;238;"{""admin_only_snapshot"": 0, ""consumed_date"": ""2026-05-06"", ""created_at"": ""2026-05-06 20:27:43"", ""event_open"": 0, ""id"": 238, ""item_id"": 1, ""item_name_snapshot"": ""Bier gross"", ""item_short_label_snapshot"": ""Gross"", ""person_id"": 27, ""quantity"": 2, ""unit_price_eur"": 2.5, ""unit_purchase_price_eur"": 1.4, ""updated_at"": ""2026-05-08 21:06:04""}"
2026-05-08_224617;C:\Users\Dani\Documents\CODEX-Projects\drink_pos\data\drink_pos_dev.db;data;order_lines;239;"{""admin_only_snapshot"": 0, ""consumed_date"": ""2026-05-06"", ""created_at"": ""2026-05-06 20:27:43"", ""event_open"": 0, ""id"": 239, ""item_id"": 2, ""item_name_snapshot"": ""Bier klein"", ""item_short_label_snapshot"": ""Klein"", ""person_id"": 27, ""quantity"": 2, ""unit_price_eur"": 1.8, ""unit_purchase_price_eur"": 1.0, ""updated_at"": ""2026-05-08 21:06:04""}"
2026-05-08_224617;C:\Users\Dani\Documents\CODEX-Projects\drink_pos\data\drink_pos_dev.db;data;order_lines;240;"{""admin_only_snapshot"": 0, ""consumed_date"": ""2026-05-06"", ""created_at"": ""2026-05-06 20:27:43"", ""event_open"": 0, ""id"": 240, ""item_id"": 1, ""item_name_snapshot"": ""Bier gross"", ""item_short_label_snapshot"": ""Gross"", ""person_id"": 40, ""quantity"": 1, ""unit_price_eur"": 2.5, ""unit_purchase_price_eur"": 1.4, ""updated_at"": ""2026-05-08 21:06:04""}"
2026-05-08_224617;C:\Users\Dani\Documents\CODEX-Projects\drink_pos\data\drink_pos_dev.db;data;order_lines;241;"{""admin_only_snapshot"": 0, ""consumed_date"": ""2026-05-06"", ""created_at"": ""2026-05-06 20:27:43"", ""event_open"": 0, ""id"": 241, ""item_id"": 3, ""item_name_snapshot"": ""Limo"", ""item_short_label_snapshot"": ""Limo"", ""person_id"": 40, ""quantity"": 2, ""unit_price_eur"": 1.0, ""unit_purchase_price_eur"": 0.45, ""updated_at"": ""2026-05-08 21:06:04""}"
2026-05-08_224617;C:\Users\Dani\Documents\CODEX-Projects\drink_pos\data\drink_pos_dev.db;data;order_lines;242;"{""admin_only_snapshot"": 0, ""consumed_date"": ""2026-05-06"", ""created_at"": ""2026-05-06 20:27:43"", ""event_open"": 0, ""id"": 242, ""item_id"": 1, ""item_name_snapshot"": ""Bier gross"", ""item_short_label_snapshot"": ""Gross"", ""person_id"": 44, ""quantity"": 5, ""unit_price_eur"": 2.5, ""unit_purchase_price_eur"": 1.4, ""updated_at"": ""2026-05-08 21:06:04""}"
2026-05-08_224617;C:\Users\Dani\Documents\CODEX-Projects\drink_pos\data\drink_pos_dev.db;data;order_lines;243;"{""admin_only_snapshot"": 0, ""consumed_date"": ""2026-05-06"", ""created_at"": ""2026-05-06 20:27:43"", ""event_open"": 0, ""id"": 243, ""item_id"": 2, ""item_name_snapshot"": ""Bier klein"", ""item_short_label_snapshot"": ""Klein"", ""person_id"": 44, ""quantity"": 3, ""unit_price_eur"": 1.8, ""unit_purchase_price_eur"": 1.0, ""updated_at"": ""2026-05-08 21:06:04""}"
2026-05-08_224617;C:\Users\Dani\Documents\CODEX-Projects\drink_pos\data\drink_pos_dev.db;data;order_lines;244;"{""admin_only_snapshot"": 0, ""consumed_date"": ""2026-05-06"", ""created_at"": ""2026-05-06 20:27:43"", ""event_open"": 0, ""id"": 244, ""item_id"": 3, ""item_name_snapshot"": ""Limo"", ""item_short_label_snapshot"": ""Limo"", ""person_id"": 44, ""quantity"": 5, ""unit_price_eur"": 1.0, ""unit_purchase_price_eur"": 0.45, ""updated_at"": ""2026-05-08 21:06:04""}"
2026-05-08_224617;C:\Users\Dani\Documents\CODEX-Projects\drink_pos\data\drink_pos_dev.db;data;order_lines;245;"{""admin_only_snapshot"": 0, ""consumed_date"": ""2026-05-06"", ""created_at"": ""2026-05-06 20:27:43"", ""event_open"": 0, ""id"": 245, ""item_id"": 1, ""item_name_snapshot"": ""Bier gross"", ""item_short_label_snapshot"": ""Gross"", ""person_id"": 14, ""quantity"": 2, ""unit_price_eur"": 2.5, ""unit_purchase_price_eur"": 1.4, ""updated_at"": ""2026-05-08 21:06:04""}"
2026-05-08_224617;C:\Users\Dani\Documents\CODEX-Projects\drink_pos\data\drink_pos_dev.db;data;order_lines;246;"{""admin_only_snapshot"": 0, ""consumed_date"": ""2026-05-06"", ""created_at"": ""2026-05-06 20:27:43"", ""event_open"": 0, ""id"": 246, ""item_id"": 2, ""item_name_snapshot"": ""Bier klein"", ""item_short_label_snapshot"": ""Klein"", ""person_id"": 14, ""quantity"": 2, ""unit_price_eur"": 1.8, ""unit_purchase_price_eur"": 1.0, ""updated_at"": ""2026-05-08 21:06:04""}"
2026-05-08_224617;C:\Users\Dani\Documents\CODEX-Projects\drink_pos\data\drink_pos_dev.db;data;order_lines;247;"{""admin_only_snapshot"": 0, ""consumed_date"": ""2026-05-06"", ""created_at"": ""2026-05-06 20:27:43"", ""event_open"": 1, ""id"": 247, ""item_id"": 3, ""item_name_snapshot"": ""Limo"", ""item_short_label_snapshot"": ""Limo"", ""person_id"": 14, ""quantity"": 0, ""unit_price_eur"": 1.0, ""unit_purchase_price_eur"": 0.45, ""updated_at"": ""2026-05-08 21:06:04""}"
2026-05-08_224617;C:\Users\Dani\Documents\CODEX-Projects\drink_pos\data\drink_pos_dev.db;data;order_lines;248;"{""admin_only_snapshot"": 0, ""consumed_date"": ""2026-05-06"", ""created_at"": ""2026-05-06 20:27:43"", ""event_open"": 0, ""id"": 248, ""item_id"": 2, ""item_name_snapshot"": ""Bier klein"", ""item_short_label_snapshot"": ""Klein"", ""person_id"": 20, ""quantity"": 2, ""unit_price_eur"": 1.8, ""unit_purchase_price_eur"": 1.0, ""updated_at"": ""2026-05-08 21:06:04""}"
2026-05-08_224617;C:\Users\Dani\Documents\CODEX-Projects\drink_pos\data\drink_pos_dev.db;data;order_lines;249;"{""admin_only_snapshot"": 0, ""consumed_date"": ""2026-05-06"", ""created_at"": ""2026-05-06 20:27:43"", ""event_open"": 0, ""id"": 249, ""item_id"": 3, ""item_name_snapshot"": ""Limo"", ""item_short_label_snapshot"": ""Limo"", ""person_id"": 20, ""quantity"": 2, ""unit_price_eur"": 1.0, ""unit_purchase_price_eur"": 0.45, ""updated_at"": ""2026-05-08 21:06:04""}"
2026-05-08_224617;C:\Users\Dani\Documents\CODEX-Projects\drink_pos\data\drink_pos_dev.db;data;order_lines;250;"{""admin_only_snapshot"": 0, ""consumed_date"": ""2026-05-06"", ""created_at"": ""2026-05-06 20:27:44"", ""event_open"": 0, ""id"": 250, ""item_id"": 1, ""item_name_snapshot"": ""Bier gross"", ""item_short_label_snapshot"": ""Gross"", ""person_id"": 9, ""quantity"": 4, ""unit_price_eur"": 2.5, ""unit_purchase_price_eur"": 1.4, ""updated_at"": ""2026-05-08 21:06:04""}"
2026-05-08_224617;C:\Users\Dani\Documents\CODEX-Projects\drink_pos\data\drink_pos_dev.db;data;order_lines;251;"{""admin_only_snapshot"": 0, ""consumed_date"": ""2026-05-06"", ""created_at"": ""2026-05-06 20:27:44"", ""event_open"": 0, ""id"": 251, ""item_id"": 3, ""item_name_snapshot"": ""Limo"", ""item_short_label_snapshot"": ""Limo"", ""person_id"": 9, ""quantity"": 3, ""unit_price_eur"": 1.0, ""unit_purchase_price_eur"": 0.45, ""updated_at"": ""2026-05-08 21:06:04""}"
2026-05-08_224617;C:\Users\Dani\Documents\CODEX-Projects\drink_pos\data\drink_pos_dev.db;data;order_lines;252;"{""admin_only_snapshot"": 0, ""consumed_date"": ""2026-05-06"", ""created_at"": ""2026-05-06 20:27:44"", ""event_open"": 0, ""id"": 252, ""item_id"": 1, ""item_name_snapshot"": ""Bier gross"", ""item_short_label_snapshot"": ""Gross"", ""person_id"": 43, ""quantity"": 2, ""unit_price_eur"": 2.5, ""unit_purchase_price_eur"": 1.4, ""updated_at"": ""2026-05-08 21:06:04""}"
2026-05-08_224617;C:\Users\Dani\Documents\CODEX-Projects\drink_pos\data\drink_pos_dev.db;data;order_lines;253;"{""admin_only_snapshot"": 0, ""consumed_date"": ""2026-05-06"", ""created_at"": ""2026-05-06 20:27:44"", ""event_open"": 0, ""id"": 253, ""item_id"": 3, ""item_name_snapshot"": ""Limo"", ""item_short_label_snapshot"": ""Limo"", ""person_id"": 43, ""quantity"": 1, ""unit_price_eur"": 1.0, ""unit_purchase_price_eur"": 0.45, ""updated_at"": ""2026-05-08 21:06:04""}"
2026-05-08_224617;C:\Users\Dani\Documents\CODEX-Projects\drink_pos\data\drink_pos_dev.db;data;order_lines;254;"{""admin_only_snapshot"": 0, ""consumed_date"": ""2026-05-06"", ""created_at"": ""2026-05-06 20:27:44"", ""event_open"": 0, ""id"": 254, ""item_id"": 2, ""item_name_snapshot"": ""Bier klein"", ""item_short_label_snapshot"": ""Klein"", ""person_id"": 3, ""quantity"": 3, ""unit_price_eur"": 1.8, ""unit_purchase_price_eur"": 1.0, ""updated_at"": ""2026-05-08 21:06:04""}"
2026-05-08_224617;C:\Users\Dani\Documents\CODEX-Projects\drink_pos\data\drink_pos_dev.db;data;order_lines;255;"{""admin_only_snapshot"": 0, ""consumed_date"": ""2026-05-06"", ""created_at"": ""2026-05-06 20:27:44"", ""event_open"": 0, ""id"": 255, ""item_id"": 3, ""item_name_snapshot"": ""Limo"", ""item_short_label_snapshot"": ""Limo"", ""person_id"": 3, ""quantity"": 2, ""unit_price_eur"": 1.0, ""unit_purchase_price_eur"": 0.45, ""updated_at"": ""2026-05-08 21:06:04""}"
2026-05-08_224617;C:\Users\Dani\Documents\CODEX-Projects\drink_pos\data\drink_pos_dev.db;data;order_lines;256;"{""admin_only_snapshot"": 0, ""consumed_date"": ""2026-05-06"", ""created_at"": ""2026-05-06 20:27:44"", ""event_open"": 0, ""id"": 256, ""item_id"": 1, ""item_name_snapshot"": ""Bier gross"", ""item_short_label_snapshot"": ""Gross"", ""person_id"": 25, ""quantity"": 3, ""unit_price_eur"": 2.5, ""unit_purchase_price_eur"": 1.4, ""updated_at"": ""2026-05-08 21:06:04""}"
2026-05-08_224617;C:\Users\Dani\Documents\CODEX-Projects\drink_pos\data\drink_pos_dev.db;data;order_lines;257;"{""admin_only_snapshot"": 0, ""consumed_date"": ""2026-05-06"", ""created_at"": ""2026-05-06 20:27:44"", ""event_open"": 0, ""id"": 257, ""item_id"": 2, ""item_name_snapshot"": ""Bier klein"", ""item_short_label_snapshot"": ""Klein"", ""person_id"": 25, ""quantity"": 2, ""unit_price_eur"": 1.8, ""unit_purchase_price_eur"": 1.0, ""updated_at"": ""2026-05-08 21:06:04""}"
2026-05-08_224617;C:\Users\Dani\Documents\CODEX-Projects\drink_pos\data\drink_pos_dev.db;data;order_lines;258;"{""admin_only_snapshot"": 0, ""consumed_date"": ""2026-05-06"", ""created_at"": ""2026-05-06 20:27:44"", ""event_open"": 1, ""id"": 258, ""item_id"": 3, ""item_name_snapshot"": ""Limo"", ""item_short_label_snapshot"": ""Limo"", ""person_id"": 25, ""quantity"": 0, ""unit_price_eur"": 1.0, ""unit_purchase_price_eur"": 0.45, ""updated_at"": ""2026-05-08 21:06:04""}"
2026-05-08_224617;C:\Users\Dani\Documents\CODEX-Projects\drink_pos\data\drink_pos_dev.db;data;order_lines;259;"{""admin_only_snapshot"": 0, ""consumed_date"": ""2026-05-06"", ""created_at"": ""2026-05-06 20:27:44"", ""event_open"": 0, ""id"": 259, ""item_id"": 2, ""item_name_snapshot"": ""Bier klein"", ""item_short_label_snapshot"": ""Klein"", ""person_id"": 35, ""quantity"": 3, ""unit_price_eur"": 1.8, ""unit_purchase_price_eur"": 1.0, ""updated_at"": ""2026-05-08 21:06:04""}"
2026-05-08_224617;C:\Users\Dani\Documents\CODEX-Projects\drink_pos\data\drink_pos_dev.db;data;order_lines;260;"{""admin_only_snapshot"": 0, ""consumed_date"": ""2026-05-06"", ""created_at"": ""2026-05-06 20:27:44"", ""event_open"": 0, ""id"": 260, ""item_id"": 3, ""item_name_snapshot"": ""Limo"", ""item_short_label_snapshot"": ""Limo"", ""person_id"": 35, ""quantity"": 1, ""unit_price_eur"": 1.0, ""unit_purchase_price_eur"": 0.45, ""updated_at"": ""2026-05-08 21:06:04""}"
2026-05-08_224617;C:\Users\Dani\Documents\CODEX-Projects\drink_pos\data\drink_pos_dev.db;data;order_lines;261;"{""admin_only_snapshot"": 0, ""consumed_date"": ""2026-05-06"", ""created_at"": ""2026-05-06 20:27:44"", ""event_open"": 0, ""id"": 261, ""item_id"": 1, ""item_name_snapshot"": ""Bier gross"", ""item_short_label_snapshot"": ""Gross"", ""person_id"": 52, ""quantity"": 2, ""unit_price_eur"": 2.5, ""unit_purchase_price_eur"": 1.4, ""updated_at"": ""2026-05-08 21:06:04""}"
2026-05-08_224617;C:\Users\Dani\Documents\CODEX-Projects\drink_pos\data\drink_pos_dev.db;data;order_lines;262;"{""admin_only_snapshot"": 0, ""consumed_date"": ""2026-05-06"", ""created_at"": ""2026-05-06 20:27:44"", ""event_open"": 0, ""id"": 262, ""item_id"": 2, ""item_name_snapshot"": ""Bier klein"", ""item_short_label_snapshot"": ""Klein"", ""person_id"": 52, ""quantity"": 3, ""unit_price_eur"": 1.8, ""unit_purchase_price_eur"": 1.0, ""updated_at"": ""2026-05-08 21:06:04""}"
2026-05-08_224617;C:\Users\Dani\Documents\CODEX-Projects\drink_pos\data\drink_pos_dev.db;data;order_lines;263;"{""admin_only_snapshot"": 0, ""consumed_date"": ""2026-05-06"", ""created_at"": ""2026-05-06 20:27:44"", ""event_open"": 0, ""id"": 263, ""item_id"": 2, ""item_name_snapshot"": ""Bier klein"", ""item_short_label_snapshot"": ""Klein"", ""person_id"": 16, ""quantity"": 2, ""unit_price_eur"": 1.8, ""unit_purchase_price_eur"": 1.0, ""updated_at"": ""2026-05-08 21:06:04""}"
2026-05-08_224617;C:\Users\Dani\Documents\CODEX-Projects\drink_pos\data\drink_pos_dev.db;data;order_lines;264;"{""admin_only_snapshot"": 0, ""consumed_date"": ""2026-05-06"", ""created_at"": ""2026-05-06 20:27:44"", ""event_open"": 0, ""id"": 264, ""item_id"": 1, ""item_name_snapshot"": ""Bier gross"", ""item_short_label_snapshot"": ""Gross"", ""person_id"": 33, ""quantity"": 3, ""unit_price_eur"": 2.5, ""unit_purchase_price_eur"": 1.4, ""updated_at"": ""2026-05-08 21:06:04""}"
2026-05-08_224617;C:\Users\Dani\Documents\CODEX-Projects\drink_pos\data\drink_pos_dev.db;data;order_lines;265;"{""admin_only_snapshot"": 0, ""consumed_date"": ""2026-05-06"", ""created_at"": ""2026-05-06 20:27:44"", ""event_open"": 1, ""id"": 265, ""item_id"": 2, ""item_name_snapshot"": ""Bier klein"", ""item_short_label_snapshot"": ""Klein"", ""person_id"": 33, ""quantity"": 0, ""unit_price_eur"": 1.8, ""unit_purchase_price_eur"": 1.0, ""updated_at"": ""2026-05-08 21:06:04""}"
2026-05-08_224617;C:\Users\Dani\Documents\CODEX-Projects\drink_pos\data\drink_pos_dev.db;data;order_lines;266;"{""admin_only_snapshot"": 0, ""consumed_date"": ""2026-05-06"", ""created_at"": ""2026-05-06 20:27:44"", ""event_open"": 0, ""id"": 266, ""item_id"": 2, ""item_name_snapshot"": ""Bier klein"", ""item_short_label_snapshot"": ""Klein"", ""person_id"": 45, ""quantity"": 3, ""unit_price_eur"": 1.8, ""unit_purchase_price_eur"": 1.0, ""updated_at"": ""2026-05-08 21:06:04""}"
2026-05-08_224617;C:\Users\Dani\Documents\CODEX-Projects\drink_pos\data\drink_pos_dev.db;data;order_lines;267;"{""admin_only_snapshot"": 0, ""consumed_date"": ""2026-05-06"", ""created_at"": ""2026-05-06 20:27:44"", ""event_open"": 0, ""id"": 267, ""item_id"": 3, ""item_name_snapshot"": ""Limo"", ""item_short_label_snapshot"": ""Limo"", ""person_id"": 45, ""quantity"": 1, ""unit_price_eur"": 1.0, ""unit_purchase_price_eur"": 0.45, ""updated_at"": ""2026-05-08 21:06:04""}"
2026-05-08_224617;C:\Users\Dani\Documents\CODEX-Projects\drink_pos\data\drink_pos_dev.db;data;order_lines;268;"{""admin_only_snapshot"": 0, ""consumed_date"": ""2026-05-06"", ""created_at"": ""2026-05-06 20:27:44"", ""event_open"": 0, ""id"": 268, ""item_id"": 1, ""item_name_snapshot"": ""Bier gross"", ""item_short_label_snapshot"": ""Gross"", ""person_id"": 47, ""quantity"": 5, ""unit_price_eur"": 2.5, ""unit_purchase_price_eur"": 1.4, ""updated_at"": ""2026-05-08 21:06:04""}"
2026-05-08_224617;C:\Users\Dani\Documents\CODEX-Projects\drink_pos\data\drink_pos_dev.db;data;order_lines;269;"{""admin_only_snapshot"": 0, ""consumed_date"": ""2026-05-06"", ""created_at"": ""2026-05-06 20:27:44"", ""event_open"": 0, ""id"": 269, ""item_id"": 2, ""item_name_snapshot"": ""Bier klein"", ""item_short_label_snapshot"": ""Klein"", ""person_id"": 47, ""quantity"": 6, ""unit_price_eur"": 1.8, ""unit_purchase_price_eur"": 1.0, ""updated_at"": ""2026-05-08 21:06:04""}"
2026-05-08_224617;C:\Users\Dani\Documents\CODEX-Projects\drink_pos\data\drink_pos_dev.db;data;order_lines;270;"{""admin_only_snapshot"": 0, ""consumed_date"": ""2026-05-06"", ""created_at"": ""2026-05-06 20:27:44"", ""event_open"": 0, ""id"": 270, ""item_id"": 2, ""item_name_snapshot"": ""Bier klein"", ""item_short_label_snapshot"": ""Klein"", ""person_id"": 24, ""quantity"": 1, ""unit_price_eur"": 1.8, ""unit_purchase_price_eur"": 1.0, ""updated_at"": ""2026-05-08 21:06:04""}"
2026-05-08_224617;C:\Users\Dani\Documents\CODEX-Projects\drink_pos\data\drink_pos_dev.db;data;order_lines;271;"{""admin_only_snapshot"": 0, ""consumed_date"": ""2026-05-06"", ""created_at"": ""2026-05-06 20:27:46"", ""event_open"": 0, ""id"": 271, ""item_id"": 1, ""item_name_snapshot"": ""Bier gross"", ""item_short_label_snapshot"": ""Gross"", ""person_id"": 42, ""quantity"": 1, ""unit_price_eur"": 2.5, ""unit_purchase_price_eur"": 1.4, ""updated_at"": ""2026-05-08 21:06:04""}"
2026-05-08_224617;C:\Users\Dani\Documents\CODEX-Projects\drink_pos\data\drink_pos_dev.db;data;order_lines;272;"{""admin_only_snapshot"": 0, ""consumed_date"": ""2026-05-06"", ""created_at"": ""2026-05-06 20:27:46"", ""event_open"": 0, ""id"": 272, ""item_id"": 2, ""item_name_snapshot"": ""Bier klein"", ""item_short_label_snapshot"": ""Klein"", ""person_id"": 42, ""quantity"": 2, ""unit_price_eur"": 1.8, ""unit_purchase_price_eur"": 1.0, ""updated_at"": ""2026-05-08 21:06:04""}"
2026-05-08_224617;C:\Users\Dani\Documents\CODEX-Projects\drink_pos\data\drink_pos_dev.db;data;order_lines;273;"{""admin_only_snapshot"": 0, ""consumed_date"": ""2026-05-06"", ""created_at"": ""2026-05-06 20:27:46"", ""event_open"": 1, ""id"": 273, ""item_id"": 3, ""item_name_snapshot"": ""Limo"", ""item_short_label_snapshot"": ""Limo"", ""person_id"": 42, ""quantity"": 0, ""unit_price_eur"": 1.0, ""unit_purchase_price_eur"": 0.45, ""updated_at"": ""2026-05-08 21:06:04""}"
2026-05-08_224617;C:\Users\Dani\Documents\CODEX-Projects\drink_pos\data\drink_pos_dev.db;data;order_lines;274;"{""admin_only_snapshot"": 0, ""consumed_date"": ""2026-05-06"", ""created_at"": ""2026-05-06 20:27:46"", ""event_open"": 0, ""id"": 274, ""item_id"": 1, ""item_name_snapshot"": ""Bier gross"", ""item_short_label_snapshot"": ""Gross"", ""person_id"": 6, ""quantity"": 2, ""unit_price_eur"": 2.5, ""unit_purchase_price_eur"": 1.4, ""updated_at"": ""2026-05-08 21:06:04""}"
2026-05-08_224617;C:\Users\Dani\Documents\CODEX-Projects\drink_pos\data\drink_pos_dev.db;data;order_lines;275;"{""admin_only_snapshot"": 0, ""consumed_date"": ""2026-05-06"", ""created_at"": ""2026-05-06 20:27:46"", ""event_open"": 0, ""id"": 275, ""item_id"": 1, ""item_name_snapshot"": ""Bier gross"", ""item_short_label_snapshot"": ""Gross"", ""person_id"": 51, ""quantity"": 1, ""unit_price_eur"": 2.5, ""unit_purchase_price_eur"": 1.4, ""updated_at"": ""2026-05-08 21:06:04""}"
2026-05-08_224617;C:\Users\Dani\Documents\CODEX-Projects\drink_pos\data\drink_pos_dev.db;data;order_lines;276;"{""admin_only_snapshot"": 0, ""consumed_date"": ""2026-05-06"", ""created_at"": ""2026-05-06 20:27:46"", ""event_open"": 0, ""id"": 276, ""item_id"": 1, ""item_name_snapshot"": ""Bier gross"", ""item_short_label_snapshot"": ""Gross"", ""person_id"": 54, ""quantity"": 3, ""unit_price_eur"": 2.5, ""unit_purchase_price_eur"": 1.4, ""updated_at"": ""2026-05-08 21:06:04""}"
2026-05-08_224617;C:\Users\Dani\Documents\CODEX-Projects\drink_pos\data\drink_pos_dev.db;data;order_lines;277;"{""admin_only_snapshot"": 0, ""consumed_date"": ""2026-05-06"", ""created_at"": ""2026-05-06 20:27:46"", ""event_open"": 0, ""id"": 277, ""item_id"": 2, ""item_name_snapshot"": ""Bier klein"", ""item_short_label_snapshot"": ""Klein"", ""person_id"": 54, ""quantity"": 2, ""unit_price_eur"": 1.8, ""unit_purchase_price_eur"": 1.0, ""updated_at"": ""2026-05-08 21:06:04""}"
2026-05-08_224617;C:\Users\Dani\Documents\CODEX-Projects\drink_pos\data\drink_pos_dev.db;data;order_lines;278;"{""admin_only_snapshot"": 0, ""consumed_date"": ""2026-05-06"", ""created_at"": ""2026-05-06 20:27:46"", ""event_open"": 0, ""id"": 278, ""item_id"": 3, ""item_name_snapshot"": ""Limo"", ""item_short_label_snapshot"": ""Limo"", ""person_id"": 54, ""quantity"": 1, ""unit_price_eur"": 1.0, ""unit_purchase_price_eur"": 0.45, ""updated_at"": ""2026-05-08 21:06:04""}"
2026-05-08_224617;C:\Users\Dani\Documents\CODEX-Projects\drink_pos\data\drink_pos_dev.db;data;order_lines;279;"{""admin_only_snapshot"": 0, ""consumed_date"": ""2026-05-06"", ""created_at"": ""2026-05-06 20:27:46"", ""event_open"": 1, ""id"": 279, ""item_id"": 2, ""item_name_snapshot"": ""Bier klein"", ""item_short_label_snapshot"": ""Klein"", ""person_id"": 5, ""quantity"": 0, ""unit_price_eur"": 1.8, ""unit_purchase_price_eur"": 1.0, ""updated_at"": ""2026-05-08 21:06:04""}"
2026-05-08_224617;C:\Users\Dani\Documents\CODEX-Projects\drink_pos\data\drink_pos_dev.db;data;order_lines;280;"{""admin_only_snapshot"": 0, ""consumed_date"": ""2026-05-06"", ""created_at"": ""2026-05-06 20:27:46"", ""event_open"": 0, ""id"": 280, ""item_id"": 2, ""item_name_snapshot"": ""Bier klein"", ""item_short_label_snapshot"": ""Klein"", ""person_id"": 49, ""quantity"": 2, ""unit_price_eur"": 1.8, ""unit_purchase_price_eur"": 1.0, ""updated_at"": ""2026-05-08 21:06:04""}"
2026-05-08_224617;C:\Users\Dani\Documents\CODEX-Projects\drink_pos\data\drink_pos_dev.db;data;order_lines;281;"{""admin_only_snapshot"": 0, ""consumed_date"": ""2026-05-06"", ""created_at"": ""2026-05-06 20:27:46"", ""event_open"": 0, ""id"": 281, ""item_id"": 3, ""item_name_snapshot"": ""Limo"", ""item_short_label_snapshot"": ""Limo"", ""person_id"": 49, ""quantity"": 2, ""unit_price_eur"": 1.0, ""unit_purchase_price_eur"": 0.45, ""updated_at"": ""2026-05-08 21:06:04""}"
2026-05-08_224617;C:\Users\Dani\Documents\CODEX-Projects\drink_pos\data\drink_pos_dev.db;data;order_lines;282;"{""admin_only_snapshot"": 0, ""consumed_date"": ""2026-05-06"", ""created_at"": ""2026-05-06 20:27:46"", ""event_open"": 0, ""id"": 282, ""item_id"": 1, ""item_name_snapshot"": ""Bier gross"", ""item_short_label_snapshot"": ""Gross"", ""person_id"": 18, ""quantity"": 2, ""unit_price_eur"": 2.5, ""unit_purchase_price_eur"": 1.4, ""updated_at"": ""2026-05-08 21:06:04""}"
2026-05-08_224617;C:\Users\Dani\Documents\CODEX-Projects\drink_pos\data\drink_pos_dev.db;data;order_lines;283;"{""admin_only_snapshot"": 0, ""consumed_date"": ""2026-05-06"", ""created_at"": ""2026-05-06 20:27:46"", ""event_open"": 0, ""id"": 283, ""item_id"": 2, ""item_name_snapshot"": ""Bier klein"", ""item_short_label_snapshot"": ""Klein"", ""person_id"": 18, ""quantity"": 2, ""unit_price_eur"": 1.8, ""unit_purchase_price_eur"": 1.0, ""updated_at"": ""2026-05-08 21:06:04""}"
2026-05-08_224617;C:\Users\Dani\Documents\CODEX-Projects\drink_pos\data\drink_pos_dev.db;data;order_lines;284;"{""admin_only_snapshot"": 0, ""consumed_date"": ""2026-05-06"", ""created_at"": ""2026-05-06 20:27:46"", ""event_open"": 0, ""id"": 284, ""item_id"": 3, ""item_name_snapshot"": ""Limo"", ""item_short_label_snapshot"": ""Limo"", ""person_id"": 18, ""quantity"": 2, ""unit_price_eur"": 1.0, ""unit_purchase_price_eur"": 0.45, ""updated_at"": ""2026-05-08 21:06:04""}"
2026-05-08_224617;C:\Users\Dani\Documents\CODEX-Projects\drink_pos\data\drink_pos_dev.db;data;order_lines;285;"{""admin_only_snapshot"": 0, ""consumed_date"": ""2026-05-06"", ""created_at"": ""2026-05-06 20:27:46"", ""event_open"": 0, ""id"": 285, ""item_id"": 1, ""item_name_snapshot"": ""Bier gross"", ""item_short_label_snapshot"": ""Gross"", ""person_id"": 2, ""quantity"": 2, ""unit_price_eur"": 2.5, ""unit_purchase_price_eur"": 1.4, ""updated_at"": ""2026-05-08 21:06:04""}"
2026-05-08_224617;C:\Users\Dani\Documents\CODEX-Projects\drink_pos\data\drink_pos_dev.db;data;order_lines;286;"{""admin_only_snapshot"": 0, ""consumed_date"": ""2026-05-06"", ""created_at"": ""2026-05-06 20:27:46"", ""event_open"": 0, ""id"": 286, ""item_id"": 2, ""item_name_snapshot"": ""Bier klein"", ""item_short_label_snapshot"": ""Klein"", ""person_id"": 2, ""quantity"": 3, ""unit_price_eur"": 1.8, ""unit_purchase_price_eur"": 1.0, ""updated_at"": ""2026-05-08 21:06:04""}"
2026-05-08_224617;C:\Users\Dani\Documents\CODEX-Projects\drink_pos\data\drink_pos_dev.db;data;order_lines;287;"{""admin_only_snapshot"": 0, ""consumed_date"": ""2026-05-06"", ""created_at"": ""2026-05-06 20:27:46"", ""event_open"": 0, ""id"": 287, ""item_id"": 3, ""item_name_snapshot"": ""Limo"", ""item_short_label_snapshot"": ""Limo"", ""person_id"": 2, ""quantity"": 1, ""unit_price_eur"": 1.0, ""unit_purchase_price_eur"": 0.45, ""updated_at"": ""2026-05-08 21:06:04""}"
2026-05-08_224617;C:\Users\Dani\Documents\CODEX-Projects\drink_pos\data\drink_pos_dev.db;data;order_lines;288;"{""admin_only_snapshot"": 0, ""consumed_date"": ""2026-05-06"", ""created_at"": ""2026-05-06 20:27:46"", ""event_open"": 0, ""id"": 288, ""item_id"": 2, ""item_name_snapshot"": ""Bier klein"", ""item_short_label_snapshot"": ""Klein"", ""person_id"": 9, ""quantity"": 3, ""unit_price_eur"": 1.8, ""unit_purchase_price_eur"": 1.0, ""updated_at"": ""2026-05-08 21:06:04""}"
2026-05-08_224617;C:\Users\Dani\Documents\CODEX-Projects\drink_pos\data\drink_pos_dev.db;data;order_lines;289;"{""admin_only_snapshot"": 0, ""consumed_date"": ""2026-05-06"", ""created_at"": ""2026-05-06 20:27:48"", ""event_open"": 0, ""id"": 289, ""item_id"": 2, ""item_name_snapshot"": ""Bier klein"", ""item_short_label_snapshot"": ""Klein"", ""person_id"": 13, ""quantity"": 3, ""unit_price_eur"": 1.8, ""unit_purchase_price_eur"": 1.0, ""updated_at"": ""2026-05-08 21:06:04""}"
2026-05-08_224617;C:\Users\Dani\Documents\CODEX-Projects\drink_pos\data\drink_pos_dev.db;data;order_lines;290;"{""admin_only_snapshot"": 0, ""consumed_date"": ""2026-05-06"", ""created_at"": ""2026-05-06 20:27:48"", ""event_open"": 0, ""id"": 290, ""item_id"": 3, ""item_name_snapshot"": ""Limo"", ""item_short_label_snapshot"": ""Limo"", ""person_id"": 13, ""quantity"": 2, ""unit_price_eur"": 1.0, ""unit_purchase_price_eur"": 0.45, ""updated_at"": ""2026-05-08 21:06:04""}"
2026-05-08_224617;C:\Users\Dani\Documents\CODEX-Projects\drink_pos\data\drink_pos_dev.db;data;order_lines;291;"{""admin_only_snapshot"": 0, ""consumed_date"": ""2026-05-06"", ""created_at"": ""2026-05-06 20:27:48"", ""event_open"": 0, ""id"": 291, ""item_id"": 1, ""item_name_snapshot"": ""Bier gross"", ""item_short_label_snapshot"": ""Gross"", ""person_id"": 19, ""quantity"": 1, ""unit_price_eur"": 2.5, ""unit_purchase_price_eur"": 1.4, ""updated_at"": ""2026-05-08 21:06:04""}"
2026-05-08_224617;C:\Users\Dani\Documents\CODEX-Projects\drink_pos\data\drink_pos_dev.db;data;order_lines;292;"{""admin_only_snapshot"": 0, ""consumed_date"": ""2026-05-06"", ""created_at"": ""2026-05-06 20:27:48"", ""event_open"": 0, ""id"": 292, ""item_id"": 2, ""item_name_snapshot"": ""Bier klein"", ""item_short_label_snapshot"": ""Klein"", ""person_id"": 19, ""quantity"": 1, ""unit_price_eur"": 1.8, ""unit_purchase_price_eur"": 1.0, ""updated_at"": ""2026-05-08 21:06:04""}"
2026-05-08_224617;C:\Users\Dani\Documents\CODEX-Projects\drink_pos\data\drink_pos_dev.db;data;order_lines;293;"{""admin_only_snapshot"": 0, ""consumed_date"": ""2026-05-06"", ""created_at"": ""2026-05-06 20:27:48"", ""event_open"": 0, ""id"": 293, ""item_id"": 3, ""item_name_snapshot"": ""Limo"", ""item_short_label_snapshot"": ""Limo"", ""person_id"": 19, ""quantity"": 2, ""unit_price_eur"": 1.0, ""unit_purchase_price_eur"": 0.45, ""updated_at"": ""2026-05-08 21:06:04""}"
2026-05-08_224617;C:\Users\Dani\Documents\CODEX-Projects\drink_pos\data\drink_pos_dev.db;data;order_lines;294;"{""admin_only_snapshot"": 0, ""consumed_date"": ""2026-05-06"", ""created_at"": ""2026-05-06 20:27:48"", ""event_open"": 0, ""id"": 294, ""item_id"": 2, ""item_name_snapshot"": ""Bier klein"", ""item_short_label_snapshot"": ""Klein"", ""person_id"": 28, ""quantity"": 1, ""unit_price_eur"": 1.8, ""unit_purchase_price_eur"": 1.0, ""updated_at"": ""2026-05-08 21:06:04""}"
2026-05-08_224617;C:\Users\Dani\Documents\CODEX-Projects\drink_pos\data\drink_pos_dev.db;data;order_lines;295;"{""admin_only_snapshot"": 0, ""consumed_date"": ""2026-05-06"", ""created_at"": ""2026-05-06 20:27:48"", ""event_open"": 0, ""id"": 295, ""item_id"": 3, ""item_name_snapshot"": ""Limo"", ""item_short_label_snapshot"": ""Limo"", ""person_id"": 28, ""quantity"": 1, ""unit_price_eur"": 1.0, ""unit_purchase_price_eur"": 0.45, ""updated_at"": ""2026-05-08 21:06:04""}"
2026-05-08_224617;C:\Users\Dani\Documents\CODEX-Projects\drink_pos\data\drink_pos_dev.db;data;order_lines;296;"{""admin_only_snapshot"": 0, ""consumed_date"": ""2026-05-06"", ""created_at"": ""2026-05-06 20:27:48"", ""event_open"": 0, ""id"": 296, ""item_id"": 3, ""item_name_snapshot"": ""Limo"", ""item_short_label_snapshot"": ""Limo"", ""person_id"": 47, ""quantity"": 2, ""unit_price_eur"": 1.0, ""unit_purchase_price_eur"": 0.45, ""updated_at"": ""2026-05-08 21:06:04""}"
2026-05-08_224617;C:\Users\Dani\Documents\CODEX-Projects\drink_pos\data\drink_pos_dev.db;data;order_lines;297;"{""admin_only_snapshot"": 0, ""consumed_date"": ""2026-05-06"", ""created_at"": ""2026-05-06 20:27:48"", ""event_open"": 0, ""id"": 297, ""item_id"": 1, ""item_name_snapshot"": ""Bier gross"", ""item_short_label_snapshot"": ""Gross"", ""person_id"": 55, ""quantity"": 2, ""unit_price_eur"": 2.5, ""unit_purchase_price_eur"": 1.4, ""updated_at"": ""2026-05-08 21:06:04""}"
2026-05-08_224617;C:\Users\Dani\Documents\CODEX-Projects\drink_pos\data\drink_pos_dev.db;data;order_lines;298;"{""admin_only_snapshot"": 0, ""consumed_date"": ""2026-05-06"", ""created_at"": ""2026-05-06 20:27:48"", ""event_open"": 0, ""id"": 298, ""item_id"": 2, ""item_name_snapshot"": ""Bier klein"", ""item_short_label_snapshot"": ""Klein"", ""person_id"": 55, ""quantity"": 3, ""unit_price_eur"": 1.8, ""unit_purchase_price_eur"": 1.0, ""updated_at"": ""2026-05-08 21:06:04""}"
2026-05-08_224617;C:\Users\Dani\Documents\CODEX-Projects\drink_pos\data\drink_pos_dev.db;data;order_lines;299;"{""admin_only_snapshot"": 0, ""consumed_date"": ""2026-05-06"", ""created_at"": ""2026-05-06 20:27:48"", ""event_open"": 1, ""id"": 299, ""item_id"": 3, ""item_name_snapshot"": ""Limo"", ""item_short_label_snapshot"": ""Limo"", ""person_id"": 55, ""quantity"": 0, ""unit_price_eur"": 1.0, ""unit_purchase_price_eur"": 0.45, ""updated_at"": ""2026-05-08 21:06:04""}"
2026-05-08_224617;C:\Users\Dani\Documents\CODEX-Projects\drink_pos\data\drink_pos_dev.db;data;order_lines;300;"{""admin_only_snapshot"": 0, ""consumed_date"": ""2026-05-06"", ""created_at"": ""2026-05-06 20:27:48"", ""event_open"": 0, ""id"": 300, ""item_id"": 3, ""item_name_snapshot"": ""Limo"", ""item_short_label_snapshot"": ""Limo"", ""person_id"": 31, ""quantity"": 2, ""unit_price_eur"": 1.0, ""unit_purchase_price_eur"": 0.45, ""updated_at"": ""2026-05-08 21:06:04""}"
2026-05-08_224617;C:\Users\Dani\Documents\CODEX-Projects\drink_pos\data\drink_pos_dev.db;data;order_lines;301;"{""admin_only_snapshot"": 0, ""consumed_date"": ""2026-05-06"", ""created_at"": ""2026-05-06 20:27:48"", ""event_open"": 0, ""id"": 301, ""item_id"": 2, ""item_name_snapshot"": ""Bier klein"", ""item_short_label_snapshot"": ""Klein"", ""person_id"": 48, ""quantity"": 2, ""unit_price_eur"": 1.8, ""unit_purchase_price_eur"": 1.0, ""updated_at"": ""2026-05-08 21:06:04""}"
2026-05-08_224617;C:\Users\Dani\Documents\CODEX-Projects\drink_pos\data\drink_pos_dev.db;data;order_lines;302;"{""admin_only_snapshot"": 0, ""consumed_date"": ""2026-05-06"", ""created_at"": ""2026-05-06 20:27:48"", ""event_open"": 0, ""id"": 302, ""item_id"": 3, ""item_name_snapshot"": ""Limo"", ""item_short_label_snapshot"": ""Limo"", ""person_id"": 48, ""quantity"": 1, ""unit_price_eur"": 1.0, ""unit_purchase_price_eur"": 0.45, ""updated_at"": ""2026-05-08 21:06:04""}"
2026-05-08_224617;C:\Users\Dani\Documents\CODEX-Projects\drink_pos\data\drink_pos_dev.db;data;order_lines;303;"{""admin_only_snapshot"": 0, ""consumed_date"": ""2026-05-06"", ""created_at"": ""2026-05-06 20:27:48"", ""event_open"": 0, ""id"": 303, ""item_id"": 1, ""item_name_snapshot"": ""Bier gross"", ""item_short_label_snapshot"": ""Gross"", ""person_id"": 29, ""quantity"": 1, ""unit_price_eur"": 2.5, ""unit_purchase_price_eur"": 1.4, ""updated_at"": ""2026-05-08 21:06:04""}"
2026-05-08_224617;C:\Users\Dani\Documents\CODEX-Projects\drink_pos\data\drink_pos_dev.db;data;order_lines;304;"{""admin_only_snapshot"": 0, ""consumed_date"": ""2026-05-06"", ""created_at"": ""2026-05-06 20:27:48"", ""event_open"": 0, ""id"": 304, ""item_id"": 2, ""item_name_snapshot"": ""Bier klein"", ""item_short_label_snapshot"": ""Klein"", ""person_id"": 29, ""quantity"": 3, ""unit_price_eur"": 1.8, ""unit_purchase_price_eur"": 1.0, ""updated_at"": ""2026-05-08 21:06:04""}"
2026-05-08_224617;C:\Users\Dani\Documents\CODEX-Projects\drink_pos\data\drink_pos_dev.db;data;order_lines;305;"{""admin_only_snapshot"": 0, ""consumed_date"": ""2026-05-06"", ""created_at"": ""2026-05-06 20:27:48"", ""event_open"": 1, ""id"": 305, ""item_id"": 3, ""item_name_snapshot"": ""Limo"", ""item_short_label_snapshot"": ""Limo"", ""person_id"": 29, ""quantity"": 0, ""unit_price_eur"": 1.0, ""unit_purchase_price_eur"": 0.45, ""updated_at"": ""2026-05-08 21:06:04""}"
2026-05-08_224617;C:\Users\Dani\Documents\CODEX-Projects\drink_pos\data\drink_pos_dev.db;data;order_lines;306;"{""admin_only_snapshot"": 0, ""consumed_date"": ""2026-05-06"", ""created_at"": ""2026-05-06 20:27:48"", ""event_open"": 0, ""id"": 306, ""item_id"": 2, ""item_name_snapshot"": ""Bier klein"", ""item_short_label_snapshot"": ""Klein"", ""person_id"": 39, ""quantity"": 2, ""unit_price_eur"": 1.8, ""unit_purchase_price_eur"": 1.0, ""updated_at"": ""2026-05-08 21:06:04""}"
2026-05-08_224617;C:\Users\Dani\Documents\CODEX-Projects\drink_pos\data\drink_pos_dev.db;data;order_lines;307;"{""admin_only_snapshot"": 0, ""consumed_date"": ""2026-05-06"", ""created_at"": ""2026-05-06 20:27:48"", ""event_open"": 0, ""id"": 307, ""item_id"": 3, ""item_name_snapshot"": ""Limo"", ""item_short_label_snapshot"": ""Limo"", ""person_id"": 39, ""quantity"": 2, ""unit_price_eur"": 1.0, ""unit_purchase_price_eur"": 0.45, ""updated_at"": ""2026-05-08 21:06:04""}"
2026-05-08_224617;C:\Users\Dani\Documents\CODEX-Projects\drink_pos\data\drink_pos_dev.db;data;order_lines;308;"{""admin_only_snapshot"": 0, ""consumed_date"": ""2026-05-06"", ""created_at"": ""2026-05-06 20:27:48"", ""event_open"": 0, ""id"": 308, ""item_id"": 1, ""item_name_snapshot"": ""Bier gross"", ""item_short_label_snapshot"": ""Gross"", ""person_id"": 50, ""quantity"": 2, ""unit_price_eur"": 2.5, ""unit_purchase_price_eur"": 1.4, ""updated_at"": ""2026-05-08 21:06:04""}"
2026-05-08_224617;C:\Users\Dani\Documents\CODEX-Projects\drink_pos\data\drink_pos_dev.db;data;order_lines;309;"{""admin_only_snapshot"": 0, ""consumed_date"": ""2026-05-06"", ""created_at"": ""2026-05-06 20:27:48"", ""event_open"": 0, ""id"": 309, ""item_id"": 2, ""item_name_snapshot"": ""Bier klein"", ""item_short_label_snapshot"": ""Klein"", ""person_id"": 50, ""quantity"": 3, ""unit_price_eur"": 1.8, ""unit_purchase_price_eur"": 1.0, ""updated_at"": ""2026-05-08 21:06:04""}"
2026-05-08_224617;C:\Users\Dani\Documents\CODEX-Projects\drink_pos\data\drink_pos_dev.db;data;order_lines;310;"{""admin_only_snapshot"": 0, ""consumed_date"": ""2026-05-06"", ""created_at"": ""2026-05-06 20:27:48"", ""event_open"": 0, ""id"": 310, ""item_id"": 3, ""item_name_snapshot"": ""Limo"", ""item_short_label_snapshot"": ""Limo"", ""person_id"": 50, ""quantity"": 2, ""unit_price_eur"": 1.0, ""unit_purchase_price_eur"": 0.45, ""updated_at"": ""2026-05-08 21:06:04""}"
2026-05-08_224617;C:\Users\Dani\Documents\CODEX-Projects\drink_pos\data\drink_pos_dev.db;data;order_lines;311;"{""admin_only_snapshot"": 1, ""consumed_date"": ""2026-05-06"", ""created_at"": ""2026-05-06 20:27:54"", ""event_open"": 0, ""id"": 311, ""item_id"": 4, ""item_name_snapshot"": ""1 Runde"", ""item_short_label_snapshot"": ""Runde"", ""person_id"": 38, ""quantity"": 1, ""unit_price_eur"": 40.0, ""unit_purchase_price_eur"": 0.0, ""updated_at"": ""2026-05-08 21:06:04""}"
2026-05-08_224617;C:\Users\Dani\Documents\CODEX-Projects\drink_pos\data\drink_pos_dev.db;data;order_lines;312;"{""admin_only_snapshot"": 0, ""consumed_date"": ""2026-05-06"", ""created_at"": ""2026-05-06 20:29:04"", ""event_open"": 0, ""id"": 312, ""item_id"": 2, ""item_name_snapshot"": ""Bier klein"", ""item_short_label_snapshot"": ""Klein"", ""person_id"": 32, ""quantity"": 4, ""unit_price_eur"": 1.8, ""unit_purchase_price_eur"": 1.0, ""updated_at"": ""2026-05-08 21:06:04""}"
2026-05-08_224617;C:\Users\Dani\Documents\CODEX-Projects\drink_pos\data\drink_pos_dev.db;data;order_lines;313;"{""admin_only_snapshot"": 0, ""consumed_date"": ""2026-05-06"", ""created_at"": ""2026-05-06 20:29:05"", ""event_open"": 0, ""id"": 313, ""item_id"": 1, ""item_name_snapshot"": ""Bier gross"", ""item_short_label_snapshot"": ""Gross"", ""person_id"": 32, ""quantity"": 3, ""unit_price_eur"": 2.5, ""unit_purchase_price_eur"": 1.4, ""updated_at"": ""2026-05-08 21:06:04""}"
2026-05-08_224617;C:\Users\Dani\Documents\CODEX-Projects\drink_pos\data\drink_pos_dev.db;data;order_lines;314;"{""admin_only_snapshot"": 0, ""consumed_date"": ""2026-05-06"", ""created_at"": ""2026-05-06 20:29:06"", ""event_open"": 1, ""id"": 314, ""item_id"": 3, ""item_name_snapshot"": ""Limo"", ""item_short_label_snapshot"": ""Limo"", ""person_id"": 32, ""quantity"": 0, ""unit_price_eur"": 1.0, ""unit_purchase_price_eur"": 0.45, ""updated_at"": ""2026-05-08 21:06:04""}"
2026-05-08_224617;C:\Users\Dani\Documents\CODEX-Projects\drink_pos\data\drink_pos_dev.db;data;order_lines;315;"{""admin_only_snapshot"": 0, ""consumed_date"": ""2026-05-08"", ""created_at"": ""2026-05-08 21:06:11"", ""event_open"": 0, ""id"": 315, ""item_id"": 1, ""item_name_snapshot"": ""Bier gross"", ""item_short_label_snapshot"": ""Gross"", ""person_id"": 59, ""quantity"": 1, ""unit_price_eur"": 2.5, ""unit_purchase_price_eur"": 1.4, ""updated_at"": ""2026-05-08 22:44:52""}"
2026-05-08_224617;C:\Users\Dani\Documents\CODEX-Projects\drink_pos\data\drink_pos_dev.db;data;order_lines;316;"{""admin_only_snapshot"": 0, ""consumed_date"": ""2026-05-08"", ""created_at"": ""2026-05-08 21:06:11"", ""event_open"": 0, ""id"": 316, ""item_id"": 2, ""item_name_snapshot"": ""Bier klein"", ""item_short_label_snapshot"": ""Klein"", ""person_id"": 59, ""quantity"": 3, ""unit_price_eur"": 1.8, ""unit_purchase_price_eur"": 1.0, ""updated_at"": ""2026-05-08 22:44:52""}"
2026-05-08_224617;C:\Users\Dani\Documents\CODEX-Projects\drink_pos\data\drink_pos_dev.db;data;order_lines;317;"{""admin_only_snapshot"": 0, ""consumed_date"": ""2026-05-08"", ""created_at"": ""2026-05-08 21:06:11"", ""event_open"": 0, ""id"": 317, ""item_id"": 3, ""item_name_snapshot"": ""Limo"", ""item_short_label_snapshot"": ""Limo"", ""person_id"": 59, ""quantity"": 1, ""unit_price_eur"": 1.0, ""unit_purchase_price_eur"": 0.45, ""updated_at"": ""2026-05-08 22:44:52""}"
2026-05-08_224617;C:\Users\Dani\Documents\CODEX-Projects\drink_pos\data\drink_pos_dev.db;data;order_lines;318;"{""admin_only_snapshot"": 0, ""consumed_date"": ""2026-05-08"", ""created_at"": ""2026-05-08 21:06:11"", ""event_open"": 0, ""id"": 318, ""item_id"": 1, ""item_name_snapshot"": ""Bier gross"", ""item_short_label_snapshot"": ""Gross"", ""person_id"": 22, ""quantity"": 3, ""unit_price_eur"": 2.5, ""unit_purchase_price_eur"": 1.4, ""updated_at"": ""2026-05-08 22:44:52""}"
2026-05-08_224617;C:\Users\Dani\Documents\CODEX-Projects\drink_pos\data\drink_pos_dev.db;data;order_lines;319;"{""admin_only_snapshot"": 0, ""consumed_date"": ""2026-05-08"", ""created_at"": ""2026-05-08 21:06:11"", ""event_open"": 0, ""id"": 319, ""item_id"": 2, ""item_name_snapshot"": ""Bier klein"", ""item_short_label_snapshot"": ""Klein"", ""person_id"": 22, ""quantity"": 2, ""unit_price_eur"": 1.8, ""unit_purchase_price_eur"": 1.0, ""updated_at"": ""2026-05-08 22:44:52""}"
2026-05-08_224617;C:\Users\Dani\Documents\CODEX-Projects\drink_pos\data\drink_pos_dev.db;data;order_lines;320;"{""admin_only_snapshot"": 0, ""consumed_date"": ""2026-05-08"", ""created_at"": ""2026-05-08 21:06:11"", ""event_open"": 0, ""id"": 320, ""item_id"": 3, ""item_name_snapshot"": ""Limo"", ""item_short_label_snapshot"": ""Limo"", ""person_id"": 24, ""quantity"": 1, ""unit_price_eur"": 1.0, ""unit_purchase_price_eur"": 0.45, ""updated_at"": ""2026-05-08 22:44:52""}"
2026-05-08_224617;C:\Users\Dani\Documents\CODEX-Projects\drink_pos\data\drink_pos_dev.db;data;order_lines;321;"{""admin_only_snapshot"": 0, ""consumed_date"": ""2026-05-08"", ""created_at"": ""2026-05-08 21:06:11"", ""event_open"": 1, ""id"": 321, ""item_id"": 3, ""item_name_snapshot"": ""Limo"", ""item_short_label_snapshot"": ""Limo"", ""person_id"": 28, ""quantity"": 0, ""unit_price_eur"": 1.0, ""unit_purchase_price_eur"": 0.45, ""updated_at"": ""2026-05-08 22:44:52""}"
2026-05-08_224617;C:\Users\Dani\Documents\CODEX-Projects\drink_pos\data\drink_pos_dev.db;data;order_lines;322;"{""admin_only_snapshot"": 0, ""consumed_date"": ""2026-05-08"", ""created_at"": ""2026-05-08 21:06:11"", ""event_open"": 0, ""id"": 322, ""item_id"": 1, ""item_name_snapshot"": ""Bier gross"", ""item_short_label_snapshot"": ""Gross"", ""person_id"": 10, ""quantity"": 2, ""unit_price_eur"": 2.5, ""unit_purchase_price_eur"": 1.4, ""updated_at"": ""2026-05-08 22:44:52""}"
2026-05-08_224617;C:\Users\Dani\Documents\CODEX-Projects\drink_pos\data\drink_pos_dev.db;data;order_lines;323;"{""admin_only_snapshot"": 0, ""consumed_date"": ""2026-05-08"", ""created_at"": ""2026-05-08 21:06:11"", ""event_open"": 1, ""id"": 323, ""item_id"": 3, ""item_name_snapshot"": ""Limo"", ""item_short_label_snapshot"": ""Limo"", ""person_id"": 10, ""quantity"": 0, ""unit_price_eur"": 1.0, ""unit_purchase_price_eur"": 0.45, ""updated_at"": ""2026-05-08 22:44:52""}"
2026-05-08_224617;C:\Users\Dani\Documents\CODEX-Projects\drink_pos\data\drink_pos_dev.db;data;order_lines;324;"{""admin_only_snapshot"": 0, ""consumed_date"": ""2026-05-08"", ""created_at"": ""2026-05-08 21:06:11"", ""event_open"": 0, ""id"": 324, ""item_id"": 1, ""item_name_snapshot"": ""Bier gross"", ""item_short_label_snapshot"": ""Gross"", ""person_id"": 37, ""quantity"": 1, ""unit_price_eur"": 2.5, ""unit_purchase_price_eur"": 1.4, ""updated_at"": ""2026-05-08 22:44:52""}"
2026-05-08_224617;C:\Users\Dani\Documents\CODEX-Projects\drink_pos\data\drink_pos_dev.db;data;order_lines;325;"{""admin_only_snapshot"": 0, ""consumed_date"": ""2026-05-08"", ""created_at"": ""2026-05-08 21:06:11"", ""event_open"": 0, ""id"": 325, ""item_id"": 2, ""item_name_snapshot"": ""Bier klein"", ""item_short_label_snapshot"": ""Klein"", ""person_id"": 37, ""quantity"": 1, ""unit_price_eur"": 1.8, ""unit_purchase_price_eur"": 1.0, ""updated_at"": ""2026-05-08 22:44:52""}"
2026-05-08_224617;C:\Users\Dani\Documents\CODEX-Projects\drink_pos\data\drink_pos_dev.db;data;order_lines;326;"{""admin_only_snapshot"": 0, ""consumed_date"": ""2026-05-08"", ""created_at"": ""2026-05-08 21:06:11"", ""event_open"": 0, ""id"": 326, ""item_id"": 3, ""item_name_snapshot"": ""Limo"", ""item_short_label_snapshot"": ""Limo"", ""person_id"": 37, ""quantity"": 1, ""unit_price_eur"": 1.0, ""unit_purchase_price_eur"": 0.45, ""updated_at"": ""2026-05-08 22:44:52""}"
2026-05-08_224617;C:\Users\Dani\Documents\CODEX-Projects\drink_pos\data\drink_pos_dev.db;data;order_lines;327;"{""admin_only_snapshot"": 0, ""consumed_date"": ""2026-05-08"", ""created_at"": ""2026-05-08 21:06:11"", ""event_open"": 0, ""id"": 327, ""item_id"": 1, ""item_name_snapshot"": ""Bier gross"", ""item_short_label_snapshot"": ""Gross"", ""person_id"": 26, ""quantity"": 3, ""unit_price_eur"": 2.5, ""unit_purchase_price_eur"": 1.4, ""updated_at"": ""2026-05-08 22:44:52""}"
2026-05-08_224617;C:\Users\Dani\Documents\CODEX-Projects\drink_pos\data\drink_pos_dev.db;data;order_lines;328;"{""admin_only_snapshot"": 0, ""consumed_date"": ""2026-05-08"", ""created_at"": ""2026-05-08 21:06:11"", ""event_open"": 0, ""id"": 328, ""item_id"": 2, ""item_name_snapshot"": ""Bier klein"", ""item_short_label_snapshot"": ""Klein"", ""person_id"": 26, ""quantity"": 2, ""unit_price_eur"": 1.8, ""unit_purchase_price_eur"": 1.0, ""updated_at"": ""2026-05-08 22:44:52""}"
2026-05-08_224617;C:\Users\Dani\Documents\CODEX-Projects\drink_pos\data\drink_pos_dev.db;data;order_lines;329;"{""admin_only_snapshot"": 0, ""consumed_date"": ""2026-05-08"", ""created_at"": ""2026-05-08 21:06:11"", ""event_open"": 0, ""id"": 329, ""item_id"": 3, ""item_name_snapshot"": ""Limo"", ""item_short_label_snapshot"": ""Limo"", ""person_id"": 26, ""quantity"": 2, ""unit_price_eur"": 1.0, ""unit_purchase_price_eur"": 0.45, ""updated_at"": ""2026-05-08 22:44:52""}"
2026-05-08_224617;C:\Users\Dani\Documents\CODEX-Projects\drink_pos\data\drink_pos_dev.db;data;order_lines;330;"{""admin_only_snapshot"": 0, ""consumed_date"": ""2026-05-08"", ""created_at"": ""2026-05-08 21:06:11"", ""event_open"": 0, ""id"": 330, ""item_id"": 2, ""item_name_snapshot"": ""Bier klein"", ""item_short_label_snapshot"": ""Klein"", ""person_id"": 25, ""quantity"": 1, ""unit_price_eur"": 1.8, ""unit_purchase_price_eur"": 1.0, ""updated_at"": ""2026-05-08 22:44:52""}"
2026-05-08_224617;C:\Users\Dani\Documents\CODEX-Projects\drink_pos\data\drink_pos_dev.db;data;order_lines;331;"{""admin_only_snapshot"": 0, ""consumed_date"": ""2026-05-08"", ""created_at"": ""2026-05-08 21:06:11"", ""event_open"": 0, ""id"": 331, ""item_id"": 3, ""item_name_snapshot"": ""Limo"", ""item_short_label_snapshot"": ""Limo"", ""person_id"": 25, ""quantity"": 2, ""unit_price_eur"": 1.0, ""unit_purchase_price_eur"": 0.45, ""updated_at"": ""2026-05-08 22:44:52""}"
2026-05-08_224617;C:\Users\Dani\Documents\CODEX-Projects\drink_pos\data\drink_pos_dev.db;data;order_lines;332;"{""admin_only_snapshot"": 0, ""consumed_date"": ""2026-05-08"", ""created_at"": ""2026-05-08 21:06:11"", ""event_open"": 0, ""id"": 332, ""item_id"": 1, ""item_name_snapshot"": ""Bier gross"", ""item_short_label_snapshot"": ""Gross"", ""person_id"": 9, ""quantity"": 1, ""unit_price_eur"": 2.5, ""unit_purchase_price_eur"": 1.4, ""updated_at"": ""2026-05-08 22:44:52""}"
2026-05-08_224617;C:\Users\Dani\Documents\CODEX-Projects\drink_pos\data\drink_pos_dev.db;data;order_lines;333;"{""admin_only_snapshot"": 0, ""consumed_date"": ""2026-05-08"", ""created_at"": ""2026-05-08 21:06:11"", ""event_open"": 0, ""id"": 333, ""item_id"": 2, ""item_name_snapshot"": ""Bier klein"", ""item_short_label_snapshot"": ""Klein"", ""person_id"": 9, ""quantity"": 1, ""unit_price_eur"": 1.8, ""unit_purchase_price_eur"": 1.0, ""updated_at"": ""2026-05-08 22:44:52""}"
2026-05-08_224617;C:\Users\Dani\Documents\CODEX-Projects\drink_pos\data\drink_pos_dev.db;data;order_lines;334;"{""admin_only_snapshot"": 0, ""consumed_date"": ""2026-05-08"", ""created_at"": ""2026-05-08 21:06:11"", ""event_open"": 0, ""id"": 334, ""item_id"": 1, ""item_name_snapshot"": ""Bier gross"", ""item_short_label_snapshot"": ""Gross"", ""person_id"": 39, ""quantity"": 2, ""unit_price_eur"": 2.5, ""unit_purchase_price_eur"": 1.4, ""updated_at"": ""2026-05-08 22:44:52""}"
2026-05-08_224617;C:\Users\Dani\Documents\CODEX-Projects\drink_pos\data\drink_pos_dev.db;data;order_lines;335;"{""admin_only_snapshot"": 0, ""consumed_date"": ""2026-05-08"", ""created_at"": ""2026-05-08 21:06:11"", ""event_open"": 0, ""id"": 335, ""item_id"": 2, ""item_name_snapshot"": ""Bier klein"", ""item_short_label_snapshot"": ""Klein"", ""person_id"": 39, ""quantity"": 1, ""unit_price_eur"": 1.8, ""unit_purchase_price_eur"": 1.0, ""updated_at"": ""2026-05-08 22:44:52""}"
2026-05-08_224617;C:\Users\Dani\Documents\CODEX-Projects\drink_pos\data\drink_pos_dev.db;data;order_lines;336;"{""admin_only_snapshot"": 0, ""consumed_date"": ""2026-05-08"", ""created_at"": ""2026-05-08 21:06:11"", ""event_open"": 0, ""id"": 336, ""item_id"": 1, ""item_name_snapshot"": ""Bier gross"", ""item_short_label_snapshot"": ""Gross"", ""person_id"": 1, ""quantity"": 4, ""unit_price_eur"": 2.5, ""unit_purchase_price_eur"": 1.4, ""updated_at"": ""2026-05-08 22:44:52""}"
2026-05-08_224617;C:\Users\Dani\Documents\CODEX-Projects\drink_pos\data\drink_pos_dev.db;data;order_lines;337;"{""admin_only_snapshot"": 0, ""consumed_date"": ""2026-05-08"", ""created_at"": ""2026-05-08 21:06:11"", ""event_open"": 0, ""id"": 337, ""item_id"": 2, ""item_name_snapshot"": ""Bier klein"", ""item_short_label_snapshot"": ""Klein"", ""person_id"": 1, ""quantity"": 3, ""unit_price_eur"": 1.8, ""unit_purchase_price_eur"": 1.0, ""updated_at"": ""2026-05-08 22:44:52""}"
2026-05-08_224617;C:\Users\Dani\Documents\CODEX-Projects\drink_pos\data\drink_pos_dev.db;data;order_lines;338;"{""admin_only_snapshot"": 0, ""consumed_date"": ""2026-05-08"", ""created_at"": ""2026-05-08 21:06:11"", ""event_open"": 1, ""id"": 338, ""item_id"": 1, ""item_name_snapshot"": ""Bier gross"", ""item_short_label_snapshot"": ""Gross"", ""person_id"": 20, ""quantity"": 0, ""unit_price_eur"": 2.5, ""unit_purchase_price_eur"": 1.4, ""updated_at"": ""2026-05-08 22:44:52""}"
2026-05-08_224617;C:\Users\Dani\Documents\CODEX-Projects\drink_pos\data\drink_pos_dev.db;data;order_lines;339;"{""admin_only_snapshot"": 0, ""consumed_date"": ""2026-05-08"", ""created_at"": ""2026-05-08 21:06:17"", ""event_open"": 0, ""id"": 339, ""item_id"": 1, ""item_name_snapshot"": ""Bier gross"", ""item_short_label_snapshot"": ""Gross"", ""person_id"": 34, ""quantity"": 1, ""unit_price_eur"": 2.5, ""unit_purchase_price_eur"": 1.4, ""updated_at"": ""2026-05-08 22:44:52""}"
2026-05-08_224617;C:\Users\Dani\Documents\CODEX-Projects\drink_pos\data\drink_pos_dev.db;data;order_lines;340;"{""admin_only_snapshot"": 0, ""consumed_date"": ""2026-05-08"", ""created_at"": ""2026-05-08 21:06:17"", ""event_open"": 0, ""id"": 340, ""item_id"": 2, ""item_name_snapshot"": ""Bier klein"", ""item_short_label_snapshot"": ""Klein"", ""person_id"": 34, ""quantity"": 2, ""unit_price_eur"": 1.8, ""unit_purchase_price_eur"": 1.0, ""updated_at"": ""2026-05-08 22:44:52""}"
2026-05-08_224617;C:\Users\Dani\Documents\CODEX-Projects\drink_pos\data\drink_pos_dev.db;data;order_lines;341;"{""admin_only_snapshot"": 0, ""consumed_date"": ""2026-05-08"", ""created_at"": ""2026-05-08 21:06:17"", ""event_open"": 0, ""id"": 341, ""item_id"": 1, ""item_name_snapshot"": ""Bier gross"", ""item_short_label_snapshot"": ""Gross"", ""person_id"": 53, ""quantity"": 3, ""unit_price_eur"": 2.5, ""unit_purchase_price_eur"": 1.4, ""updated_at"": ""2026-05-08 22:44:52""}"
2026-05-08_224617;C:\Users\Dani\Documents\CODEX-Projects\drink_pos\data\drink_pos_dev.db;data;order_lines;342;"{""admin_only_snapshot"": 0, ""consumed_date"": ""2026-05-08"", ""created_at"": ""2026-05-08 21:06:17"", ""event_open"": 0, ""id"": 342, ""item_id"": 2, ""item_name_snapshot"": ""Bier klein"", ""item_short_label_snapshot"": ""Klein"", ""person_id"": 53, ""quantity"": 2, ""unit_price_eur"": 1.8, ""unit_purchase_price_eur"": 1.0, ""updated_at"": ""2026-05-08 22:44:52""}"
2026-05-08_224617;C:\Users\Dani\Documents\CODEX-Projects\drink_pos\data\drink_pos_dev.db;data;order_lines;343;"{""admin_only_snapshot"": 0, ""consumed_date"": ""2026-05-08"", ""created_at"": ""2026-05-08 21:06:17"", ""event_open"": 0, ""id"": 343, ""item_id"": 1, ""item_name_snapshot"": ""Bier gross"", ""item_short_label_snapshot"": ""Gross"", ""person_id"": 38, ""quantity"": 3, ""unit_price_eur"": 2.5, ""unit_purchase_price_eur"": 1.4, ""updated_at"": ""2026-05-08 22:44:52""}"
2026-05-08_224617;C:\Users\Dani\Documents\CODEX-Projects\drink_pos\data\drink_pos_dev.db;data;order_lines;344;"{""admin_only_snapshot"": 0, ""consumed_date"": ""2026-05-08"", ""created_at"": ""2026-05-08 21:06:17"", ""event_open"": 0, ""id"": 344, ""item_id"": 2, ""item_name_snapshot"": ""Bier klein"", ""item_short_label_snapshot"": ""Klein"", ""person_id"": 38, ""quantity"": 1, ""unit_price_eur"": 1.8, ""unit_purchase_price_eur"": 1.0, ""updated_at"": ""2026-05-08 22:44:52""}"
2026-05-08_224617;C:\Users\Dani\Documents\CODEX-Projects\drink_pos\data\drink_pos_dev.db;data;order_lines;345;"{""admin_only_snapshot"": 0, ""consumed_date"": ""2026-05-08"", ""created_at"": ""2026-05-08 21:06:17"", ""event_open"": 1, ""id"": 345, ""item_id"": 3, ""item_name_snapshot"": ""Limo"", ""item_short_label_snapshot"": ""Limo"", ""person_id"": 38, ""quantity"": 0, ""unit_price_eur"": 1.0, ""unit_purchase_price_eur"": 0.45, ""updated_at"": ""2026-05-08 22:44:52""}"
2026-05-08_224617;C:\Users\Dani\Documents\CODEX-Projects\drink_pos\data\drink_pos_dev.db;data;order_lines;346;"{""admin_only_snapshot"": 0, ""consumed_date"": ""2026-05-08"", ""created_at"": ""2026-05-08 21:06:17"", ""event_open"": 0, ""id"": 346, ""item_id"": 2, ""item_name_snapshot"": ""Bier klein"", ""item_short_label_snapshot"": ""Klein"", ""person_id"": 52, ""quantity"": 3, ""unit_price_eur"": 1.8, ""unit_purchase_price_eur"": 1.0, ""updated_at"": ""2026-05-08 22:44:52""}"
2026-05-08_224617;C:\Users\Dani\Documents\CODEX-Projects\drink_pos\data\drink_pos_dev.db;data;order_lines;347;"{""admin_only_snapshot"": 0, ""consumed_date"": ""2026-05-08"", ""created_at"": ""2026-05-08 21:06:17"", ""event_open"": 1, ""id"": 347, ""item_id"": 3, ""item_name_snapshot"": ""Limo"", ""item_short_label_snapshot"": ""Limo"", ""person_id"": 52, ""quantity"": 0, ""unit_price_eur"": 1.0, ""unit_purchase_price_eur"": 0.45, ""updated_at"": ""2026-05-08 22:44:52""}"
2026-05-08_224617;C:\Users\Dani\Documents\CODEX-Projects\drink_pos\data\drink_pos_dev.db;data;order_lines;348;"{""admin_only_snapshot"": 0, ""consumed_date"": ""2026-05-08"", ""created_at"": ""2026-05-08 21:06:17"", ""event_open"": 0, ""id"": 348, ""item_id"": 1, ""item_name_snapshot"": ""Bier gross"", ""item_short_label_snapshot"": ""Gross"", ""person_id"": 33, ""quantity"": 3, ""unit_price_eur"": 2.5, ""unit_purchase_price_eur"": 1.4, ""updated_at"": ""2026-05-08 22:44:52""}"
2026-05-08_224617;C:\Users\Dani\Documents\CODEX-Projects\drink_pos\data\drink_pos_dev.db;data;order_lines;349;"{""admin_only_snapshot"": 0, ""consumed_date"": ""2026-05-08"", ""created_at"": ""2026-05-08 21:06:17"", ""event_open"": 0, ""id"": 349, ""item_id"": 2, ""item_name_snapshot"": ""Bier klein"", ""item_short_label_snapshot"": ""Klein"", ""person_id"": 33, ""quantity"": 1, ""unit_price_eur"": 1.8, ""unit_purchase_price_eur"": 1.0, ""updated_at"": ""2026-05-08 22:44:52""}"
2026-05-08_224617;C:\Users\Dani\Documents\CODEX-Projects\drink_pos\data\drink_pos_dev.db;data;order_lines;350;"{""admin_only_snapshot"": 0, ""consumed_date"": ""2026-05-08"", ""created_at"": ""2026-05-08 21:06:17"", ""event_open"": 0, ""id"": 350, ""item_id"": 3, ""item_name_snapshot"": ""Limo"", ""item_short_label_snapshot"": ""Limo"", ""person_id"": 33, ""quantity"": 1, ""unit_price_eur"": 1.0, ""unit_purchase_price_eur"": 0.45, ""updated_at"": ""2026-05-08 22:44:52""}"
2026-05-08_224617;C:\Users\Dani\Documents\CODEX-Projects\drink_pos\data\drink_pos_dev.db;data;order_lines;351;"{""admin_only_snapshot"": 0, ""consumed_date"": ""2026-05-08"", ""created_at"": ""2026-05-08 21:06:17"", ""event_open"": 1, ""id"": 351, ""item_id"": 2, ""item_name_snapshot"": ""Bier klein"", ""item_short_label_snapshot"": ""Klein"", ""person_id"": 46, ""quantity"": 0, ""unit_price_eur"": 1.8, ""unit_purchase_price_eur"": 1.0, ""updated_at"": ""2026-05-08 22:44:52""}"
2026-05-08_224617;C:\Users\Dani\Documents\CODEX-Projects\drink_pos\data\drink_pos_dev.db;data;order_lines;352;"{""admin_only_snapshot"": 0, ""consumed_date"": ""2026-05-08"", ""created_at"": ""2026-05-08 21:06:17"", ""event_open"": 0, ""id"": 352, ""item_id"": 3, ""item_name_snapshot"": ""Limo"", ""item_short_label_snapshot"": ""Limo"", ""person_id"": 39, ""quantity"": 1, ""unit_price_eur"": 1.0, ""unit_purchase_price_eur"": 0.45, ""updated_at"": ""2026-05-08 22:44:52""}"
2026-05-08_224617;C:\Users\Dani\Documents\CODEX-Projects\drink_pos\data\drink_pos_dev.db;data;order_lines;353;"{""admin_only_snapshot"": 0, ""consumed_date"": ""2026-05-08"", ""created_at"": ""2026-05-08 21:06:17"", ""event_open"": 0, ""id"": 353, ""item_id"": 1, ""item_name_snapshot"": ""Bier gross"", ""item_short_label_snapshot"": ""Gross"", ""person_id"": 51, ""quantity"": 2, ""unit_price_eur"": 2.5, ""unit_purchase_price_eur"": 1.4, ""updated_at"": ""2026-05-08 22:44:52""}"
2026-05-08_224617;C:\Users\Dani\Documents\CODEX-Projects\drink_pos\data\drink_pos_dev.db;data;order_lines;354;"{""admin_only_snapshot"": 0, ""consumed_date"": ""2026-05-08"", ""created_at"": ""2026-05-08 21:06:17"", ""event_open"": 0, ""id"": 354, ""item_id"": 2, ""item_name_snapshot"": ""Bier klein"", ""item_short_label_snapshot"": ""Klein"", ""person_id"": 51, ""quantity"": 2, ""unit_price_eur"": 1.8, ""unit_purchase_price_eur"": 1.0, ""updated_at"": ""2026-05-08 22:44:52""}"
2026-05-08_224617;C:\Users\Dani\Documents\CODEX-Projects\drink_pos\data\drink_pos_dev.db;data;order_lines;355;"{""admin_only_snapshot"": 0, ""consumed_date"": ""2026-05-08"", ""created_at"": ""2026-05-08 21:06:17"", ""event_open"": 0, ""id"": 355, ""item_id"": 1, ""item_name_snapshot"": ""Bier gross"", ""item_short_label_snapshot"": ""Gross"", ""person_id"": 56, ""quantity"": 2, ""unit_price_eur"": 2.5, ""unit_purchase_price_eur"": 1.4, ""updated_at"": ""2026-05-08 22:44:52""}"
2026-05-08_224617;C:\Users\Dani\Documents\CODEX-Projects\drink_pos\data\drink_pos_dev.db;data;order_lines;356;"{""admin_only_snapshot"": 0, ""consumed_date"": ""2026-05-08"", ""created_at"": ""2026-05-08 21:06:17"", ""event_open"": 0, ""id"": 356, ""item_id"": 3, ""item_name_snapshot"": ""Limo"", ""item_short_label_snapshot"": ""Limo"", ""person_id"": 56, ""quantity"": 2, ""unit_price_eur"": 1.0, ""unit_purchase_price_eur"": 0.45, ""updated_at"": ""2026-05-08 22:44:52""}"
2026-05-08_224617;C:\Users\Dani\Documents\CODEX-Projects\drink_pos\data\drink_pos_dev.db;data;order_lines;357;"{""admin_only_snapshot"": 0, ""consumed_date"": ""2026-05-08"", ""created_at"": ""2026-05-08 21:06:17"", ""event_open"": 0, ""id"": 357, ""item_id"": 1, ""item_name_snapshot"": ""Bier gross"", ""item_short_label_snapshot"": ""Gross"", ""person_id"": 21, ""quantity"": 1, ""unit_price_eur"": 2.5, ""unit_purchase_price_eur"": 1.4, ""updated_at"": ""2026-05-08 22:44:52""}"
2026-05-08_224617;C:\Users\Dani\Documents\CODEX-Projects\drink_pos\data\drink_pos_dev.db;data;order_lines;358;"{""admin_only_snapshot"": 0, ""consumed_date"": ""2026-05-08"", ""created_at"": ""2026-05-08 21:06:17"", ""event_open"": 0, ""id"": 358, ""item_id"": 2, ""item_name_snapshot"": ""Bier klein"", ""item_short_label_snapshot"": ""Klein"", ""person_id"": 21, ""quantity"": 2, ""unit_price_eur"": 1.8, ""unit_purchase_price_eur"": 1.0, ""updated_at"": ""2026-05-08 22:44:52""}"
2026-05-08_224617;C:\Users\Dani\Documents\CODEX-Projects\drink_pos\data\drink_pos_dev.db;data;order_lines;359;"{""admin_only_snapshot"": 0, ""consumed_date"": ""2026-05-08"", ""created_at"": ""2026-05-08 22:42:54"", ""event_open"": 1, ""id"": 359, ""item_id"": 2, ""item_name_snapshot"": ""Bier klein"", ""item_short_label_snapshot"": ""Klein"", ""person_id"": 36, ""quantity"": 0, ""unit_price_eur"": 1.8, ""unit_purchase_price_eur"": 1.0, ""updated_at"": ""2026-05-08 22:44:52""}"
2026-05-08_224617;C:\Users\Dani\Documents\CODEX-Projects\drink_pos\data\drink_pos_dev.db;data;order_lines;360;"{""admin_only_snapshot"": 1, ""consumed_date"": ""2026-05-08"", ""created_at"": ""2026-05-08 22:43:07"", ""event_open"": 0, ""id"": 360, ""item_id"": 4, ""item_name_snapshot"": ""1 Runde"", ""item_short_label_snapshot"": ""Runde"", ""person_id"": 4, ""quantity"": 1, ""unit_price_eur"": 40.0, ""unit_purchase_price_eur"": 0.0, ""updated_at"": ""2026-05-08 22:44:52""}"
2026-05-08_224617;C:\Users\Dani\Documents\CODEX-Projects\drink_pos\data\drink_pos_dev.db;data;order_lines;361;"{""admin_only_snapshot"": 0, ""consumed_date"": ""2026-05-08"", ""created_at"": ""2026-05-08 22:43:11"", ""event_open"": 0, ""id"": 361, ""item_id"": 2, ""item_name_snapshot"": ""Bier klein"", ""item_short_label_snapshot"": ""Klein"", ""person_id"": 4, ""quantity"": 5, ""unit_price_eur"": 1.8, ""unit_purchase_price_eur"": 1.0, ""updated_at"": ""2026-05-08 22:44:52""}"
2026-05-08_224617;C:\Users\Dani\Documents\CODEX-Projects\drink_pos\data\drink_pos_dev.db;data;order_lines;362;"{""admin_only_snapshot"": 0, ""consumed_date"": ""2026-05-08"", ""created_at"": ""2026-05-08 22:43:13"", ""event_open"": 0, ""id"": 362, ""item_id"": 1, ""item_name_snapshot"": ""Bier gross"", ""item_short_label_snapshot"": ""Gross"", ""person_id"": 4, ""quantity"": 16, ""unit_price_eur"": 2.5, ""unit_purchase_price_eur"": 1.4, ""updated_at"": ""2026-05-08 22:44:52""}"
2026-05-08_224617;C:\Users\Dani\Documents\CODEX-Projects\drink_pos\data\drink_pos_dev.db;data;order_lines;363;"{""admin_only_snapshot"": 0, ""consumed_date"": ""2026-05-08"", ""created_at"": ""2026-05-08 22:44:43"", ""event_open"": 0, ""id"": 363, ""item_id"": 3, ""item_name_snapshot"": ""Limo"", ""item_short_label_snapshot"": ""Limo"", ""person_id"": 4, ""quantity"": 1, ""unit_price_eur"": 1.0, ""unit_purchase_price_eur"": 0.45, ""updated_at"": ""2026-05-08 22:44:52""}"
2026-05-08_224617;C:\Users\Dani\Documents\CODEX-Projects\drink_pos\data\drink_pos_dev.db;data;order_lines;364;"{""admin_only_snapshot"": 0, ""consumed_date"": ""2026-05-08"", ""created_at"": ""2026-05-08 22:44:55"", ""event_open"": 1, ""id"": 364, ""item_id"": 1, ""item_name_snapshot"": ""Bier gross"", ""item_short_label_snapshot"": ""Gross"", ""person_id"": 32, ""quantity"": 4, ""unit_price_eur"": 2.5, ""unit_purchase_price_eur"": 1.4, ""updated_at"": ""2026-05-08 22:44:58""}"
2026-05-08_224617;C:\Users\Dani\Documents\CODEX-Projects\drink_pos\data\drink_pos_dev.db;data;order_lines;365;"{""admin_only_snapshot"": 1, ""consumed_date"": ""2026-05-08"", ""created_at"": ""2026-05-08 22:45:04"", ""event_open"": 1, ""id"": 365, ""item_id"": 4, ""item_name_snapshot"": ""1 Runde"", ""item_short_label_snapshot"": ""Runde"", ""person_id"": 32, ""quantity"": 3, ""unit_price_eur"": 40.0, ""unit_purchase_price_eur"": 0.0, ""updated_at"": ""2026-05-08 22:45:08""}"
2026-05-08_224617;C:\Users\Dani\Documents\CODEX-Projects\drink_pos\data\drink_pos_dev.db;summary;change_requests;count;"{""columns"": [""id"", ""person_id"", ""order_line_id"", ""item_id"", ""quantity_to_remove"", ""reason"", ""status"", ""requested_at"", ""decided_at""], ""exists"": true, ""row_count"": 4}"
2026-05-08_224617;C:\Users\Dani\Documents\CODEX-Projects\drink_pos\data\drink_pos_dev.db;data;change_requests;1;"{""decided_at"": ""2026-05-05 17:08:38"", ""id"": 1, ""item_id"": 1, ""order_line_id"": 1, ""person_id"": 32, ""quantity_to_remove"": 1, ""reason"": null, ""requested_at"": ""2026-05-05 16:31:07"", ""status"": ""APPROVED""}"
2026-05-08_224617;C:\Users\Dani\Documents\CODEX-Projects\drink_pos\data\drink_pos_dev.db;data;change_requests;2;"{""decided_at"": ""2026-05-05 17:08:38"", ""id"": 2, ""item_id"": 2, ""order_line_id"": 2, ""person_id"": 32, ""quantity_to_remove"": 1, ""reason"": null, ""requested_at"": ""2026-05-05 16:31:07"", ""status"": ""APPROVED""}"
2026-05-08_224617;C:\Users\Dani\Documents\CODEX-Projects\drink_pos\data\drink_pos_dev.db;data;change_requests;3;"{""decided_at"": ""2026-05-05 17:09:16"", ""id"": 3, ""item_id"": 1, ""order_line_id"": 18, ""person_id"": 35, ""quantity_to_remove"": 1, ""reason"": null, ""requested_at"": ""2026-05-05 17:09:02"", ""status"": ""APPROVED""}"
2026-05-08_224617;C:\Users\Dani\Documents\CODEX-Projects\drink_pos\data\drink_pos_dev.db;data;change_requests;4;"{""decided_at"": ""2026-05-06 20:26:47"", ""id"": 4, ""item_id"": 2, ""order_line_id"": 218, ""person_id"": 35, ""quantity_to_remove"": 1, ""reason"": null, ""requested_at"": ""2026-05-06 20:26:41"", ""status"": ""APPROVED""}"
2026-05-08_224617;C:\Users\Dani\Documents\CODEX-Projects\drink_pos\data\drink_pos_dev.db;summary;round_requests;count;"{""columns"": [""id"", ""person_id"", ""item_id"", ""quantity"", ""reason"", ""status"", ""requested_at"", ""decided_at""], ""exists"": true, ""row_count"": 13}"
2026-05-08_224617;C:\Users\Dani\Documents\CODEX-Projects\drink_pos\data\drink_pos_dev.db;data;round_requests;1;"{""decided_at"": ""2026-05-05 16:32:58"", ""id"": 1, ""item_id"": 4, ""person_id"": 1, ""quantity"": 1, ""reason"": null, ""requested_at"": ""2026-05-05 16:31:33"", ""status"": ""APPROVED""}"
2026-05-08_224617;C:\Users\Dani\Documents\CODEX-Projects\drink_pos\data\drink_pos_dev.db;data;round_requests;2;"{""decided_at"": ""2026-05-05 17:08:44"", ""id"": 2, ""item_id"": 4, ""person_id"": 36, ""quantity"": 1, ""reason"": null, ""requested_at"": ""2026-05-05 16:44:58"", ""status"": ""APPROVED""}"
2026-05-08_224617;C:\Users\Dani\Documents\CODEX-Projects\drink_pos\data\drink_pos_dev.db;data;round_requests;3;"{""decided_at"": ""2026-05-05 17:08:45"", ""id"": 3, ""item_id"": 4, ""person_id"": 36, ""quantity"": 1, ""reason"": null, ""requested_at"": ""2026-05-05 16:44:59"", ""status"": ""APPROVED""}"
2026-05-08_224617;C:\Users\Dani\Documents\CODEX-Projects\drink_pos\data\drink_pos_dev.db;data;round_requests;4;"{""decided_at"": ""2026-05-05 17:08:45"", ""id"": 4, ""item_id"": 4, ""person_id"": 36, ""quantity"": 1, ""reason"": null, ""requested_at"": ""2026-05-05 16:45:00"", ""status"": ""APPROVED""}"
2026-05-08_224617;C:\Users\Dani\Documents\CODEX-Projects\drink_pos\data\drink_pos_dev.db;data;round_requests;5;"{""decided_at"": ""2026-05-05 17:09:17"", ""id"": 5, ""item_id"": 4, ""person_id"": 35, ""quantity"": 1, ""reason"": null, ""requested_at"": ""2026-05-05 17:08:59"", ""status"": ""APPROVED""}"
2026-05-08_224617;C:\Users\Dani\Documents\CODEX-Projects\drink_pos\data\drink_pos_dev.db;data;round_requests;6;"{""decided_at"": ""2026-05-05 19:59:05"", ""id"": 6, ""item_id"": 4, ""person_id"": 55, ""quantity"": 1, ""reason"": null, ""requested_at"": ""2026-05-05 19:58:53"", ""status"": ""APPROVED""}"
2026-05-08_224617;C:\Users\Dani\Documents\CODEX-Projects\drink_pos\data\drink_pos_dev.db;data;round_requests;7;"{""decided_at"": ""2026-05-05 20:20:18"", ""id"": 7, ""item_id"": 4, ""person_id"": 33, ""quantity"": 1, ""reason"": null, ""requested_at"": ""2026-05-05 20:04:59"", ""status"": ""APPROVED""}"
2026-05-08_224617;C:\Users\Dani\Documents\CODEX-Projects\drink_pos\data\drink_pos_dev.db;data;round_requests;8;"{""decided_at"": ""2026-05-05 21:19:30"", ""id"": 8, ""item_id"": 4, ""person_id"": 23, ""quantity"": 1, ""reason"": null, ""requested_at"": ""2026-05-05 20:15:21"", ""status"": ""APPROVED""}"
2026-05-08_224617;C:\Users\Dani\Documents\CODEX-Projects\drink_pos\data\drink_pos_dev.db;data;round_requests;9;"{""decided_at"": ""2026-05-05 20:20:31"", ""id"": 9, ""item_id"": 4, ""person_id"": 33, ""quantity"": 1, ""reason"": null, ""requested_at"": ""2026-05-05 20:20:31"", ""status"": ""APPROVED""}"
2026-05-08_224617;C:\Users\Dani\Documents\CODEX-Projects\drink_pos\data\drink_pos_dev.db;data;round_requests;10;"{""decided_at"": ""2026-05-05 21:20:49"", ""id"": 10, ""item_id"": 4, ""person_id"": 42, ""quantity"": 1, ""reason"": null, ""requested_at"": ""2026-05-05 21:20:49"", ""status"": ""APPROVED""}"
2026-05-08_224617;C:\Users\Dani\Documents\CODEX-Projects\drink_pos\data\drink_pos_dev.db;data;round_requests;11;"{""decided_at"": ""2026-05-05 22:21:04"", ""id"": 11, ""item_id"": 4, ""person_id"": 32, ""quantity"": 1, ""reason"": null, ""requested_at"": ""2026-05-05 22:21:04"", ""status"": ""APPROVED""}"
2026-05-08_224617;C:\Users\Dani\Documents\CODEX-Projects\drink_pos\data\drink_pos_dev.db;data;round_requests;12;"{""decided_at"": ""2026-05-06 20:27:05"", ""id"": 12, ""item_id"": 4, ""person_id"": 39, ""quantity"": 1, ""reason"": null, ""requested_at"": ""2026-05-06 20:27:05"", ""status"": ""APPROVED""}"
2026-05-08_224617;C:\Users\Dani\Documents\CODEX-Projects\drink_pos\data\drink_pos_dev.db;data;round_requests;13;"{""decided_at"": ""2026-05-08 22:43:07"", ""id"": 13, ""item_id"": 4, ""person_id"": 4, ""quantity"": 1, ""reason"": null, ""requested_at"": ""2026-05-08 22:43:07"", ""status"": ""APPROVED""}"
2026-05-08_224617;C:\Users\Dani\Documents\CODEX-Projects\drink_pos\data\drink_pos_dev.db;summary;transactions;count;"{""columns"": [""id"", ""person_id"", ""type"", ""total"", ""details"", ""timestamp""], ""exists"": true, ""row_count"": 813}"
2026-05-08_224617;C:\Users\Dani\Documents\CODEX-Projects\drink_pos\data\drink_pos_dev.db;data;transactions;1;"{""details"": ""+1x Bier gross à € 2,50"", ""id"": 1, ""person_id"": 32, ""timestamp"": ""2026-05-05 16:31:00"", ""total"": 2.5, ""type"": ""CONSUME""}"
2026-05-08_224617;C:\Users\Dani\Documents\CODEX-Projects\drink_pos\data\drink_pos_dev.db;data;transactions;2;"{""details"": ""+1x Bier klein à € 1,80"", ""id"": 2, ""person_id"": 32, ""timestamp"": ""2026-05-05 16:31:01"", ""total"": 1.8, ""type"": ""CONSUME""}"
2026-05-08_224617;C:\Users\Dani\Documents\CODEX-Projects\drink_pos\data\drink_pos_dev.db;data;transactions;3;"{""details"": ""+1x Limo à € 1,00"", ""id"": 3, ""person_id"": 32, ""timestamp"": ""2026-05-05 16:31:01"", ""total"": 1.0, ""type"": ""CONSUME""}"
2026-05-08_224617;C:\Users\Dani\Documents\CODEX-Projects\drink_pos\data\drink_pos_dev.db;data;transactions;4;"{""details"": ""Löschanfrage: -1x Bier gross, -1x Bier klein"", ""id"": 4, ""person_id"": 32, ""timestamp"": ""2026-05-05 16:31:07"", ""total"": 0.0, ""type"": ""CHANGE_REQUEST""}"
2026-05-08_224617;C:\Users\Dani\Documents\CODEX-Projects\drink_pos\data\drink_pos_dev.db;data;transactions;5;"{""details"": ""Synchronisiert · Seite: Kasse · Client-Zeit: 2026-05-05T14:31:12.212Z · letzter Sync Client: 2026-05-05T14:31:12.209Z · Automatisch nach Serveränderung synchronisiert."", ""id"": 5, ""person_id"": null, ""timestamp"": ""2026-05-05 16:31:12"", ""total"": 0.0, ""type"": ""SYNC_COMPLETED""}"
2026-05-08_224617;C:\Users\Dani\Documents\CODEX-Projects\drink_pos\data\drink_pos_dev.db;data;transactions;6;"{""details"": ""Synchronisiert · Seite: Kasse · Client-Zeit: 2026-05-05T14:31:28.247Z · letzter Sync Client: 2026-05-05T14:31:28.243Z · Automatisch nach Serveränderung synchronisiert."", ""id"": 6, ""person_id"": null, ""timestamp"": ""2026-05-05 16:31:28"", ""total"": 0.0, ""type"": ""SYNC_COMPLETED""}"
2026-05-08_224617;C:\Users\Dani\Documents\CODEX-Projects\drink_pos\data\drink_pos_dev.db;data;transactions;7;"{""details"": ""Runde angefragt: +1x 1 Runde"", ""id"": 7, ""person_id"": 1, ""timestamp"": ""2026-05-05 16:31:33"", ""total"": 0.0, ""type"": ""ROUND_REQUEST""}"
2026-05-08_224617;C:\Users\Dani\Documents\CODEX-Projects\drink_pos\data\drink_pos_dev.db;data;transactions;8;"{""details"": ""+1x Bier gross à € 2,50"", ""id"": 8, ""person_id"": 1, ""timestamp"": ""2026-05-05 16:31:36"", ""total"": 2.5, ""type"": ""CONSUME""}"
2026-05-08_224617;C:\Users\Dani\Documents\CODEX-Projects\drink_pos\data\drink_pos_dev.db;data;transactions;9;"{""details"": ""+1x Bier klein à € 1,80"", ""id"": 9, ""person_id"": 1, ""timestamp"": ""2026-05-05 16:31:37"", ""total"": 1.8, ""type"": ""CONSUME""}"
2026-05-08_224617;C:\Users\Dani\Documents\CODEX-Projects\drink_pos\data\drink_pos_dev.db;data;transactions;10;"{""details"": ""+1x Limo à € 1,00"", ""id"": 10, ""person_id"": 1, ""timestamp"": ""2026-05-05 16:31:37"", ""total"": 1.0, ""type"": ""CONSUME""}"
2026-05-08_224617;C:\Users\Dani\Documents\CODEX-Projects\drink_pos\data\drink_pos_dev.db;data;transactions;11;"{""details"": ""+1x Bier klein à € 1,80"", ""id"": 11, ""person_id"": 1, ""timestamp"": ""2026-05-05 16:31:37"", ""total"": 1.8, ""type"": ""CONSUME""}"
2026-05-08_224617;C:\Users\Dani\Documents\CODEX-Projects\drink_pos\data\drink_pos_dev.db;data;transactions;12;"{""details"": ""+1x Bier klein à € 1,80"", ""id"": 12, ""person_id"": 1, ""timestamp"": ""2026-05-05 16:31:37"", ""total"": 1.8, ""type"": ""CONSUME""}"
2026-05-08_224617;C:\Users\Dani\Documents\CODEX-Projects\drink_pos\data\drink_pos_dev.db;data;transactions;13;"{""details"": ""+1x Bier klein à € 1,80"", ""id"": 13, ""person_id"": 1, ""timestamp"": ""2026-05-05 16:31:37"", ""total"": 1.8, ""type"": ""CONSUME""}"
2026-05-08_224617;C:\Users\Dani\Documents\CODEX-Projects\drink_pos\data\drink_pos_dev.db;data;transactions;14;"{""details"": ""+1x Bier klein à € 1,80"", ""id"": 14, ""person_id"": 1, ""timestamp"": ""2026-05-05 16:31:38"", ""total"": 1.8, ""type"": ""CONSUME""}"
2026-05-08_224617;C:\Users\Dani\Documents\CODEX-Projects\drink_pos\data\drink_pos_dev.db;data;transactions;15;"{""details"": ""+1x Bier klein à € 1,80"", ""id"": 15, ""person_id"": 1, ""timestamp"": ""2026-05-05 16:31:38"", ""total"": 1.8, ""type"": ""CONSUME""}"
2026-05-08_224617;C:\Users\Dani\Documents\CODEX-Projects\drink_pos\data\drink_pos_dev.db;data;transactions;16;"{""details"": ""+1x Bier klein à € 1,80"", ""id"": 16, ""person_id"": 1, ""timestamp"": ""2026-05-05 16:31:38"", ""total"": 1.8, ""type"": ""CONSUME""}"
2026-05-08_224617;C:\Users\Dani\Documents\CODEX-Projects\drink_pos\data\drink_pos_dev.db;data;transactions;17;"{""details"": ""+1x Limo à € 1,00"", ""id"": 17, ""person_id"": 1, ""timestamp"": ""2026-05-05 16:31:38"", ""total"": 1.0, ""type"": ""CONSUME""}"
2026-05-08_224617;C:\Users\Dani\Documents\CODEX-Projects\drink_pos\data\drink_pos_dev.db;data;transactions;18;"{""details"": ""+1x Limo à € 1,00"", ""id"": 18, ""person_id"": 1, ""timestamp"": ""2026-05-05 16:31:38"", ""total"": 1.0, ""type"": ""CONSUME""}"
2026-05-08_224617;C:\Users\Dani\Documents\CODEX-Projects\drink_pos\data\drink_pos_dev.db;data;transactions;19;"{""details"": ""+1x Limo à € 1,00"", ""id"": 19, ""person_id"": 1, ""timestamp"": ""2026-05-05 16:31:39"", ""total"": 1.0, ""type"": ""CONSUME""}"
2026-05-08_224617;C:\Users\Dani\Documents\CODEX-Projects\drink_pos\data\drink_pos_dev.db;data;transactions;20;"{""details"": ""+1x Limo à € 1,00"", ""id"": 20, ""person_id"": 1, ""timestamp"": ""2026-05-05 16:31:39"", ""total"": 1.0, ""type"": ""CONSUME""}"
2026-05-08_224617;C:\Users\Dani\Documents\CODEX-Projects\drink_pos\data\drink_pos_dev.db;data;transactions;21;"{""details"": ""+1x Limo à € 1,00"", ""id"": 21, ""person_id"": 1, ""timestamp"": ""2026-05-05 16:31:39"", ""total"": 1.0, ""type"": ""CONSUME""}"
2026-05-08_224617;C:\Users\Dani\Documents\CODEX-Projects\drink_pos\data\drink_pos_dev.db;data;transactions;22;"{""details"": ""+1x Bier gross à € 2,50"", ""id"": 22, ""person_id"": 1, ""timestamp"": ""2026-05-05 16:31:40"", ""total"": 2.5, ""type"": ""CONSUME""}"
2026-05-08_224617;C:\Users\Dani\Documents\CODEX-Projects\drink_pos\data\drink_pos_dev.db;data;transactions;23;"{""details"": ""+1x Bier gross à € 2,50"", ""id"": 23, ""person_id"": 1, ""timestamp"": ""2026-05-05 16:31:40"", ""total"": 2.5, ""type"": ""CONSUME""}"
2026-05-08_224617;C:\Users\Dani\Documents\CODEX-Projects\drink_pos\data\drink_pos_dev.db;data;transactions;24;"{""details"": ""+1x Bier gross à € 2,50"", ""id"": 24, ""person_id"": 1, ""timestamp"": ""2026-05-05 16:31:40"", ""total"": 2.5, ""type"": ""CONSUME""}"
2026-05-08_224617;C:\Users\Dani\Documents\CODEX-Projects\drink_pos\data\drink_pos_dev.db;data;transactions;25;"{""details"": ""+1x Bier gross à € 2,50"", ""id"": 25, ""person_id"": 1, ""timestamp"": ""2026-05-05 16:31:40"", ""total"": 2.5, ""type"": ""CONSUME""}"
2026-05-08_224617;C:\Users\Dani\Documents\CODEX-Projects\drink_pos\data\drink_pos_dev.db;data;transactions;26;"{""details"": ""+1x Bier gross à € 2,50"", ""id"": 26, ""person_id"": 1, ""timestamp"": ""2026-05-05 16:31:40"", ""total"": 2.5, ""type"": ""CONSUME""}"
2026-05-08_224617;C:\Users\Dani\Documents\CODEX-Projects\drink_pos\data\drink_pos_dev.db;data;transactions;27;"{""details"": ""Synchronisiert · Seite: Kasse · Client-Zeit: 2026-05-05T14:31:42.205Z · letzter Sync Client: 2026-05-05T14:31:42.202Z · Automatisch nach Serveränderung synchronisiert."", ""id"": 27, ""person_id"": null, ""timestamp"": ""2026-05-05 16:31:42"", ""total"": 0.0, ""type"": ""SYNC_COMPLETED""}"
2026-05-08_224617;C:\Users\Dani\Documents\CODEX-Projects\drink_pos\data\drink_pos_dev.db;data;transactions;28;"{""details"": ""Synchronisiert · Seite: Kasse · Client-Zeit: 2026-05-05T14:32:01.980Z · letzter Sync Client: 2026-05-05T14:32:01.976Z · Automatisch nach Serveränderung synchronisiert."", ""id"": 28, ""person_id"": null, ""timestamp"": ""2026-05-05 16:32:01"", ""total"": 0.0, ""type"": ""SYNC_COMPLETED""}"
2026-05-08_224617;C:\Users\Dani\Documents\CODEX-Projects\drink_pos\data\drink_pos_dev.db;data;transactions;29;"{""details"": ""Synchronisiert · Seite: Kasse · Client-Zeit: 2026-05-05T14:32:12.211Z · letzter Sync Client: 2026-05-05T14:32:12.209Z · Automatisch nach Serveränderung synchronisiert."", ""id"": 29, ""person_id"": null, ""timestamp"": ""2026-05-05 16:32:12"", ""total"": 0.0, ""type"": ""SYNC_COMPLETED""}"
2026-05-08_224617;C:\Users\Dani\Documents\CODEX-Projects\drink_pos\data\drink_pos_dev.db;data;transactions;30;"{""details"": ""Synchronisiert · Seite: Kasse · Client-Zeit: 2026-05-05T14:32:35.705Z · letzter Sync Client: 2026-05-05T14:32:35.703Z · Automatisch nach Serveränderung synchronisiert."", ""id"": 30, ""person_id"": null, ""timestamp"": ""2026-05-05 16:32:35"", ""total"": 0.0, ""type"": ""SYNC_COMPLETED""}"
2026-05-08_224617;C:\Users\Dani\Documents\CODEX-Projects\drink_pos\data\drink_pos_dev.db;data;transactions;31;"{""details"": ""Kassensturz: 22 Striche auf offene Rechnungen übertragen; Summe € 38,90"", ""id"": 31, ""person_id"": null, ""timestamp"": ""2026-05-05 16:32:43"", ""total"": 38.9, ""type"": ""CASHUP""}"
2026-05-08_224617;C:\Users\Dani\Documents\CODEX-Projects\drink_pos\data\drink_pos_dev.db;data;transactions;32;"{""details"": ""Synchronisiert · Seite: Kasse · Client-Zeit: 2026-05-05T14:32:57.325Z · letzter Sync Client: 2026-05-05T14:32:57.322Z · Automatisch nach Serveränderung synchronisiert."", ""id"": 32, ""person_id"": null, ""timestamp"": ""2026-05-05 16:32:57"", ""total"": 0.0, ""type"": ""SYNC_COMPLETED""}"
2026-05-08_224617;C:\Users\Dani\Documents\CODEX-Projects\drink_pos\data\drink_pos_dev.db;data;transactions;33;"{""details"": ""Rundenanfrage bestätigt: +1x 1 Runde für Basile Leonardo"", ""id"": 33, ""person_id"": 1, ""timestamp"": ""2026-05-05 16:32:58"", ""total"": 10.0, ""type"": ""ROUND_REQUEST_APPROVED""}"
2026-05-08_224617;C:\Users\Dani\Documents\CODEX-Projects\drink_pos\data\drink_pos_dev.db;data;transactions;34;"{""details"": ""Bar bezahlt von Basile Leonardo: 6x Bier gross à € 2,50 (2026-05-05), 7x Bier klein à € 1,80 (2026-05-05), 6x Limo à € 1,00 (2026-05-05), 1x 1 Runde à € 10,00 (2026-05-05)"", ""id"": 34, ""person_id"": 1, ""timestamp"": ""2026-05-05 16:33:04"", ""total"": 43.6, ""type"": ""PAID_CASH""}"
2026-05-08_224617;C:\Users\Dani\Documents\CODEX-Projects\drink_pos\data\drink_pos_dev.db;data;transactions;35;"{""details"": ""+1x Bier gross à € 2,50"", ""id"": 35, ""person_id"": 1, ""timestamp"": ""2026-05-05 16:33:07"", ""total"": 2.5, ""type"": ""CONSUME""}"
2026-05-08_224617;C:\Users\Dani\Documents\CODEX-Projects\drink_pos\data\drink_pos_dev.db;data;transactions;36;"{""details"": ""Synchronisiert · Seite: Kasse · Client-Zeit: 2026-05-05T14:33:27.310Z · letzter Sync Client: 2026-05-05T14:33:27.305Z · Automatisch nach Serveränderung synchronisiert."", ""id"": 36, ""person_id"": null, ""timestamp"": ""2026-05-05 16:33:27"", ""total"": 0.0, ""type"": ""SYNC_COMPLETED""}"
2026-05-08_224617;C:\Users\Dani\Documents\CODEX-Projects\drink_pos\data\drink_pos_dev.db;data;transactions;37;"{""details"": ""Synchronisiert · Seite: Organisation · Client-Zeit: 2026-05-05T14:33:54.995Z · letzter Sync Client: 2026-05-05T14:33:54.993Z · Automatisch nach Serveränderung synchronisiert."", ""id"": 37, ""person_id"": null, ""timestamp"": ""2026-05-05 16:33:54"", ""total"": 0.0, ""type"": ""SYNC_COMPLETED""}"
2026-05-08_224617;C:\Users\Dani\Documents\CODEX-Projects\drink_pos\data\drink_pos_dev.db;data;transactions;38;"{""details"": ""Synchronisiert · Seite: Kasse · Client-Zeit: 2026-05-05T14:33:57.324Z · letzter Sync Client: 2026-05-05T14:33:57.321Z · Automatisch nach Serveränderung synchronisiert."", ""id"": 38, ""person_id"": null, ""timestamp"": ""2026-05-05 16:33:57"", ""total"": 0.0, ""type"": ""SYNC_COMPLETED""}"
2026-05-08_224617;C:\Users\Dani\Documents\CODEX-Projects\drink_pos\data\drink_pos_dev.db;data;transactions;39;"{""details"": ""Synchronisiert · Seite: Organisation · Client-Zeit: 2026-05-05T14:34:19.872Z · letzter Sync Client: 2026-05-05T14:34:19.871Z · Automatisch nach Serveränderung synchronisiert."", ""id"": 39, ""person_id"": null, ""timestamp"": ""2026-05-05 16:34:19"", ""total"": 0.0, ""type"": ""SYNC_COMPLETED""}"
2026-05-08_224617;C:\Users\Dani\Documents\CODEX-Projects\drink_pos\data\drink_pos_dev.db;data;transactions;40;"{""details"": ""Synchronisiert · Seite: Kasse · Client-Zeit: 2026-05-05T14:34:27.323Z · letzter Sync Client: 2026-05-05T14:34:27.321Z · Automatisch nach Serveränderung synchronisiert."", ""id"": 40, ""person_id"": null, ""timestamp"": ""2026-05-05 16:34:27"", ""total"": 0.0, ""type"": ""SYNC_COMPLETED""}"
2026-05-08_224617;C:\Users\Dani\Documents\CODEX-Projects\drink_pos\data\drink_pos_dev.db;data;transactions;41;"{""details"": ""Synchronisiert · Seite: Organisation · Client-Zeit: 2026-05-05T14:34:59.029Z · letzter Sync Client: 2026-05-05T14:34:59.027Z · Automatisch nach Serveränderung synchronisiert."", ""id"": 41, ""person_id"": null, ""timestamp"": ""2026-05-05 16:34:59"", ""total"": 0.0, ""type"": ""SYNC_COMPLETED""}"
2026-05-08_224617;C:\Users\Dani\Documents\CODEX-Projects\drink_pos\data\drink_pos_dev.db;data;transactions;42;"{""details"": ""Synchronisiert · Seite: Kasse · Client-Zeit: 2026-05-05T14:35:27.325Z · letzter Sync Client: 2026-05-05T14:35:27.322Z · Automatisch nach Serveränderung synchronisiert."", ""id"": 42, ""person_id"": null, ""timestamp"": ""2026-05-05 16:35:27"", ""total"": 0.0, ""type"": ""SYNC_COMPLETED""}"
2026-05-08_224617;C:\Users\Dani\Documents\CODEX-Projects\drink_pos\data\drink_pos_dev.db;data;transactions;43;"{""details"": ""Synchronisiert · Seite: Organisation · Client-Zeit: 2026-05-05T14:35:32.641Z · letzter Sync Client: 2026-05-05T14:35:32.639Z · Automatisch nach Serveränderung synchronisiert."", ""id"": 43, ""person_id"": null, ""timestamp"": ""2026-05-05 16:35:32"", ""total"": 0.0, ""type"": ""SYNC_COMPLETED""}"
2026-05-08_224617;C:\Users\Dani\Documents\CODEX-Projects\drink_pos\data\drink_pos_dev.db;data;transactions;44;"{""details"": ""Synchronisiert · Seite: Kasse · Client-Zeit: 2026-05-05T14:35:57.312Z · letzter Sync Client: 2026-05-05T14:35:57.308Z · Automatisch nach Serveränderung synchronisiert."", ""id"": 44, ""person_id"": null, ""timestamp"": ""2026-05-05 16:35:57"", ""total"": 0.0, ""type"": ""SYNC_COMPLETED""}"
2026-05-08_224617;C:\Users\Dani\Documents\CODEX-Projects\drink_pos\data\drink_pos_dev.db;data;transactions;45;"{""details"": ""Synchronisiert · Seite: Organisation · Client-Zeit: 2026-05-05T14:36:03.580Z · letzter Sync Client: 2026-05-05T14:36:03.577Z · Automatisch nach Serveränderung synchronisiert."", ""id"": 45, ""person_id"": null, ""timestamp"": ""2026-05-05 16:36:03"", ""total"": 0.0, ""type"": ""SYNC_COMPLETED""}"
2026-05-08_224617;C:\Users\Dani\Documents\CODEX-Projects\drink_pos\data\drink_pos_dev.db;data;transactions;46;"{""details"": ""Synchronisiert · Seite: Kasse · Client-Zeit: 2026-05-05T14:36:27.308Z · letzter Sync Client: 2026-05-05T14:36:27.306Z · Automatisch nach Serveränderung synchronisiert."", ""id"": 46, ""person_id"": null, ""timestamp"": ""2026-05-05 16:36:27"", ""total"": 0.0, ""type"": ""SYNC_COMPLETED""}"
2026-05-08_224617;C:\Users\Dani\Documents\CODEX-Projects\drink_pos\data\drink_pos_dev.db;data;transactions;47;"{""details"": ""Synchronisiert · Seite: Organisation · Client-Zeit: 2026-05-05T14:36:36.771Z · letzter Sync Client: 2026-05-05T14:36:36.767Z · Automatisch nach Serveränderung synchronisiert."", ""id"": 47, ""person_id"": null, ""timestamp"": ""2026-05-05 16:36:36"", ""total"": 0.0, ""type"": ""SYNC_COMPLETED""}"
2026-05-08_224617;C:\Users\Dani\Documents\CODEX-Projects\drink_pos\data\drink_pos_dev.db;data;transactions;48;"{""details"": ""Synchronisiert · Seite: Kasse · Client-Zeit: 2026-05-05T14:36:57.310Z · letzter Sync Client: 2026-05-05T14:36:57.307Z · Automatisch nach Serveränderung synchronisiert."", ""id"": 48, ""person_id"": null, ""timestamp"": ""2026-05-05 16:36:57"", ""total"": 0.0, ""type"": ""SYNC_COMPLETED""}"
2026-05-08_224617;C:\Users\Dani\Documents\CODEX-Projects\drink_pos\data\drink_pos_dev.db;data;transactions;49;"{""details"": ""Synchronisiert · Seite: Organisation · Client-Zeit: 2026-05-05T14:37:10.390Z · letzter Sync Client: 2026-05-05T14:37:10.388Z · Automatisch nach Serveränderung synchronisiert."", ""id"": 49, ""person_id"": null, ""timestamp"": ""2026-05-05 16:37:10"", ""total"": 0.0, ""type"": ""SYNC_COMPLETED""}"
2026-05-08_224617;C:\Users\Dani\Documents\CODEX-Projects\drink_pos\data\drink_pos_dev.db;data;transactions;50;"{""details"": ""Synchronisiert · Seite: Kasse · Client-Zeit: 2026-05-05T14:37:27.322Z · letzter Sync Client: 2026-05-05T14:37:27.319Z · Automatisch nach Serveränderung synchronisiert."", ""id"": 50, ""person_id"": null, ""timestamp"": ""2026-05-05 16:37:27"", ""total"": 0.0, ""type"": ""SYNC_COMPLETED""}"
2026-05-08_224617;C:\Users\Dani\Documents\CODEX-Projects\drink_pos\data\drink_pos_dev.db;data;transactions;51;"{""details"": ""Synchronisiert · Seite: Organisation · Client-Zeit: 2026-05-05T14:37:43.993Z · letzter Sync Client: 2026-05-05T14:37:43.989Z · Automatisch nach Serveränderung synchronisiert."", ""id"": 51, ""person_id"": null, ""timestamp"": ""2026-05-05 16:37:43"", ""total"": 0.0, ""type"": ""SYNC_COMPLETED""}"
2026-05-08_224617;C:\Users\Dani\Documents\CODEX-Projects\drink_pos\data\drink_pos_dev.db;data;transactions;52;"{""details"": ""Synchronisiert · Seite: Kasse · Client-Zeit: 2026-05-05T14:37:57.314Z · letzter Sync Client: 2026-05-05T14:37:57.310Z · Automatisch nach Serveränderung synchronisiert."", ""id"": 52, ""person_id"": null, ""timestamp"": ""2026-05-05 16:37:57"", ""total"": 0.0, ""type"": ""SYNC_COMPLETED""}"
2026-05-08_224617;C:\Users\Dani\Documents\CODEX-Projects\drink_pos\data\drink_pos_dev.db;data;transactions;53;"{""details"": ""Synchronisiert · Seite: Organisation · Client-Zeit: 2026-05-05T14:38:17.593Z · letzter Sync Client: 2026-05-05T14:38:17.590Z · Automatisch nach Serveränderung synchronisiert."", ""id"": 53, ""person_id"": null, ""timestamp"": ""2026-05-05 16:38:17"", ""total"": 0.0, ""type"": ""SYNC_COMPLETED""}"
2026-05-08_224617;C:\Users\Dani\Documents\CODEX-Projects\drink_pos\data\drink_pos_dev.db;data;transactions;54;"{""details"": ""Synchronisiert · Seite: Kasse · Client-Zeit: 2026-05-05T14:38:27.327Z · letzter Sync Client: 2026-05-05T14:38:27.324Z · Automatisch nach Serveränderung synchronisiert."", ""id"": 54, ""person_id"": null, ""timestamp"": ""2026-05-05 16:38:27"", ""total"": 0.0, ""type"": ""SYNC_COMPLETED""}"
2026-05-08_224617;C:\Users\Dani\Documents\CODEX-Projects\drink_pos\data\drink_pos_dev.db;data;transactions;55;"{""details"": ""Synchronisiert · Seite: Organisation · Client-Zeit: 2026-05-05T14:38:49.206Z · letzter Sync Client: 2026-05-05T14:38:49.204Z · Automatisch nach Serveränderung synchronisiert."", ""id"": 55, ""person_id"": null, ""timestamp"": ""2026-05-05 16:38:49"", ""total"": 0.0, ""type"": ""SYNC_COMPLETED""}"
2026-05-08_224617;C:\Users\Dani\Documents\CODEX-Projects\drink_pos\data\drink_pos_dev.db;data;transactions;56;"{""details"": ""Synchronisiert · Seite: Kasse · Client-Zeit: 2026-05-05T14:38:57.452Z · letzter Sync Client: 2026-05-05T14:38:57.449Z · Automatisch nach Serveränderung synchronisiert."", ""id"": 56, ""person_id"": null, ""timestamp"": ""2026-05-05 16:38:57"", ""total"": 0.0, ""type"": ""SYNC_COMPLETED""}"
2026-05-08_224617;C:\Users\Dani\Documents\CODEX-Projects\drink_pos\data\drink_pos_dev.db;data;transactions;57;"{""details"": ""Rundenpreis auf € 40,00 gesetzt"", ""id"": 57, ""person_id"": null, ""timestamp"": ""2026-05-05 16:39:25"", ""total"": 0.0, ""type"": ""SETTINGS_UPDATED""}"
2026-05-08_224617;C:\Users\Dani\Documents\CODEX-Projects\drink_pos\data\drink_pos_dev.db;data;transactions;58;"{""details"": ""Synchronisiert · Seite: Kasse · Client-Zeit: 2026-05-05T14:39:27.460Z · letzter Sync Client: 2026-05-05T14:39:27.458Z · Automatisch nach Serveränderung synchronisiert."", ""id"": 58, ""person_id"": null, ""timestamp"": ""2026-05-05 16:39:27"", ""total"": 0.0, ""type"": ""SYNC_COMPLETED""}"
2026-05-08_224617;C:\Users\Dani\Documents\CODEX-Projects\drink_pos\data\drink_pos_dev.db;data;transactions;59;"{""details"": ""Synchronisiert · Seite: Organisation · Client-Zeit: 2026-05-05T14:39:47.583Z · letzter Sync Client: 2026-05-05T14:39:47.580Z · Automatisch nach Serveränderung synchronisiert."", ""id"": 59, ""person_id"": null, ""timestamp"": ""2026-05-05 16:39:47"", ""total"": 0.0, ""type"": ""SYNC_COMPLETED""}"
2026-05-08_224617;C:\Users\Dani\Documents\CODEX-Projects\drink_pos\data\drink_pos_dev.db;data;transactions;60;"{""details"": ""Synchronisiert · Seite: Kasse · Client-Zeit: 2026-05-05T14:40:01.466Z · letzter Sync Client: 2026-05-05T14:40:01.463Z · Automatisch nach Serveränderung synchronisiert."", ""id"": 60, ""person_id"": null, ""timestamp"": ""2026-05-05 16:40:01"", ""total"": 0.0, ""type"": ""SYNC_COMPLETED""}"
2026-05-08_224617;C:\Users\Dani\Documents\CODEX-Projects\drink_pos\data\drink_pos_dev.db;data;transactions;61;"{""details"": ""Synchronisiert · Seite: Organisation · Client-Zeit: 2026-05-05T14:40:17.662Z · letzter Sync Client: 2026-05-05T14:40:17.660Z · Automatisch nach Serveränderung synchronisiert."", ""id"": 61, ""person_id"": null, ""timestamp"": ""2026-05-05 16:40:17"", ""total"": 0.0, ""type"": ""SYNC_COMPLETED""}"
2026-05-08_224617;C:\Users\Dani\Documents\CODEX-Projects\drink_pos\data\drink_pos_dev.db;data;transactions;62;"{""details"": ""Synchronisiert · Seite: Kasse · Client-Zeit: 2026-05-05T14:41:01.463Z · letzter Sync Client: 2026-05-05T14:41:01.460Z · Automatisch nach Serveränderung synchronisiert."", ""id"": 62, ""person_id"": null, ""timestamp"": ""2026-05-05 16:41:01"", ""total"": 0.0, ""type"": ""SYNC_COMPLETED""}"
2026-05-08_224617;C:\Users\Dani\Documents\CODEX-Projects\drink_pos\data\drink_pos_dev.db;data;transactions;63;"{""details"": ""Synchronisiert · Seite: Kasse · Client-Zeit: 2026-05-05T14:41:03.440Z · letzter Sync Client: 2026-05-05T14:41:03.437Z · Automatisch nach Serveränderung synchronisiert."", ""id"": 63, ""person_id"": null, ""timestamp"": ""2026-05-05 16:41:03"", ""total"": 0.0, ""type"": ""SYNC_COMPLETED""}"
2026-05-08_224617;C:\Users\Dani\Documents\CODEX-Projects\drink_pos\data\drink_pos_dev.db;data;transactions;64;"{""details"": ""+1x Bier gross à € 2,50"", ""id"": 64, ""person_id"": 4, ""timestamp"": ""2026-05-05 16:41:14"", ""total"": 2.5, ""type"": ""CONSUME""}"
2026-05-08_224617;C:\Users\Dani\Documents\CODEX-Projects\drink_pos\data\drink_pos_dev.db;data;transactions;65;"{""details"": ""+1x Bier klein à € 1,80"", ""id"": 65, ""person_id"": 4, ""timestamp"": ""2026-05-05 16:41:15"", ""total"": 1.8, ""type"": ""CONSUME""}"
2026-05-08_224617;C:\Users\Dani\Documents\CODEX-Projects\drink_pos\data\drink_pos_dev.db;data;transactions;66;"{""details"": ""+1x Limo à € 1,00"", ""id"": 66, ""person_id"": 4, ""timestamp"": ""2026-05-05 16:41:15"", ""total"": 1.0, ""type"": ""CONSUME""}"
2026-05-08_224617;C:\Users\Dani\Documents\CODEX-Projects\drink_pos\data\drink_pos_dev.db;data;transactions;67;"{""details"": ""+1x Bier gross à € 2,50"", ""id"": 67, ""person_id"": 4, ""timestamp"": ""2026-05-05 16:41:17"", ""total"": 2.5, ""type"": ""CONSUME""}"
2026-05-08_224617;C:\Users\Dani\Documents\CODEX-Projects\drink_pos\data\drink_pos_dev.db;data;transactions;68;"{""details"": ""+1x Bier gross à € 2,50"", ""id"": 68, ""person_id"": 4, ""timestamp"": ""2026-05-05 16:41:17"", ""total"": 2.5, ""type"": ""CONSUME""}"
2026-05-08_224617;C:\Users\Dani\Documents\CODEX-Projects\drink_pos\data\drink_pos_dev.db;data;transactions;69;"{""details"": ""+1x Bier gross à € 2,50"", ""id"": 69, ""person_id"": 4, ""timestamp"": ""2026-05-05 16:41:17"", ""total"": 2.5, ""type"": ""CONSUME""}"
2026-05-08_224617;C:\Users\Dani\Documents\CODEX-Projects\drink_pos\data\drink_pos_dev.db;data;transactions;70;"{""details"": ""+1x Bier gross à € 2,50"", ""id"": 70, ""person_id"": 4, ""timestamp"": ""2026-05-05 16:41:17"", ""total"": 2.5, ""type"": ""CONSUME""}"
2026-05-08_224617;C:\Users\Dani\Documents\CODEX-Projects\drink_pos\data\drink_pos_dev.db;data;transactions;71;"{""details"": ""+1x Bier gross à € 2,50"", ""id"": 71, ""person_id"": 4, ""timestamp"": ""2026-05-05 16:41:17"", ""total"": 2.5, ""type"": ""CONSUME""}"
2026-05-08_224617;C:\Users\Dani\Documents\CODEX-Projects\drink_pos\data\drink_pos_dev.db;data;transactions;72;"{""details"": ""+1x Bier gross à € 2,50"", ""id"": 72, ""person_id"": 4, ""timestamp"": ""2026-05-05 16:41:18"", ""total"": 2.5, ""type"": ""CONSUME""}"
2026-05-08_224617;C:\Users\Dani\Documents\CODEX-Projects\drink_pos\data\drink_pos_dev.db;data;transactions;73;"{""details"": ""+1x Bier gross à € 2,50"", ""id"": 73, ""person_id"": 4, ""timestamp"": ""2026-05-05 16:41:18"", ""total"": 2.5, ""type"": ""CONSUME""}"
2026-05-08_224617;C:\Users\Dani\Documents\CODEX-Projects\drink_pos\data\drink_pos_dev.db;data;transactions;74;"{""details"": ""+1x Bier gross à € 2,50"", ""id"": 74, ""person_id"": 4, ""timestamp"": ""2026-05-05 16:41:18"", ""total"": 2.5, ""type"": ""CONSUME""}"
2026-05-08_224617;C:\Users\Dani\Documents\CODEX-Projects\drink_pos\data\drink_pos_dev.db;data;transactions;75;"{""details"": ""+1x Bier gross à € 2,50"", ""id"": 75, ""person_id"": 4, ""timestamp"": ""2026-05-05 16:41:18"", ""total"": 2.5, ""type"": ""CONSUME""}"
2026-05-08_224617;C:\Users\Dani\Documents\CODEX-Projects\drink_pos\data\drink_pos_dev.db;data;transactions;76;"{""details"": ""+1x Bier gross à € 2,50"", ""id"": 76, ""person_id"": 4, ""timestamp"": ""2026-05-05 16:41:18"", ""total"": 2.5, ""type"": ""CONSUME""}"
2026-05-08_224617;C:\Users\Dani\Documents\CODEX-Projects\drink_pos\data\drink_pos_dev.db;data;transactions;77;"{""details"": ""+1x Bier gross à € 2,50"", ""id"": 77, ""person_id"": 4, ""timestamp"": ""2026-05-05 16:41:18"", ""total"": 2.5, ""type"": ""CONSUME""}"
2026-05-08_224617;C:\Users\Dani\Documents\CODEX-Projects\drink_pos\data\drink_pos_dev.db;data;transactions;78;"{""details"": ""+1x Bier gross à € 2,50"", ""id"": 78, ""person_id"": 4, ""timestamp"": ""2026-05-05 16:41:19"", ""total"": 2.5, ""type"": ""CONSUME""}"
2026-05-08_224617;C:\Users\Dani\Documents\CODEX-Projects\drink_pos\data\drink_pos_dev.db;data;transactions;79;"{""details"": ""+1x Bier gross à € 2,50"", ""id"": 79, ""person_id"": 4, ""timestamp"": ""2026-05-05 16:41:19"", ""total"": 2.5, ""type"": ""CONSUME""}"
2026-05-08_224617;C:\Users\Dani\Documents\CODEX-Projects\drink_pos\data\drink_pos_dev.db;data;transactions;80;"{""details"": ""+1x Bier gross à € 2,50"", ""id"": 80, ""person_id"": 4, ""timestamp"": ""2026-05-05 16:41:19"", ""total"": 2.5, ""type"": ""CONSUME""}"
2026-05-08_224617;C:\Users\Dani\Documents\CODEX-Projects\drink_pos\data\drink_pos_dev.db;data;transactions;81;"{""details"": ""+1x Bier gross à € 2,50"", ""id"": 81, ""person_id"": 4, ""timestamp"": ""2026-05-05 16:41:19"", ""total"": 2.5, ""type"": ""CONSUME""}"
2026-05-08_224617;C:\Users\Dani\Documents\CODEX-Projects\drink_pos\data\drink_pos_dev.db;data;transactions;82;"{""details"": ""+1x Bier gross à € 2,50"", ""id"": 82, ""person_id"": 4, ""timestamp"": ""2026-05-05 16:41:19"", ""total"": 2.5, ""type"": ""CONSUME""}"
2026-05-08_224617;C:\Users\Dani\Documents\CODEX-Projects\drink_pos\data\drink_pos_dev.db;data;transactions;83;"{""details"": ""+1x Bier gross à € 2,50"", ""id"": 83, ""person_id"": 4, ""timestamp"": ""2026-05-05 16:41:19"", ""total"": 2.5, ""type"": ""CONSUME""}"
2026-05-08_224617;C:\Users\Dani\Documents\CODEX-Projects\drink_pos\data\drink_pos_dev.db;data;transactions;84;"{""details"": ""+1x Bier gross à € 2,50"", ""id"": 84, ""person_id"": 4, ""timestamp"": ""2026-05-05 16:41:20"", ""total"": 2.5, ""type"": ""CONSUME""}"
2026-05-08_224617;C:\Users\Dani\Documents\CODEX-Projects\drink_pos\data\drink_pos_dev.db;data;transactions;85;"{""details"": ""+1x Bier gross à € 2,50"", ""id"": 85, ""person_id"": 4, ""timestamp"": ""2026-05-05 16:41:20"", ""total"": 2.5, ""type"": ""CONSUME""}"
2026-05-08_224617;C:\Users\Dani\Documents\CODEX-Projects\drink_pos\data\drink_pos_dev.db;data;transactions;86;"{""details"": ""+1x Bier gross à € 2,50"", ""id"": 86, ""person_id"": 4, ""timestamp"": ""2026-05-05 16:41:20"", ""total"": 2.5, ""type"": ""CONSUME""}"
2026-05-08_224617;C:\Users\Dani\Documents\CODEX-Projects\drink_pos\data\drink_pos_dev.db;data;transactions;87;"{""details"": ""+1x Bier gross à € 2,50"", ""id"": 87, ""person_id"": 4, ""timestamp"": ""2026-05-05 16:41:20"", ""total"": 2.5, ""type"": ""CONSUME""}"
2026-05-08_224617;C:\Users\Dani\Documents\CODEX-Projects\drink_pos\data\drink_pos_dev.db;data;transactions;88;"{""details"": ""+1x Bier gross à € 2,50"", ""id"": 88, ""person_id"": 4, ""timestamp"": ""2026-05-05 16:41:20"", ""total"": 2.5, ""type"": ""CONSUME""}"
2026-05-08_224617;C:\Users\Dani\Documents\CODEX-Projects\drink_pos\data\drink_pos_dev.db;data;transactions;89;"{""details"": ""+1x Bier gross à € 2,50"", ""id"": 89, ""person_id"": 4, ""timestamp"": ""2026-05-05 16:41:20"", ""total"": 2.5, ""type"": ""CONSUME""}"
2026-05-08_224617;C:\Users\Dani\Documents\CODEX-Projects\drink_pos\data\drink_pos_dev.db;data;transactions;90;"{""details"": ""+1x Bier klein à € 1,80"", ""id"": 90, ""person_id"": 1, ""timestamp"": ""2026-05-05 16:41:24"", ""total"": 1.8, ""type"": ""CONSUME""}"
2026-05-08_224617;C:\Users\Dani\Documents\CODEX-Projects\drink_pos\data\drink_pos_dev.db;data;transactions;91;"{""details"": ""+1x Bier klein à € 1,80"", ""id"": 91, ""person_id"": 1, ""timestamp"": ""2026-05-05 16:41:25"", ""total"": 1.8, ""type"": ""CONSUME""}"
2026-05-08_224617;C:\Users\Dani\Documents\CODEX-Projects\drink_pos\data\drink_pos_dev.db;data;transactions;92;"{""details"": ""+1x Bier klein à € 1,80"", ""id"": 92, ""person_id"": 1, ""timestamp"": ""2026-05-05 16:41:25"", ""total"": 1.8, ""type"": ""CONSUME""}"
2026-05-08_224617;C:\Users\Dani\Documents\CODEX-Projects\drink_pos\data\drink_pos_dev.db;data;transactions;93;"{""details"": ""+1x Bier klein à € 1,80"", ""id"": 93, ""person_id"": 1, ""timestamp"": ""2026-05-05 16:41:25"", ""total"": 1.8, ""type"": ""CONSUME""}"
2026-05-08_224617;C:\Users\Dani\Documents\CODEX-Projects\drink_pos\data\drink_pos_dev.db;data;transactions;94;"{""details"": ""+1x Bier klein à € 1,80"", ""id"": 94, ""person_id"": 1, ""timestamp"": ""2026-05-05 16:41:25"", ""total"": 1.8, ""type"": ""CONSUME""}"
2026-05-08_224617;C:\Users\Dani\Documents\CODEX-Projects\drink_pos\data\drink_pos_dev.db;data;transactions;95;"{""details"": ""+1x Bier klein à € 1,80"", ""id"": 95, ""person_id"": 1, ""timestamp"": ""2026-05-05 16:41:25"", ""total"": 1.8, ""type"": ""CONSUME""}"
2026-05-08_224617;C:\Users\Dani\Documents\CODEX-Projects\drink_pos\data\drink_pos_dev.db;data;transactions;96;"{""details"": ""+1x Bier klein à € 1,80"", ""id"": 96, ""person_id"": 1, ""timestamp"": ""2026-05-05 16:41:25"", ""total"": 1.8, ""type"": ""CONSUME""}"
2026-05-08_224617;C:\Users\Dani\Documents\CODEX-Projects\drink_pos\data\drink_pos_dev.db;data;transactions;97;"{""details"": ""+1x Bier klein à € 1,80"", ""id"": 97, ""person_id"": 1, ""timestamp"": ""2026-05-05 16:41:26"", ""total"": 1.8, ""type"": ""CONSUME""}"
2026-05-08_224617;C:\Users\Dani\Documents\CODEX-Projects\drink_pos\data\drink_pos_dev.db;data;transactions;98;"{""details"": ""+1x Bier klein à € 1,80"", ""id"": 98, ""person_id"": 1, ""timestamp"": ""2026-05-05 16:41:26"", ""total"": 1.8, ""type"": ""CONSUME""}"
2026-05-08_224617;C:\Users\Dani\Documents\CODEX-Projects\drink_pos\data\drink_pos_dev.db;data;transactions;99;"{""details"": ""+1x Bier klein à € 1,80"", ""id"": 99, ""person_id"": 1, ""timestamp"": ""2026-05-05 16:41:26"", ""total"": 1.8, ""type"": ""CONSUME""}"
2026-05-08_224617;C:\Users\Dani\Documents\CODEX-Projects\drink_pos\data\drink_pos_dev.db;data;transactions;100;"{""details"": ""+1x Bier klein à € 1,80"", ""id"": 100, ""person_id"": 1, ""timestamp"": ""2026-05-05 16:41:26"", ""total"": 1.8, ""type"": ""CONSUME""}"
2026-05-08_224617;C:\Users\Dani\Documents\CODEX-Projects\drink_pos\data\drink_pos_dev.db;data;transactions;101;"{""details"": ""+1x Bier klein à € 1,80"", ""id"": 101, ""person_id"": 1, ""timestamp"": ""2026-05-05 16:41:26"", ""total"": 1.8, ""type"": ""CONSUME""}"
2026-05-08_224617;C:\Users\Dani\Documents\CODEX-Projects\drink_pos\data\drink_pos_dev.db;data;transactions;102;"{""details"": ""+1x Bier klein à € 1,80"", ""id"": 102, ""person_id"": 1, ""timestamp"": ""2026-05-05 16:41:26"", ""total"": 1.8, ""type"": ""CONSUME""}"
2026-05-08_224617;C:\Users\Dani\Documents\CODEX-Projects\drink_pos\data\drink_pos_dev.db;data;transactions;103;"{""details"": ""+1x Bier klein à € 1,80"", ""id"": 103, ""person_id"": 1, ""timestamp"": ""2026-05-05 16:41:27"", ""total"": 1.8, ""type"": ""CONSUME""}"
2026-05-08_224617;C:\Users\Dani\Documents\CODEX-Projects\drink_pos\data\drink_pos_dev.db;data;transactions;104;"{""details"": ""Synchronisiert · Seite: Kasse · Client-Zeit: 2026-05-05T14:41:29.048Z · letzter Sync Client: 2026-05-05T14:41:29.047Z · Automatisch nach Serveränderung synchronisiert."", ""id"": 104, ""person_id"": null, ""timestamp"": ""2026-05-05 16:41:29"", ""total"": 0.0, ""type"": ""SYNC_COMPLETED""}"
2026-05-08_224617;C:\Users\Dani\Documents\CODEX-Projects\drink_pos\data\drink_pos_dev.db;data;transactions;105;"{""details"": ""+1x Limo à € 1,00"", ""id"": 105, ""person_id"": 1, ""timestamp"": ""2026-05-05 16:41:32"", ""total"": 1.0, ""type"": ""CONSUME""}"
2026-05-08_224617;C:\Users\Dani\Documents\CODEX-Projects\drink_pos\data\drink_pos_dev.db;data;transactions;106;"{""details"": ""+1x Limo à € 1,00"", ""id"": 106, ""person_id"": 1, ""timestamp"": ""2026-05-05 16:41:33"", ""total"": 1.0, ""type"": ""CONSUME""}"
2026-05-08_224617;C:\Users\Dani\Documents\CODEX-Projects\drink_pos\data\drink_pos_dev.db;data;transactions;107;"{""details"": ""+1x Limo à € 1,00"", ""id"": 107, ""person_id"": 1, ""timestamp"": ""2026-05-05 16:41:33"", ""total"": 1.0, ""type"": ""CONSUME""}"
2026-05-08_224617;C:\Users\Dani\Documents\CODEX-Projects\drink_pos\data\drink_pos_dev.db;data;transactions;108;"{""details"": ""+1x Limo à € 1,00"", ""id"": 108, ""person_id"": 1, ""timestamp"": ""2026-05-05 16:41:33"", ""total"": 1.0, ""type"": ""CONSUME""}"
2026-05-08_224617;C:\Users\Dani\Documents\CODEX-Projects\drink_pos\data\drink_pos_dev.db;data;transactions;109;"{""details"": ""+1x Limo à € 1,00"", ""id"": 109, ""person_id"": 1, ""timestamp"": ""2026-05-05 16:41:33"", ""total"": 1.0, ""type"": ""CONSUME""}"
2026-05-08_224617;C:\Users\Dani\Documents\CODEX-Projects\drink_pos\data\drink_pos_dev.db;data;transactions;110;"{""details"": ""+1x Limo à € 1,00"", ""id"": 110, ""person_id"": 1, ""timestamp"": ""2026-05-05 16:41:33"", ""total"": 1.0, ""type"": ""CONSUME""}"
2026-05-08_224617;C:\Users\Dani\Documents\CODEX-Projects\drink_pos\data\drink_pos_dev.db;data;transactions;111;"{""details"": ""+1x Limo à € 1,00"", ""id"": 111, ""person_id"": 1, ""timestamp"": ""2026-05-05 16:41:33"", ""total"": 1.0, ""type"": ""CONSUME""}"
2026-05-08_224617;C:\Users\Dani\Documents\CODEX-Projects\drink_pos\data\drink_pos_dev.db;data;transactions;112;"{""details"": ""+1x Limo à € 1,00"", ""id"": 112, ""person_id"": 1, ""timestamp"": ""2026-05-05 16:41:34"", ""total"": 1.0, ""type"": ""CONSUME""}"
2026-05-08_224617;C:\Users\Dani\Documents\CODEX-Projects\drink_pos\data\drink_pos_dev.db;data;transactions;113;"{""details"": ""+1x Limo à € 1,00"", ""id"": 113, ""person_id"": 1, ""timestamp"": ""2026-05-05 16:41:34"", ""total"": 1.0, ""type"": ""CONSUME""}"
2026-05-08_224617;C:\Users\Dani\Documents\CODEX-Projects\drink_pos\data\drink_pos_dev.db;data;transactions;114;"{""details"": ""+1x Limo à € 1,00"", ""id"": 114, ""person_id"": 1, ""timestamp"": ""2026-05-05 16:41:34"", ""total"": 1.0, ""type"": ""CONSUME""}"
2026-05-08_224617;C:\Users\Dani\Documents\CODEX-Projects\drink_pos\data\drink_pos_dev.db;data;transactions;115;"{""details"": ""+1x Limo à € 1,00"", ""id"": 115, ""person_id"": 1, ""timestamp"": ""2026-05-05 16:41:34"", ""total"": 1.0, ""type"": ""CONSUME""}"
2026-05-08_224617;C:\Users\Dani\Documents\CODEX-Projects\drink_pos\data\drink_pos_dev.db;data;transactions;116;"{""details"": ""+1x Limo à € 1,00"", ""id"": 116, ""person_id"": 1, ""timestamp"": ""2026-05-05 16:41:34"", ""total"": 1.0, ""type"": ""CONSUME""}"
2026-05-08_224617;C:\Users\Dani\Documents\CODEX-Projects\drink_pos\data\drink_pos_dev.db;data;transactions;117;"{""details"": ""+1x Limo à € 1,00"", ""id"": 117, ""person_id"": 1, ""timestamp"": ""2026-05-05 16:41:34"", ""total"": 1.0, ""type"": ""CONSUME""}"
2026-05-08_224617;C:\Users\Dani\Documents\CODEX-Projects\drink_pos\data\drink_pos_dev.db;data;transactions;118;"{""details"": ""+1x Limo à € 1,00"", ""id"": 118, ""person_id"": 1, ""timestamp"": ""2026-05-05 16:41:35"", ""total"": 1.0, ""type"": ""CONSUME""}"
2026-05-08_224617;C:\Users\Dani\Documents\CODEX-Projects\drink_pos\data\drink_pos_dev.db;data;transactions;119;"{""details"": ""+1x Limo à € 1,00"", ""id"": 119, ""person_id"": 1, ""timestamp"": ""2026-05-05 16:41:35"", ""total"": 1.0, ""type"": ""CONSUME""}"
2026-05-08_224617;C:\Users\Dani\Documents\CODEX-Projects\drink_pos\data\drink_pos_dev.db;data;transactions;120;"{""details"": ""+1x Limo à € 1,00"", ""id"": 120, ""person_id"": 1, ""timestamp"": ""2026-05-05 16:41:35"", ""total"": 1.0, ""type"": ""CONSUME""}"
2026-05-08_224617;C:\Users\Dani\Documents\CODEX-Projects\drink_pos\data\drink_pos_dev.db;data;transactions;121;"{""details"": ""Synchronisiert · Seite: Kasse · Client-Zeit: 2026-05-05T14:41:52.416Z · letzter Sync Client: 2026-05-05T14:41:52.413Z · Automatisch nach Serveränderung synchronisiert."", ""id"": 121, ""person_id"": null, ""timestamp"": ""2026-05-05 16:41:52"", ""total"": 0.0, ""type"": ""SYNC_COMPLETED""}"
2026-05-08_224617;C:\Users\Dani\Documents\CODEX-Projects\drink_pos\data\drink_pos_dev.db;data;transactions;122;"{""details"": ""Synchronisiert · Seite: Kasse · Client-Zeit: 2026-05-05T14:42:01.466Z · letzter Sync Client: 2026-05-05T14:42:01.464Z · Automatisch nach Serveränderung synchronisiert."", ""id"": 122, ""person_id"": null, ""timestamp"": ""2026-05-05 16:42:01"", ""total"": 0.0, ""type"": ""SYNC_COMPLETED""}"
2026-05-08_224617;C:\Users\Dani\Documents\CODEX-Projects\drink_pos\data\drink_pos_dev.db;data;transactions;123;"{""details"": ""Synchronisiert · Seite: Kasse · Client-Zeit: 2026-05-05T14:42:29.297Z · letzter Sync Client: 2026-05-05T14:42:29.294Z · Automatisch nach Serveränderung synchronisiert."", ""id"": 123, ""person_id"": null, ""timestamp"": ""2026-05-05 16:42:29"", ""total"": 0.0, ""type"": ""SYNC_COMPLETED""}"
2026-05-08_224617;C:\Users\Dani\Documents\CODEX-Projects\drink_pos\data\drink_pos_dev.db;data;transactions;124;"{""details"": ""Synchronisiert · Seite: Kasse · Client-Zeit: 2026-05-05T14:43:01.470Z · letzter Sync Client: 2026-05-05T14:43:01.467Z · Automatisch nach Serveränderung synchronisiert."", ""id"": 124, ""person_id"": null, ""timestamp"": ""2026-05-05 16:43:01"", ""total"": 0.0, ""type"": ""SYNC_COMPLETED""}"
2026-05-08_224617;C:\Users\Dani\Documents\CODEX-Projects\drink_pos\data\drink_pos_dev.db;data;transactions;125;"{""details"": ""Synchronisiert · Seite: Kasse · Client-Zeit: 2026-05-05T14:43:29.616Z · letzter Sync Client: 2026-05-05T14:43:29.613Z · Automatisch nach Serveränderung synchronisiert."", ""id"": 125, ""person_id"": null, ""timestamp"": ""2026-05-05 16:43:29"", ""total"": 0.0, ""type"": ""SYNC_COMPLETED""}"
2026-05-08_224617;C:\Users\Dani\Documents\CODEX-Projects\drink_pos\data\drink_pos_dev.db;data;transactions;126;"{""details"": ""Synchronisiert · Seite: Kasse · Client-Zeit: 2026-05-05T14:44:01.447Z · letzter Sync Client: 2026-05-05T14:44:01.445Z · Automatisch nach Serveränderung synchronisiert."", ""id"": 126, ""person_id"": null, ""timestamp"": ""2026-05-05 16:44:01"", ""total"": 0.0, ""type"": ""SYNC_COMPLETED""}"
2026-05-08_224617;C:\Users\Dani\Documents\CODEX-Projects\drink_pos\data\drink_pos_dev.db;data;transactions;127;"{""details"": ""Synchronisiert · Seite: Kasse · Client-Zeit: 2026-05-05T14:44:02.539Z · letzter Sync Client: 2026-05-05T14:44:02.536Z · Automatisch nach Serveränderung synchronisiert."", ""id"": 127, ""person_id"": null, ""timestamp"": ""2026-05-05 16:44:02"", ""total"": 0.0, ""type"": ""SYNC_COMPLETED""}"
2026-05-08_224617;C:\Users\Dani\Documents\CODEX-Projects\drink_pos\data\drink_pos_dev.db;data;transactions;128;"{""details"": ""+1x Limo à € 1,00"", ""id"": 128, ""person_id"": 34, ""timestamp"": ""2026-05-05 16:44:51"", ""total"": 1.0, ""type"": ""CONSUME""}"
2026-05-08_224617;C:\Users\Dani\Documents\CODEX-Projects\drink_pos\data\drink_pos_dev.db;data;transactions;129;"{""details"": ""+1x Limo à € 1,00"", ""id"": 129, ""person_id"": 34, ""timestamp"": ""2026-05-05 16:44:52"", ""total"": 1.0, ""type"": ""CONSUME""}"
2026-05-08_224617;C:\Users\Dani\Documents\CODEX-Projects\drink_pos\data\drink_pos_dev.db;data;transactions;130;"{""details"": ""+1x Limo à € 1,00"", ""id"": 130, ""person_id"": 34, ""timestamp"": ""2026-05-05 16:44:52"", ""total"": 1.0, ""type"": ""CONSUME""}"
2026-05-08_224617;C:\Users\Dani\Documents\CODEX-Projects\drink_pos\data\drink_pos_dev.db;data;transactions;131;"{""details"": ""+1x Limo à € 1,00"", ""id"": 131, ""person_id"": 34, ""timestamp"": ""2026-05-05 16:44:52"", ""total"": 1.0, ""type"": ""CONSUME""}"
2026-05-08_224617;C:\Users\Dani\Documents\CODEX-Projects\drink_pos\data\drink_pos_dev.db;data;transactions;132;"{""details"": ""+1x Bier klein à € 1,80"", ""id"": 132, ""person_id"": 34, ""timestamp"": ""2026-05-05 16:44:52"", ""total"": 1.8, ""type"": ""CONSUME""}"
2026-05-08_224617;C:\Users\Dani\Documents\CODEX-Projects\drink_pos\data\drink_pos_dev.db;data;transactions;133;"{""details"": ""+1x Bier klein à € 1,80"", ""id"": 133, ""person_id"": 34, ""timestamp"": ""2026-05-05 16:44:53"", ""total"": 1.8, ""type"": ""CONSUME""}"
2026-05-08_224617;C:\Users\Dani\Documents\CODEX-Projects\drink_pos\data\drink_pos_dev.db;data;transactions;134;"{""details"": ""+1x Bier klein à € 1,80"", ""id"": 134, ""person_id"": 34, ""timestamp"": ""2026-05-05 16:44:53"", ""total"": 1.8, ""type"": ""CONSUME""}"
2026-05-08_224617;C:\Users\Dani\Documents\CODEX-Projects\drink_pos\data\drink_pos_dev.db;data;transactions;135;"{""details"": ""+1x Bier gross à € 2,50"", ""id"": 135, ""person_id"": 37, ""timestamp"": ""2026-05-05 16:44:55"", ""total"": 2.5, ""type"": ""CONSUME""}"
2026-05-08_224617;C:\Users\Dani\Documents\CODEX-Projects\drink_pos\data\drink_pos_dev.db;data;transactions;136;"{""details"": ""+1x Bier gross à € 2,50"", ""id"": 136, ""person_id"": 37, ""timestamp"": ""2026-05-05 16:44:55"", ""total"": 2.5, ""type"": ""CONSUME""}"
2026-05-08_224617;C:\Users\Dani\Documents\CODEX-Projects\drink_pos\data\drink_pos_dev.db;data;transactions;137;"{""details"": ""+1x Bier gross à € 2,50"", ""id"": 137, ""person_id"": 37, ""timestamp"": ""2026-05-05 16:44:55"", ""total"": 2.5, ""type"": ""CONSUME""}"
2026-05-08_224617;C:\Users\Dani\Documents\CODEX-Projects\drink_pos\data\drink_pos_dev.db;data;transactions;138;"{""details"": ""+1x Bier gross à € 2,50"", ""id"": 138, ""person_id"": 37, ""timestamp"": ""2026-05-05 16:44:55"", ""total"": 2.5, ""type"": ""CONSUME""}"
2026-05-08_224617;C:\Users\Dani\Documents\CODEX-Projects\drink_pos\data\drink_pos_dev.db;data;transactions;139;"{""details"": ""+1x Bier gross à € 2,50"", ""id"": 139, ""person_id"": 37, ""timestamp"": ""2026-05-05 16:44:56"", ""total"": 2.5, ""type"": ""CONSUME""}"
2026-05-08_224617;C:\Users\Dani\Documents\CODEX-Projects\drink_pos\data\drink_pos_dev.db;data;transactions;140;"{""details"": ""+1x Bier gross à € 2,50"", ""id"": 140, ""person_id"": 37, ""timestamp"": ""2026-05-05 16:44:56"", ""total"": 2.5, ""type"": ""CONSUME""}"
2026-05-08_224617;C:\Users\Dani\Documents\CODEX-Projects\drink_pos\data\drink_pos_dev.db;data;transactions;141;"{""details"": ""Runde angefragt: +1x 1 Runde"", ""id"": 141, ""person_id"": 36, ""timestamp"": ""2026-05-05 16:44:58"", ""total"": 0.0, ""type"": ""ROUND_REQUEST""}"
2026-05-08_224617;C:\Users\Dani\Documents\CODEX-Projects\drink_pos\data\drink_pos_dev.db;data;transactions;142;"{""details"": ""Runde angefragt: +1x 1 Runde"", ""id"": 142, ""person_id"": 36, ""timestamp"": ""2026-05-05 16:44:59"", ""total"": 0.0, ""type"": ""ROUND_REQUEST""}"
2026-05-08_224617;C:\Users\Dani\Documents\CODEX-Projects\drink_pos\data\drink_pos_dev.db;data;transactions;143;"{""details"": ""Runde angefragt: +1x 1 Runde"", ""id"": 143, ""person_id"": 36, ""timestamp"": ""2026-05-05 16:45:00"", ""total"": 0.0, ""type"": ""ROUND_REQUEST""}"
2026-05-08_224617;C:\Users\Dani\Documents\CODEX-Projects\drink_pos\data\drink_pos_dev.db;data;transactions;144;"{""details"": ""Synchronisiert · Seite: Kasse · Client-Zeit: 2026-05-05T14:45:01.507Z · letzter Sync Client: 2026-05-05T14:45:01.497Z · Automatisch nach Serveränderung synchronisiert."", ""id"": 144, ""person_id"": null, ""timestamp"": ""2026-05-05 16:45:01"", ""total"": 0.0, ""type"": ""SYNC_COMPLETED""}"
2026-05-08_224617;C:\Users\Dani\Documents\CODEX-Projects\drink_pos\data\drink_pos_dev.db;data;transactions;145;"{""details"": ""+1x Bier gross à € 2,50"", ""id"": 145, ""person_id"": 35, ""timestamp"": ""2026-05-05 16:45:02"", ""total"": 2.5, ""type"": ""CONSUME""}"
2026-05-08_224617;C:\Users\Dani\Documents\CODEX-Projects\drink_pos\data\drink_pos_dev.db;data;transactions;146;"{""details"": ""+1x Bier gross à € 2,50"", ""id"": 146, ""person_id"": 35, ""timestamp"": ""2026-05-05 16:45:02"", ""total"": 2.5, ""type"": ""CONSUME""}"
2026-05-08_224617;C:\Users\Dani\Documents\CODEX-Projects\drink_pos\data\drink_pos_dev.db;data;transactions;147;"{""details"": ""Synchronisiert · Seite: Kasse · Client-Zeit: 2026-05-05T14:45:06.093Z · letzter Sync Client: 2026-05-05T14:45:06.089Z · Automatisch nach Serveränderung synchronisiert."", ""id"": 147, ""person_id"": null, ""timestamp"": ""2026-05-05 16:45:06"", ""total"": 0.0, ""type"": ""SYNC_COMPLETED""}"
2026-05-08_224617;C:\Users\Dani\Documents\CODEX-Projects\drink_pos\data\drink_pos_dev.db;data;transactions;148;"{""details"": ""+1x Bier gross à € 2,50"", ""id"": 148, ""person_id"": 35, ""timestamp"": ""2026-05-05 16:45:07"", ""total"": 2.5, ""type"": ""CONSUME""}"
2026-05-08_224617;C:\Users\Dani\Documents\CODEX-Projects\drink_pos\data\drink_pos_dev.db;data;transactions;149;"{""details"": ""+1x Bier gross à € 2,50"", ""id"": 149, ""person_id"": 35, ""timestamp"": ""2026-05-05 16:45:07"", ""total"": 2.5, ""type"": ""CONSUME""}"
2026-05-08_224617;C:\Users\Dani\Documents\CODEX-Projects\drink_pos\data\drink_pos_dev.db;data;transactions;150;"{""details"": ""+1x Bier gross à € 2,50"", ""id"": 150, ""person_id"": 36, ""timestamp"": ""2026-05-05 16:45:09"", ""total"": 2.5, ""type"": ""CONSUME""}"
2026-05-08_224617;C:\Users\Dani\Documents\CODEX-Projects\drink_pos\data\drink_pos_dev.db;data;transactions;151;"{""details"": ""+1x Bier gross à € 2,50"", ""id"": 151, ""person_id"": 36, ""timestamp"": ""2026-05-05 16:45:09"", ""total"": 2.5, ""type"": ""CONSUME""}"
2026-05-08_224617;C:\Users\Dani\Documents\CODEX-Projects\drink_pos\data\drink_pos_dev.db;data;transactions;152;"{""details"": ""+1x Bier gross à € 2,50"", ""id"": 152, ""person_id"": 36, ""timestamp"": ""2026-05-05 16:45:12"", ""total"": 2.5, ""type"": ""CONSUME""}"
2026-05-08_224617;C:\Users\Dani\Documents\CODEX-Projects\drink_pos\data\drink_pos_dev.db;data;transactions;153;"{""details"": ""+1x Bier gross à € 2,50"", ""id"": 153, ""person_id"": 36, ""timestamp"": ""2026-05-05 16:45:12"", ""total"": 2.5, ""type"": ""CONSUME""}"
2026-05-08_224617;C:\Users\Dani\Documents\CODEX-Projects\drink_pos\data\drink_pos_dev.db;data;transactions;154;"{""details"": ""+1x Bier klein à € 1,80"", ""id"": 154, ""person_id"": 32, ""timestamp"": ""2026-05-05 16:45:47"", ""total"": 1.8, ""type"": ""CONSUME""}"
2026-05-08_224617;C:\Users\Dani\Documents\CODEX-Projects\drink_pos\data\drink_pos_dev.db;data;transactions;155;"{""details"": ""+1x Bier klein à € 1,80"", ""id"": 155, ""person_id"": 32, ""timestamp"": ""2026-05-05 16:45:49"", ""total"": 1.8, ""type"": ""CONSUME""}"
2026-05-08_224617;C:\Users\Dani\Documents\CODEX-Projects\drink_pos\data\drink_pos_dev.db;data;transactions;156;"{""details"": ""+1x Bier klein à € 1,80"", ""id"": 156, ""person_id"": 32, ""timestamp"": ""2026-05-05 16:45:49"", ""total"": 1.8, ""type"": ""CONSUME""}"
2026-05-08_224617;C:\Users\Dani\Documents\CODEX-Projects\drink_pos\data\drink_pos_dev.db;data;transactions;157;"{""details"": ""+1x Bier klein à € 1,80"", ""id"": 157, ""person_id"": 32, ""timestamp"": ""2026-05-05 16:45:49"", ""total"": 1.8, ""type"": ""CONSUME""}"
2026-05-08_224617;C:\Users\Dani\Documents\CODEX-Projects\drink_pos\data\drink_pos_dev.db;data;transactions;158;"{""details"": ""+1x Bier gross à € 2,50"", ""id"": 158, ""person_id"": 32, ""timestamp"": ""2026-05-05 16:45:50"", ""total"": 2.5, ""type"": ""CONSUME""}"
2026-05-08_224617;C:\Users\Dani\Documents\CODEX-Projects\drink_pos\data\drink_pos_dev.db;data;transactions;159;"{""details"": ""+1x Bier gross à € 2,50"", ""id"": 159, ""person_id"": 32, ""timestamp"": ""2026-05-05 16:45:50"", ""total"": 2.5, ""type"": ""CONSUME""}"
2026-05-08_224617;C:\Users\Dani\Documents\CODEX-Projects\drink_pos\data\drink_pos_dev.db;data;transactions;160;"{""details"": ""+1x Bier gross à € 2,50"", ""id"": 160, ""person_id"": 32, ""timestamp"": ""2026-05-05 16:45:50"", ""total"": 2.5, ""type"": ""CONSUME""}"
2026-05-08_224617;C:\Users\Dani\Documents\CODEX-Projects\drink_pos\data\drink_pos_dev.db;data;transactions;161;"{""details"": ""+1x Bier gross à € 2,50"", ""id"": 161, ""person_id"": 32, ""timestamp"": ""2026-05-05 16:45:51"", ""total"": 2.5, ""type"": ""CONSUME""}"
2026-05-08_224617;C:\Users\Dani\Documents\CODEX-Projects\drink_pos\data\drink_pos_dev.db;data;transactions;162;"{""details"": ""+1x Bier klein à € 1,80"", ""id"": 162, ""person_id"": 32, ""timestamp"": ""2026-05-05 16:45:51"", ""total"": 1.8, ""type"": ""CONSUME""}"
2026-05-08_224617;C:\Users\Dani\Documents\CODEX-Projects\drink_pos\data\drink_pos_dev.db;data;transactions;163;"{""details"": ""+1x Bier klein à € 1,80"", ""id"": 163, ""person_id"": 32, ""timestamp"": ""2026-05-05 16:45:51"", ""total"": 1.8, ""type"": ""CONSUME""}"
2026-05-08_224617;C:\Users\Dani\Documents\CODEX-Projects\drink_pos\data\drink_pos_dev.db;data;transactions;164;"{""details"": ""+1x Bier klein à € 1,80"", ""id"": 164, ""person_id"": 32, ""timestamp"": ""2026-05-05 16:45:52"", ""total"": 1.8, ""type"": ""CONSUME""}"
2026-05-08_224617;C:\Users\Dani\Documents\CODEX-Projects\drink_pos\data\drink_pos_dev.db;data;transactions;165;"{""details"": ""+1x Bier klein à € 1,80"", ""id"": 165, ""person_id"": 32, ""timestamp"": ""2026-05-05 16:45:52"", ""total"": 1.8, ""type"": ""CONSUME""}"
2026-05-08_224617;C:\Users\Dani\Documents\CODEX-Projects\drink_pos\data\drink_pos_dev.db;data;transactions;166;"{""details"": ""+1x Bier klein à € 1,80"", ""id"": 166, ""person_id"": 32, ""timestamp"": ""2026-05-05 16:45:52"", ""total"": 1.8, ""type"": ""CONSUME""}"
2026-05-08_224617;C:\Users\Dani\Documents\CODEX-Projects\drink_pos\data\drink_pos_dev.db;data;transactions;167;"{""details"": ""+1x Bier klein à € 1,80"", ""id"": 167, ""person_id"": 32, ""timestamp"": ""2026-05-05 16:45:52"", ""total"": 1.8, ""type"": ""CONSUME""}"
2026-05-08_224617;C:\Users\Dani\Documents\CODEX-Projects\drink_pos\data\drink_pos_dev.db;data;transactions;168;"{""details"": ""+1x Bier klein à € 1,80"", ""id"": 168, ""person_id"": 32, ""timestamp"": ""2026-05-05 16:45:52"", ""total"": 1.8, ""type"": ""CONSUME""}"
2026-05-08_224617;C:\Users\Dani\Documents\CODEX-Projects\drink_pos\data\drink_pos_dev.db;data;transactions;169;"{""details"": ""+1x Bier klein à € 1,80"", ""id"": 169, ""person_id"": 32, ""timestamp"": ""2026-05-05 16:45:52"", ""total"": 1.8, ""type"": ""CONSUME""}"
2026-05-08_224617;C:\Users\Dani\Documents\CODEX-Projects\drink_pos\data\drink_pos_dev.db;data;transactions;170;"{""details"": ""+1x Bier gross à € 2,50"", ""id"": 170, ""person_id"": 32, ""timestamp"": ""2026-05-05 16:45:53"", ""total"": 2.5, ""type"": ""CONSUME""}"
2026-05-08_224617;C:\Users\Dani\Documents\CODEX-Projects\drink_pos\data\drink_pos_dev.db;data;transactions;171;"{""details"": ""+1x Bier gross à € 2,50"", ""id"": 171, ""person_id"": 32, ""timestamp"": ""2026-05-05 16:45:53"", ""total"": 2.5, ""type"": ""CONSUME""}"
2026-05-08_224617;C:\Users\Dani\Documents\CODEX-Projects\drink_pos\data\drink_pos_dev.db;data;transactions;172;"{""details"": ""+1x Bier gross à € 2,50"", ""id"": 172, ""person_id"": 32, ""timestamp"": ""2026-05-05 16:45:53"", ""total"": 2.5, ""type"": ""CONSUME""}"
2026-05-08_224617;C:\Users\Dani\Documents\CODEX-Projects\drink_pos\data\drink_pos_dev.db;data;transactions;173;"{""details"": ""Synchronisiert · Seite: Organisation · Client-Zeit: 2026-05-05T14:45:53.522Z · letzter Sync Client: 2026-05-05T14:45:53.515Z · Automatisch nach Serveränderung synchronisiert."", ""id"": 173, ""person_id"": null, ""timestamp"": ""2026-05-05 16:45:53"", ""total"": 0.0, ""type"": ""SYNC_COMPLETED""}"
2026-05-08_224617;C:\Users\Dani\Documents\CODEX-Projects\drink_pos\data\drink_pos_dev.db;data;transactions;174;"{""details"": ""+1x Bier gross à € 2,50"", ""id"": 174, ""person_id"": 32, ""timestamp"": ""2026-05-05 16:45:53"", ""total"": 2.5, ""type"": ""CONSUME""}"
2026-05-08_224617;C:\Users\Dani\Documents\CODEX-Projects\drink_pos\data\drink_pos_dev.db;data;transactions;175;"{""details"": ""+1x Bier gross à € 2,50"", ""id"": 175, ""person_id"": 32, ""timestamp"": ""2026-05-05 16:45:53"", ""total"": 2.5, ""type"": ""CONSUME""}"
2026-05-08_224617;C:\Users\Dani\Documents\CODEX-Projects\drink_pos\data\drink_pos_dev.db;data;transactions;176;"{""details"": ""+1x Bier gross à € 2,50"", ""id"": 176, ""person_id"": 32, ""timestamp"": ""2026-05-05 16:45:53"", ""total"": 2.5, ""type"": ""CONSUME""}"
2026-05-08_224617;C:\Users\Dani\Documents\CODEX-Projects\drink_pos\data\drink_pos_dev.db;data;transactions;177;"{""details"": ""+1x Bier gross à € 2,50"", ""id"": 177, ""person_id"": 32, ""timestamp"": ""2026-05-05 16:45:54"", ""total"": 2.5, ""type"": ""CONSUME""}"
2026-05-08_224617;C:\Users\Dani\Documents\CODEX-Projects\drink_pos\data\drink_pos_dev.db;data;transactions;178;"{""details"": ""+1x Bier gross à € 2,50"", ""id"": 178, ""person_id"": 32, ""timestamp"": ""2026-05-05 16:45:54"", ""total"": 2.5, ""type"": ""CONSUME""}"
2026-05-08_224617;C:\Users\Dani\Documents\CODEX-Projects\drink_pos\data\drink_pos_dev.db;data;transactions;179;"{""details"": ""+1x Bier gross à € 2,50"", ""id"": 179, ""person_id"": 32, ""timestamp"": ""2026-05-05 16:45:54"", ""total"": 2.5, ""type"": ""CONSUME""}"
2026-05-08_224617;C:\Users\Dani\Documents\CODEX-Projects\drink_pos\data\drink_pos_dev.db;data;transactions;180;"{""details"": ""+1x Limo à € 1,00"", ""id"": 180, ""person_id"": 32, ""timestamp"": ""2026-05-05 16:45:55"", ""total"": 1.0, ""type"": ""CONSUME""}"
2026-05-08_224617;C:\Users\Dani\Documents\CODEX-Projects\drink_pos\data\drink_pos_dev.db;data;transactions;181;"{""details"": ""+1x Limo à € 1,00"", ""id"": 181, ""person_id"": 32, ""timestamp"": ""2026-05-05 16:45:55"", ""total"": 1.0, ""type"": ""CONSUME""}"
2026-05-08_224617;C:\Users\Dani\Documents\CODEX-Projects\drink_pos\data\drink_pos_dev.db;data;transactions;182;"{""details"": ""+1x Limo à € 1,00"", ""id"": 182, ""person_id"": 32, ""timestamp"": ""2026-05-05 16:45:55"", ""total"": 1.0, ""type"": ""CONSUME""}"
2026-05-08_224617;C:\Users\Dani\Documents\CODEX-Projects\drink_pos\data\drink_pos_dev.db;data;transactions;183;"{""details"": ""+1x Limo à € 1,00"", ""id"": 183, ""person_id"": 32, ""timestamp"": ""2026-05-05 16:45:55"", ""total"": 1.0, ""type"": ""CONSUME""}"
2026-05-08_224617;C:\Users\Dani\Documents\CODEX-Projects\drink_pos\data\drink_pos_dev.db;data;transactions;184;"{""details"": ""+1x Limo à € 1,00"", ""id"": 184, ""person_id"": 32, ""timestamp"": ""2026-05-05 16:45:56"", ""total"": 1.0, ""type"": ""CONSUME""}"
2026-05-08_224617;C:\Users\Dani\Documents\CODEX-Projects\drink_pos\data\drink_pos_dev.db;data;transactions;185;"{""details"": ""+1x Limo à € 1,00"", ""id"": 185, ""person_id"": 32, ""timestamp"": ""2026-05-05 16:45:56"", ""total"": 1.0, ""type"": ""CONSUME""}"
2026-05-08_224617;C:\Users\Dani\Documents\CODEX-Projects\drink_pos\data\drink_pos_dev.db;data;transactions;186;"{""details"": ""+1x Limo à € 1,00"", ""id"": 186, ""person_id"": 32, ""timestamp"": ""2026-05-05 16:45:56"", ""total"": 1.0, ""type"": ""CONSUME""}"
2026-05-08_224617;C:\Users\Dani\Documents\CODEX-Projects\drink_pos\data\drink_pos_dev.db;data;transactions;187;"{""details"": ""+1x Limo à € 1,00"", ""id"": 187, ""person_id"": 32, ""timestamp"": ""2026-05-05 16:45:56"", ""total"": 1.0, ""type"": ""CONSUME""}"
2026-05-08_224617;C:\Users\Dani\Documents\CODEX-Projects\drink_pos\data\drink_pos_dev.db;data;transactions;188;"{""details"": ""+1x Limo à € 1,00"", ""id"": 188, ""person_id"": 32, ""timestamp"": ""2026-05-05 16:45:56"", ""total"": 1.0, ""type"": ""CONSUME""}"
2026-05-08_224617;C:\Users\Dani\Documents\CODEX-Projects\drink_pos\data\drink_pos_dev.db;data;transactions;189;"{""details"": ""+1x Limo à € 1,00"", ""id"": 189, ""person_id"": 32, ""timestamp"": ""2026-05-05 16:45:56"", ""total"": 1.0, ""type"": ""CONSUME""}"
2026-05-08_224617;C:\Users\Dani\Documents\CODEX-Projects\drink_pos\data\drink_pos_dev.db;data;transactions;190;"{""details"": ""+1x Limo à € 1,00"", ""id"": 190, ""person_id"": 32, ""timestamp"": ""2026-05-05 16:45:57"", ""total"": 1.0, ""type"": ""CONSUME""}"
2026-05-08_224617;C:\Users\Dani\Documents\CODEX-Projects\drink_pos\data\drink_pos_dev.db;data;transactions;191;"{""details"": ""+1x Limo à € 1,00"", ""id"": 191, ""person_id"": 32, ""timestamp"": ""2026-05-05 16:45:57"", ""total"": 1.0, ""type"": ""CONSUME""}"
2026-05-08_224617;C:\Users\Dani\Documents\CODEX-Projects\drink_pos\data\drink_pos_dev.db;data;transactions;192;"{""details"": ""+1x Limo à € 1,00"", ""id"": 192, ""person_id"": 32, ""timestamp"": ""2026-05-05 16:45:57"", ""total"": 1.0, ""type"": ""CONSUME""}"
2026-05-08_224617;C:\Users\Dani\Documents\CODEX-Projects\drink_pos\data\drink_pos_dev.db;data;transactions;193;"{""details"": ""+1x Limo à € 1,00"", ""id"": 193, ""person_id"": 32, ""timestamp"": ""2026-05-05 16:45:57"", ""total"": 1.0, ""type"": ""CONSUME""}"
2026-05-08_224617;C:\Users\Dani\Documents\CODEX-Projects\drink_pos\data\drink_pos_dev.db;data;transactions;194;"{""details"": ""+1x Limo à € 1,00"", ""id"": 194, ""person_id"": 32, ""timestamp"": ""2026-05-05 16:45:57"", ""total"": 1.0, ""type"": ""CONSUME""}"
2026-05-08_224617;C:\Users\Dani\Documents\CODEX-Projects\drink_pos\data\drink_pos_dev.db;data;transactions;195;"{""details"": ""+1x Limo à € 1,00"", ""id"": 195, ""person_id"": 32, ""timestamp"": ""2026-05-05 16:45:57"", ""total"": 1.0, ""type"": ""CONSUME""}"
2026-05-08_224617;C:\Users\Dani\Documents\CODEX-Projects\drink_pos\data\drink_pos_dev.db;data;transactions;196;"{""details"": ""+1x Limo à € 1,00"", ""id"": 196, ""person_id"": 32, ""timestamp"": ""2026-05-05 16:45:58"", ""total"": 1.0, ""type"": ""CONSUME""}"
2026-05-08_224617;C:\Users\Dani\Documents\CODEX-Projects\drink_pos\data\drink_pos_dev.db;data;transactions;197;"{""details"": ""+1x Limo à € 1,00"", ""id"": 197, ""person_id"": 32, ""timestamp"": ""2026-05-05 16:45:58"", ""total"": 1.0, ""type"": ""CONSUME""}"
2026-05-08_224617;C:\Users\Dani\Documents\CODEX-Projects\drink_pos\data\drink_pos_dev.db;data;transactions;198;"{""details"": ""+1x Limo à € 1,00"", ""id"": 198, ""person_id"": 32, ""timestamp"": ""2026-05-05 16:45:58"", ""total"": 1.0, ""type"": ""CONSUME""}"
2026-05-08_224617;C:\Users\Dani\Documents\CODEX-Projects\drink_pos\data\drink_pos_dev.db;data;transactions;199;"{""details"": ""+1x Limo à € 1,00"", ""id"": 199, ""person_id"": 32, ""timestamp"": ""2026-05-05 16:45:58"", ""total"": 1.0, ""type"": ""CONSUME""}"
2026-05-08_224617;C:\Users\Dani\Documents\CODEX-Projects\drink_pos\data\drink_pos_dev.db;data;transactions;200;"{""details"": ""+1x Limo à € 1,00"", ""id"": 200, ""person_id"": 32, ""timestamp"": ""2026-05-05 16:45:58"", ""total"": 1.0, ""type"": ""CONSUME""}"
2026-05-08_224617;C:\Users\Dani\Documents\CODEX-Projects\drink_pos\data\drink_pos_dev.db;data;transactions;201;"{""details"": ""+1x Limo à € 1,00"", ""id"": 201, ""person_id"": 32, ""timestamp"": ""2026-05-05 16:45:58"", ""total"": 1.0, ""type"": ""CONSUME""}"
2026-05-08_224617;C:\Users\Dani\Documents\CODEX-Projects\drink_pos\data\drink_pos_dev.db;data;transactions;202;"{""details"": ""+1x Limo à € 1,00"", ""id"": 202, ""person_id"": 32, ""timestamp"": ""2026-05-05 16:45:59"", ""total"": 1.0, ""type"": ""CONSUME""}"
2026-05-08_224617;C:\Users\Dani\Documents\CODEX-Projects\drink_pos\data\drink_pos_dev.db;data;transactions;203;"{""details"": ""+1x Limo à € 1,00"", ""id"": 203, ""person_id"": 32, ""timestamp"": ""2026-05-05 16:45:59"", ""total"": 1.0, ""type"": ""CONSUME""}"
2026-05-08_224617;C:\Users\Dani\Documents\CODEX-Projects\drink_pos\data\drink_pos_dev.db;data;transactions;204;"{""details"": ""+1x Limo à € 1,00"", ""id"": 204, ""person_id"": 32, ""timestamp"": ""2026-05-05 16:45:59"", ""total"": 1.0, ""type"": ""CONSUME""}"
2026-05-08_224617;C:\Users\Dani\Documents\CODEX-Projects\drink_pos\data\drink_pos_dev.db;data;transactions;205;"{""details"": ""+1x Limo à € 1,00"", ""id"": 205, ""person_id"": 32, ""timestamp"": ""2026-05-05 16:45:59"", ""total"": 1.0, ""type"": ""CONSUME""}"
2026-05-08_224617;C:\Users\Dani\Documents\CODEX-Projects\drink_pos\data\drink_pos_dev.db;data;transactions;206;"{""details"": ""+1x Limo à € 1,00"", ""id"": 206, ""person_id"": 32, ""timestamp"": ""2026-05-05 16:45:59"", ""total"": 1.0, ""type"": ""CONSUME""}"
2026-05-08_224617;C:\Users\Dani\Documents\CODEX-Projects\drink_pos\data\drink_pos_dev.db;data;transactions;207;"{""details"": ""+1x Limo à € 1,00"", ""id"": 207, ""person_id"": 32, ""timestamp"": ""2026-05-05 16:45:59"", ""total"": 1.0, ""type"": ""CONSUME""}"
2026-05-08_224617;C:\Users\Dani\Documents\CODEX-Projects\drink_pos\data\drink_pos_dev.db;data;transactions;208;"{""details"": ""+1x Limo à € 1,00"", ""id"": 208, ""person_id"": 32, ""timestamp"": ""2026-05-05 16:46:00"", ""total"": 1.0, ""type"": ""CONSUME""}"
2026-05-08_224617;C:\Users\Dani\Documents\CODEX-Projects\drink_pos\data\drink_pos_dev.db;data;transactions;209;"{""details"": ""+1x Limo à € 1,00"", ""id"": 209, ""person_id"": 32, ""timestamp"": ""2026-05-05 16:46:00"", ""total"": 1.0, ""type"": ""CONSUME""}"
2026-05-08_224617;C:\Users\Dani\Documents\CODEX-Projects\drink_pos\data\drink_pos_dev.db;data;transactions;210;"{""details"": ""+1x Limo à € 1,00"", ""id"": 210, ""person_id"": 32, ""timestamp"": ""2026-05-05 16:46:00"", ""total"": 1.0, ""type"": ""CONSUME""}"
2026-05-08_224617;C:\Users\Dani\Documents\CODEX-Projects\drink_pos\data\drink_pos_dev.db;data;transactions;211;"{""details"": ""+1x Limo à € 1,00"", ""id"": 211, ""person_id"": 32, ""timestamp"": ""2026-05-05 16:46:00"", ""total"": 1.0, ""type"": ""CONSUME""}"
2026-05-08_224617;C:\Users\Dani\Documents\CODEX-Projects\drink_pos\data\drink_pos_dev.db;data;transactions;212;"{""details"": ""+1x Limo à € 1,00"", ""id"": 212, ""person_id"": 32, ""timestamp"": ""2026-05-05 16:46:00"", ""total"": 1.0, ""type"": ""CONSUME""}"
2026-05-08_224617;C:\Users\Dani\Documents\CODEX-Projects\drink_pos\data\drink_pos_dev.db;data;transactions;213;"{""details"": ""+1x Limo à € 1,00"", ""id"": 213, ""person_id"": 32, ""timestamp"": ""2026-05-05 16:46:00"", ""total"": 1.0, ""type"": ""CONSUME""}"
2026-05-08_224617;C:\Users\Dani\Documents\CODEX-Projects\drink_pos\data\drink_pos_dev.db;data;transactions;214;"{""details"": ""+1x Bier gross à € 2,50"", ""id"": 214, ""person_id"": 32, ""timestamp"": ""2026-05-05 16:46:01"", ""total"": 2.5, ""type"": ""CONSUME""}"
2026-05-08_224617;C:\Users\Dani\Documents\CODEX-Projects\drink_pos\data\drink_pos_dev.db;data;transactions;215;"{""details"": ""+1x Bier gross à € 2,50"", ""id"": 215, ""person_id"": 32, ""timestamp"": ""2026-05-05 16:46:01"", ""total"": 2.5, ""type"": ""CONSUME""}"
2026-05-08_224617;C:\Users\Dani\Documents\CODEX-Projects\drink_pos\data\drink_pos_dev.db;data;transactions;216;"{""details"": ""+1x Bier gross à € 2,50"", ""id"": 216, ""person_id"": 32, ""timestamp"": ""2026-05-05 16:46:01"", ""total"": 2.5, ""type"": ""CONSUME""}"
2026-05-08_224617;C:\Users\Dani\Documents\CODEX-Projects\drink_pos\data\drink_pos_dev.db;data;transactions;217;"{""details"": ""+1x Bier gross à € 2,50"", ""id"": 217, ""person_id"": 32, ""timestamp"": ""2026-05-05 16:46:01"", ""total"": 2.5, ""type"": ""CONSUME""}"
2026-05-08_224617;C:\Users\Dani\Documents\CODEX-Projects\drink_pos\data\drink_pos_dev.db;data;transactions;218;"{""details"": ""+1x Bier gross à € 2,50"", ""id"": 218, ""person_id"": 32, ""timestamp"": ""2026-05-05 16:46:02"", ""total"": 2.5, ""type"": ""CONSUME""}"
2026-05-08_224617;C:\Users\Dani\Documents\CODEX-Projects\drink_pos\data\drink_pos_dev.db;data;transactions;219;"{""details"": ""+1x Bier gross à € 2,50"", ""id"": 219, ""person_id"": 32, ""timestamp"": ""2026-05-05 16:46:02"", ""total"": 2.5, ""type"": ""CONSUME""}"
2026-05-08_224617;C:\Users\Dani\Documents\CODEX-Projects\drink_pos\data\drink_pos_dev.db;data;transactions;220;"{""details"": ""+1x Bier gross à € 2,50"", ""id"": 220, ""person_id"": 32, ""timestamp"": ""2026-05-05 16:46:02"", ""total"": 2.5, ""type"": ""CONSUME""}"
2026-05-08_224617;C:\Users\Dani\Documents\CODEX-Projects\drink_pos\data\drink_pos_dev.db;data;transactions;221;"{""details"": ""+1x Bier gross à € 2,50"", ""id"": 221, ""person_id"": 32, ""timestamp"": ""2026-05-05 16:46:02"", ""total"": 2.5, ""type"": ""CONSUME""}"
2026-05-08_224617;C:\Users\Dani\Documents\CODEX-Projects\drink_pos\data\drink_pos_dev.db;data;transactions;222;"{""details"": ""+1x Bier gross à € 2,50"", ""id"": 222, ""person_id"": 32, ""timestamp"": ""2026-05-05 16:46:02"", ""total"": 2.5, ""type"": ""CONSUME""}"
2026-05-08_224617;C:\Users\Dani\Documents\CODEX-Projects\drink_pos\data\drink_pos_dev.db;data;transactions;223;"{""details"": ""+1x Bier gross à € 2,50"", ""id"": 223, ""person_id"": 32, ""timestamp"": ""2026-05-05 16:46:02"", ""total"": 2.5, ""type"": ""CONSUME""}"
2026-05-08_224617;C:\Users\Dani\Documents\CODEX-Projects\drink_pos\data\drink_pos_dev.db;data;transactions;224;"{""details"": ""+1x Bier gross à € 2,50"", ""id"": 224, ""person_id"": 32, ""timestamp"": ""2026-05-05 16:46:03"", ""total"": 2.5, ""type"": ""CONSUME""}"
2026-05-08_224617;C:\Users\Dani\Documents\CODEX-Projects\drink_pos\data\drink_pos_dev.db;data;transactions;225;"{""details"": ""+1x Bier gross à € 2,50"", ""id"": 225, ""person_id"": 32, ""timestamp"": ""2026-05-05 16:46:03"", ""total"": 2.5, ""type"": ""CONSUME""}"
2026-05-08_224617;C:\Users\Dani\Documents\CODEX-Projects\drink_pos\data\drink_pos_dev.db;data;transactions;226;"{""details"": ""+1x Bier gross à € 2,50"", ""id"": 226, ""person_id"": 32, ""timestamp"": ""2026-05-05 16:46:03"", ""total"": 2.5, ""type"": ""CONSUME""}"
2026-05-08_224617;C:\Users\Dani\Documents\CODEX-Projects\drink_pos\data\drink_pos_dev.db;data;transactions;227;"{""details"": ""+1x Bier gross à € 2,50"", ""id"": 227, ""person_id"": 32, ""timestamp"": ""2026-05-05 16:46:03"", ""total"": 2.5, ""type"": ""CONSUME""}"
2026-05-08_224617;C:\Users\Dani\Documents\CODEX-Projects\drink_pos\data\drink_pos_dev.db;data;transactions;228;"{""details"": ""+1x Bier gross à € 2,50"", ""id"": 228, ""person_id"": 32, ""timestamp"": ""2026-05-05 16:46:03"", ""total"": 2.5, ""type"": ""CONSUME""}"
2026-05-08_224617;C:\Users\Dani\Documents\CODEX-Projects\drink_pos\data\drink_pos_dev.db;data;transactions;229;"{""details"": ""+1x Bier gross à € 2,50"", ""id"": 229, ""person_id"": 32, ""timestamp"": ""2026-05-05 16:46:03"", ""total"": 2.5, ""type"": ""CONSUME""}"
2026-05-08_224617;C:\Users\Dani\Documents\CODEX-Projects\drink_pos\data\drink_pos_dev.db;data;transactions;230;"{""details"": ""+1x Bier gross à € 2,50"", ""id"": 230, ""person_id"": 32, ""timestamp"": ""2026-05-05 16:46:04"", ""total"": 2.5, ""type"": ""CONSUME""}"
2026-05-08_224617;C:\Users\Dani\Documents\CODEX-Projects\drink_pos\data\drink_pos_dev.db;data;transactions;231;"{""details"": ""+1x Bier gross à € 2,50"", ""id"": 231, ""person_id"": 32, ""timestamp"": ""2026-05-05 16:46:04"", ""total"": 2.5, ""type"": ""CONSUME""}"
2026-05-08_224617;C:\Users\Dani\Documents\CODEX-Projects\drink_pos\data\drink_pos_dev.db;data;transactions;232;"{""details"": ""+1x Bier gross à € 2,50"", ""id"": 232, ""person_id"": 32, ""timestamp"": ""2026-05-05 16:46:04"", ""total"": 2.5, ""type"": ""CONSUME""}"
2026-05-08_224617;C:\Users\Dani\Documents\CODEX-Projects\drink_pos\data\drink_pos_dev.db;data;transactions;233;"{""details"": ""+1x Bier gross à € 2,50"", ""id"": 233, ""person_id"": 32, ""timestamp"": ""2026-05-05 16:46:04"", ""total"": 2.5, ""type"": ""CONSUME""}"
2026-05-08_224617;C:\Users\Dani\Documents\CODEX-Projects\drink_pos\data\drink_pos_dev.db;data;transactions;234;"{""details"": ""+1x Bier gross à € 2,50"", ""id"": 234, ""person_id"": 32, ""timestamp"": ""2026-05-05 16:46:04"", ""total"": 2.5, ""type"": ""CONSUME""}"
2026-05-08_224617;C:\Users\Dani\Documents\CODEX-Projects\drink_pos\data\drink_pos_dev.db;data;transactions;235;"{""details"": ""+1x Bier gross à € 2,50"", ""id"": 235, ""person_id"": 32, ""timestamp"": ""2026-05-05 16:46:04"", ""total"": 2.5, ""type"": ""CONSUME""}"
2026-05-08_224617;C:\Users\Dani\Documents\CODEX-Projects\drink_pos\data\drink_pos_dev.db;data;transactions;236;"{""details"": ""+1x Bier gross à € 2,50"", ""id"": 236, ""person_id"": 32, ""timestamp"": ""2026-05-05 16:46:05"", ""total"": 2.5, ""type"": ""CONSUME""}"
2026-05-08_224617;C:\Users\Dani\Documents\CODEX-Projects\drink_pos\data\drink_pos_dev.db;data;transactions;237;"{""details"": ""+1x Bier gross à € 2,50"", ""id"": 237, ""person_id"": 32, ""timestamp"": ""2026-05-05 16:46:05"", ""total"": 2.5, ""type"": ""CONSUME""}"
2026-05-08_224617;C:\Users\Dani\Documents\CODEX-Projects\drink_pos\data\drink_pos_dev.db;data;transactions;238;"{""details"": ""+1x Bier gross à € 2,50"", ""id"": 238, ""person_id"": 32, ""timestamp"": ""2026-05-05 16:46:05"", ""total"": 2.5, ""type"": ""CONSUME""}"
2026-05-08_224617;C:\Users\Dani\Documents\CODEX-Projects\drink_pos\data\drink_pos_dev.db;data;transactions;239;"{""details"": ""+1x Bier gross à € 2,50"", ""id"": 239, ""person_id"": 32, ""timestamp"": ""2026-05-05 16:46:05"", ""total"": 2.5, ""type"": ""CONSUME""}"
2026-05-08_224617;C:\Users\Dani\Documents\CODEX-Projects\drink_pos\data\drink_pos_dev.db;data;transactions;240;"{""details"": ""+1x Bier gross à € 2,50"", ""id"": 240, ""person_id"": 32, ""timestamp"": ""2026-05-05 16:46:05"", ""total"": 2.5, ""type"": ""CONSUME""}"
2026-05-08_224617;C:\Users\Dani\Documents\CODEX-Projects\drink_pos\data\drink_pos_dev.db;data;transactions;241;"{""details"": ""+1x Bier gross à € 2,50"", ""id"": 241, ""person_id"": 32, ""timestamp"": ""2026-05-05 16:46:05"", ""total"": 2.5, ""type"": ""CONSUME""}"
2026-05-08_224617;C:\Users\Dani\Documents\CODEX-Projects\drink_pos\data\drink_pos_dev.db;data;transactions;242;"{""details"": ""+1x Bier gross à € 2,50"", ""id"": 242, ""person_id"": 32, ""timestamp"": ""2026-05-05 16:46:06"", ""total"": 2.5, ""type"": ""CONSUME""}"
2026-05-08_224617;C:\Users\Dani\Documents\CODEX-Projects\drink_pos\data\drink_pos_dev.db;data;transactions;243;"{""details"": ""+1x Bier gross à € 2,50"", ""id"": 243, ""person_id"": 32, ""timestamp"": ""2026-05-05 16:46:06"", ""total"": 2.5, ""type"": ""CONSUME""}"
2026-05-08_224617;C:\Users\Dani\Documents\CODEX-Projects\drink_pos\data\drink_pos_dev.db;data;transactions;244;"{""details"": ""+1x Bier gross à € 2,50"", ""id"": 244, ""person_id"": 32, ""timestamp"": ""2026-05-05 16:46:06"", ""total"": 2.5, ""type"": ""CONSUME""}"
2026-05-08_224617;C:\Users\Dani\Documents\CODEX-Projects\drink_pos\data\drink_pos_dev.db;data;transactions;245;"{""details"": ""+1x Bier gross à € 2,50"", ""id"": 245, ""person_id"": 32, ""timestamp"": ""2026-05-05 16:46:06"", ""total"": 2.5, ""type"": ""CONSUME""}"
2026-05-08_224617;C:\Users\Dani\Documents\CODEX-Projects\drink_pos\data\drink_pos_dev.db;data;transactions;246;"{""details"": ""+1x Bier gross à € 2,50"", ""id"": 246, ""person_id"": 32, ""timestamp"": ""2026-05-05 16:46:06"", ""total"": 2.5, ""type"": ""CONSUME""}"
2026-05-08_224617;C:\Users\Dani\Documents\CODEX-Projects\drink_pos\data\drink_pos_dev.db;data;transactions;247;"{""details"": ""+1x Bier gross à € 2,50"", ""id"": 247, ""person_id"": 32, ""timestamp"": ""2026-05-05 16:46:07"", ""total"": 2.5, ""type"": ""CONSUME""}"
2026-05-08_224617;C:\Users\Dani\Documents\CODEX-Projects\drink_pos\data\drink_pos_dev.db;data;transactions;248;"{""details"": ""+1x Bier gross à € 2,50"", ""id"": 248, ""person_id"": 32, ""timestamp"": ""2026-05-05 16:46:07"", ""total"": 2.5, ""type"": ""CONSUME""}"
2026-05-08_224617;C:\Users\Dani\Documents\CODEX-Projects\drink_pos\data\drink_pos_dev.db;data;transactions;249;"{""details"": ""+1x Bier gross à € 2,50"", ""id"": 249, ""person_id"": 32, ""timestamp"": ""2026-05-05 16:46:07"", ""total"": 2.5, ""type"": ""CONSUME""}"
2026-05-08_224617;C:\Users\Dani\Documents\CODEX-Projects\drink_pos\data\drink_pos_dev.db;data;transactions;250;"{""details"": ""+1x Bier gross à € 2,50"", ""id"": 250, ""person_id"": 32, ""timestamp"": ""2026-05-05 16:46:07"", ""total"": 2.5, ""type"": ""CONSUME""}"
2026-05-08_224617;C:\Users\Dani\Documents\CODEX-Projects\drink_pos\data\drink_pos_dev.db;data;transactions;251;"{""details"": ""+1x Bier gross à € 2,50"", ""id"": 251, ""person_id"": 32, ""timestamp"": ""2026-05-05 16:46:07"", ""total"": 2.5, ""type"": ""CONSUME""}"
2026-05-08_224617;C:\Users\Dani\Documents\CODEX-Projects\drink_pos\data\drink_pos_dev.db;data;transactions;252;"{""details"": ""+1x Bier gross à € 2,50"", ""id"": 252, ""person_id"": 32, ""timestamp"": ""2026-05-05 16:46:07"", ""total"": 2.5, ""type"": ""CONSUME""}"
2026-05-08_224617;C:\Users\Dani\Documents\CODEX-Projects\drink_pos\data\drink_pos_dev.db;data;transactions;253;"{""details"": ""+1x Bier gross à € 2,50"", ""id"": 253, ""person_id"": 32, ""timestamp"": ""2026-05-05 16:46:08"", ""total"": 2.5, ""type"": ""CONSUME""}"
2026-05-08_224617;C:\Users\Dani\Documents\CODEX-Projects\drink_pos\data\drink_pos_dev.db;data;transactions;254;"{""details"": ""+1x Bier gross à € 2,50"", ""id"": 254, ""person_id"": 32, ""timestamp"": ""2026-05-05 16:46:08"", ""total"": 2.5, ""type"": ""CONSUME""}"
2026-05-08_224617;C:\Users\Dani\Documents\CODEX-Projects\drink_pos\data\drink_pos_dev.db;data;transactions;255;"{""details"": ""+1x Bier gross à € 2,50"", ""id"": 255, ""person_id"": 32, ""timestamp"": ""2026-05-05 16:46:08"", ""total"": 2.5, ""type"": ""CONSUME""}"
2026-05-08_224617;C:\Users\Dani\Documents\CODEX-Projects\drink_pos\data\drink_pos_dev.db;data;transactions;256;"{""details"": ""+1x Bier gross à € 2,50"", ""id"": 256, ""person_id"": 32, ""timestamp"": ""2026-05-05 16:46:08"", ""total"": 2.5, ""type"": ""CONSUME""}"
2026-05-08_224617;C:\Users\Dani\Documents\CODEX-Projects\drink_pos\data\drink_pos_dev.db;data;transactions;257;"{""details"": ""+1x Bier gross à € 2,50"", ""id"": 257, ""person_id"": 32, ""timestamp"": ""2026-05-05 16:46:08"", ""total"": 2.5, ""type"": ""CONSUME""}"
2026-05-08_224617;C:\Users\Dani\Documents\CODEX-Projects\drink_pos\data\drink_pos_dev.db;data;transactions;258;"{""details"": ""+1x Bier gross à € 2,50"", ""id"": 258, ""person_id"": 32, ""timestamp"": ""2026-05-05 16:46:09"", ""total"": 2.5, ""type"": ""CONSUME""}"
2026-05-08_224617;C:\Users\Dani\Documents\CODEX-Projects\drink_pos\data\drink_pos_dev.db;data;transactions;259;"{""details"": ""Synchronisiert · Seite: Organisation · Client-Zeit: 2026-05-05T14:46:25.167Z · letzter Sync Client: 2026-05-05T14:46:25.158Z · Automatisch nach Serveränderung synchronisiert."", ""id"": 259, ""person_id"": null, ""timestamp"": ""2026-05-05 16:46:25"", ""total"": 0.0, ""type"": ""SYNC_COMPLETED""}"
2026-05-08_224617;C:\Users\Dani\Documents\CODEX-Projects\drink_pos\data\drink_pos_dev.db;data;transactions;260;"{""details"": ""Synchronisiert · Seite: Kasse · Client-Zeit: 2026-05-05T14:46:31.342Z · letzter Sync Client: 2026-05-05T14:46:31.339Z · Automatisch nach Serveränderung synchronisiert."", ""id"": 260, ""person_id"": null, ""timestamp"": ""2026-05-05 16:46:31"", ""total"": 0.0, ""type"": ""SYNC_COMPLETED""}"
2026-05-08_224617;C:\Users\Dani\Documents\CODEX-Projects\drink_pos\data\drink_pos_dev.db;data;transactions;261;"{""details"": ""Synchronisiert · Seite: Organisation · Client-Zeit: 2026-05-05T14:46:56.646Z · letzter Sync Client: 2026-05-05T14:46:56.636Z · Automatisch nach Serveränderung synchronisiert."", ""id"": 261, ""person_id"": null, ""timestamp"": ""2026-05-05 16:46:56"", ""total"": 0.0, ""type"": ""SYNC_COMPLETED""}"
2026-05-08_224617;C:\Users\Dani\Documents\CODEX-Projects\drink_pos\data\drink_pos_dev.db;data;transactions;262;"{""details"": ""Synchronisiert · Seite: Kasse · Client-Zeit: 2026-05-05T14:47:13.481Z · letzter Sync Client: 2026-05-05T14:47:13.478Z · Automatisch nach Serveränderung synchronisiert."", ""id"": 262, ""person_id"": null, ""timestamp"": ""2026-05-05 16:47:13"", ""total"": 0.0, ""type"": ""SYNC_COMPLETED""}"
2026-05-08_224617;C:\Users\Dani\Documents\CODEX-Projects\drink_pos\data\drink_pos_dev.db;data;transactions;263;"{""details"": ""Synchronisiert · Seite: Organisation · Client-Zeit: 2026-05-05T14:47:28.426Z · letzter Sync Client: 2026-05-05T14:47:28.416Z · Automatisch nach Serveränderung synchronisiert."", ""id"": 263, ""person_id"": null, ""timestamp"": ""2026-05-05 16:47:28"", ""total"": 0.0, ""type"": ""SYNC_COMPLETED""}"
2026-05-08_224617;C:\Users\Dani\Documents\CODEX-Projects\drink_pos\data\drink_pos_dev.db;data;transactions;264;"{""details"": ""Synchronisiert · Seite: Kasse · Client-Zeit: 2026-05-05T14:47:43.461Z · letzter Sync Client: 2026-05-05T14:47:43.458Z · Automatisch nach Serveränderung synchronisiert."", ""id"": 264, ""person_id"": null, ""timestamp"": ""2026-05-05 16:47:43"", ""total"": 0.0, ""type"": ""SYNC_COMPLETED""}"
2026-05-08_224617;C:\Users\Dani\Documents\CODEX-Projects\drink_pos\data\drink_pos_dev.db;data;transactions;265;"{""details"": ""Synchronisiert · Seite: Organisation · Client-Zeit: 2026-05-05T14:47:58.411Z · letzter Sync Client: 2026-05-05T14:47:58.400Z · Automatisch nach Serveränderung synchronisiert."", ""id"": 265, ""person_id"": null, ""timestamp"": ""2026-05-05 16:47:58"", ""total"": 0.0, ""type"": ""SYNC_COMPLETED""}"
2026-05-08_224617;C:\Users\Dani\Documents\CODEX-Projects\drink_pos\data\drink_pos_dev.db;data;transactions;266;"{""details"": ""Synchronisiert · Seite: Kasse · Client-Zeit: 2026-05-05T14:48:13.465Z · letzter Sync Client: 2026-05-05T14:48:13.462Z · Automatisch nach Serveränderung synchronisiert."", ""id"": 266, ""person_id"": null, ""timestamp"": ""2026-05-05 16:48:13"", ""total"": 0.0, ""type"": ""SYNC_COMPLETED""}"
2026-05-08_224617;C:\Users\Dani\Documents\CODEX-Projects\drink_pos\data\drink_pos_dev.db;data;transactions;267;"{""details"": ""Synchronisiert · Seite: Organisation · Client-Zeit: 2026-05-05T14:48:30.052Z · letzter Sync Client: 2026-05-05T14:48:30.043Z · Automatisch nach Serveränderung synchronisiert."", ""id"": 267, ""person_id"": null, ""timestamp"": ""2026-05-05 16:48:30"", ""total"": 0.0, ""type"": ""SYNC_COMPLETED""}"
2026-05-08_224617;C:\Users\Dani\Documents\CODEX-Projects\drink_pos\data\drink_pos_dev.db;data;transactions;268;"{""details"": ""Synchronisiert · Seite: Kasse · Client-Zeit: 2026-05-05T14:48:43.473Z · letzter Sync Client: 2026-05-05T14:48:43.469Z · Automatisch nach Serveränderung synchronisiert."", ""id"": 268, ""person_id"": null, ""timestamp"": ""2026-05-05 16:48:43"", ""total"": 0.0, ""type"": ""SYNC_COMPLETED""}"
2026-05-08_224617;C:\Users\Dani\Documents\CODEX-Projects\drink_pos\data\drink_pos_dev.db;data;transactions;269;"{""details"": ""Synchronisiert · Seite: Organisation · Client-Zeit: 2026-05-05T14:49:00.094Z · letzter Sync Client: 2026-05-05T14:49:00.084Z · Automatisch nach Serveränderung synchronisiert."", ""id"": 269, ""person_id"": null, ""timestamp"": ""2026-05-05 16:49:00"", ""total"": 0.0, ""type"": ""SYNC_COMPLETED""}"
2026-05-08_224617;C:\Users\Dani\Documents\CODEX-Projects\drink_pos\data\drink_pos_dev.db;data;transactions;270;"{""details"": ""Synchronisiert · Seite: Kasse · Client-Zeit: 2026-05-05T14:49:13.471Z · letzter Sync Client: 2026-05-05T14:49:13.467Z · Automatisch nach Serveränderung synchronisiert."", ""id"": 270, ""person_id"": null, ""timestamp"": ""2026-05-05 16:49:13"", ""total"": 0.0, ""type"": ""SYNC_COMPLETED""}"
2026-05-08_224617;C:\Users\Dani\Documents\CODEX-Projects\drink_pos\data\drink_pos_dev.db;data;transactions;271;"{""details"": ""Synchronisiert · Seite: Organisation · Client-Zeit: 2026-05-05T14:49:31.743Z · letzter Sync Client: 2026-05-05T14:49:31.733Z · Automatisch nach Serveränderung synchronisiert."", ""id"": 271, ""person_id"": null, ""timestamp"": ""2026-05-05 16:49:31"", ""total"": 0.0, ""type"": ""SYNC_COMPLETED""}"
2026-05-08_224617;C:\Users\Dani\Documents\CODEX-Projects\drink_pos\data\drink_pos_dev.db;data;transactions;272;"{""details"": ""Synchronisiert · Seite: Kasse · Client-Zeit: 2026-05-05T14:50:01.471Z · letzter Sync Client: 2026-05-05T14:50:01.468Z · Automatisch nach Serveränderung synchronisiert."", ""id"": 272, ""person_id"": null, ""timestamp"": ""2026-05-05 16:50:01"", ""total"": 0.0, ""type"": ""SYNC_COMPLETED""}"
2026-05-08_224617;C:\Users\Dani\Documents\CODEX-Projects\drink_pos\data\drink_pos_dev.db;data;transactions;273;"{""details"": ""Synchronisiert · Seite: Organisation · Client-Zeit: 2026-05-05T14:50:03.486Z · letzter Sync Client: 2026-05-05T14:50:03.476Z · Automatisch nach Serveränderung synchronisiert."", ""id"": 273, ""person_id"": null, ""timestamp"": ""2026-05-05 16:50:03"", ""total"": 0.0, ""type"": ""SYNC_COMPLETED""}"
2026-05-08_224617;C:\Users\Dani\Documents\CODEX-Projects\drink_pos\data\drink_pos_dev.db;data;transactions;274;"{""details"": ""Synchronisiert · Seite: Kasse · Client-Zeit: 2026-05-05T14:51:01.469Z · letzter Sync Client: 2026-05-05T14:51:01.465Z · Automatisch nach Serveränderung synchronisiert."", ""id"": 274, ""person_id"": null, ""timestamp"": ""2026-05-05 16:51:01"", ""total"": 0.0, ""type"": ""SYNC_COMPLETED""}"
2026-05-08_224617;C:\Users\Dani\Documents\CODEX-Projects\drink_pos\data\drink_pos_dev.db;data;transactions;275;"{""details"": ""Synchronisiert · Seite: Organisation · Client-Zeit: 2026-05-05T14:51:09.421Z · letzter Sync Client: 2026-05-05T14:51:09.412Z · Automatisch nach Serveränderung synchronisiert."", ""id"": 275, ""person_id"": null, ""timestamp"": ""2026-05-05 16:51:09"", ""total"": 0.0, ""type"": ""SYNC_COMPLETED""}"
2026-05-08_224617;C:\Users\Dani\Documents\CODEX-Projects\drink_pos\data\drink_pos_dev.db;data;transactions;276;"{""details"": ""Synchronisiert · Seite: Kasse · Client-Zeit: 2026-05-05T14:52:01.460Z · letzter Sync Client: 2026-05-05T14:52:01.455Z · Automatisch nach Serveränderung synchronisiert."", ""id"": 276, ""person_id"": null, ""timestamp"": ""2026-05-05 16:52:01"", ""total"": 0.0, ""type"": ""SYNC_COMPLETED""}"
2026-05-08_224617;C:\Users\Dani\Documents\CODEX-Projects\drink_pos\data\drink_pos_dev.db;data;transactions;277;"{""details"": ""Synchronisiert · Seite: Organisation · Client-Zeit: 2026-05-05T14:52:13.816Z · letzter Sync Client: 2026-05-05T14:52:13.806Z · Automatisch nach Serveränderung synchronisiert."", ""id"": 277, ""person_id"": null, ""timestamp"": ""2026-05-05 16:52:13"", ""total"": 0.0, ""type"": ""SYNC_COMPLETED""}"
2026-05-08_224617;C:\Users\Dani\Documents\CODEX-Projects\drink_pos\data\drink_pos_dev.db;data;transactions;278;"{""details"": ""Synchronisiert · Seite: Kasse · Client-Zeit: 2026-05-05T14:53:01.461Z · letzter Sync Client: 2026-05-05T14:53:01.457Z · Automatisch nach Serveränderung synchronisiert."", ""id"": 278, ""person_id"": null, ""timestamp"": ""2026-05-05 16:53:01"", ""total"": 0.0, ""type"": ""SYNC_COMPLETED""}"
2026-05-08_224617;C:\Users\Dani\Documents\CODEX-Projects\drink_pos\data\drink_pos_dev.db;data;transactions;279;"{""details"": ""Synchronisiert · Seite: Organisation · Client-Zeit: 2026-05-05T14:53:19.047Z · letzter Sync Client: 2026-05-05T14:53:19.034Z · Automatisch nach Serveränderung synchronisiert."", ""id"": 279, ""person_id"": null, ""timestamp"": ""2026-05-05 16:53:19"", ""total"": 0.0, ""type"": ""SYNC_COMPLETED""}"
2026-05-08_224617;C:\Users\Dani\Documents\CODEX-Projects\drink_pos\data\drink_pos_dev.db;data;transactions;280;"{""details"": ""Synchronisiert · Seite: Kasse · Client-Zeit: 2026-05-05T14:54:01.461Z · letzter Sync Client: 2026-05-05T14:54:01.458Z · Automatisch nach Serveränderung synchronisiert."", ""id"": 280, ""person_id"": null, ""timestamp"": ""2026-05-05 16:54:01"", ""total"": 0.0, ""type"": ""SYNC_COMPLETED""}"
2026-05-08_224617;C:\Users\Dani\Documents\CODEX-Projects\drink_pos\data\drink_pos_dev.db;data;transactions;281;"{""details"": ""Synchronisiert · Seite: Organisation · Client-Zeit: 2026-05-05T14:54:24.701Z · letzter Sync Client: 2026-05-05T14:54:24.692Z · Automatisch nach Serveränderung synchronisiert."", ""id"": 281, ""person_id"": null, ""timestamp"": ""2026-05-05 16:54:24"", ""total"": 0.0, ""type"": ""SYNC_COMPLETED""}"
2026-05-08_224617;C:\Users\Dani\Documents\CODEX-Projects\drink_pos\data\drink_pos_dev.db;data;transactions;282;"{""details"": ""Synchronisiert · Seite: Kasse · Client-Zeit: 2026-05-05T14:55:01.458Z · letzter Sync Client: 2026-05-05T14:55:01.455Z · Automatisch nach Serveränderung synchronisiert."", ""id"": 282, ""person_id"": null, ""timestamp"": ""2026-05-05 16:55:01"", ""total"": 0.0, ""type"": ""SYNC_COMPLETED""}"
2026-05-08_224617;C:\Users\Dani\Documents\CODEX-Projects\drink_pos\data\drink_pos_dev.db;data;transactions;283;"{""details"": ""Synchronisiert · Seite: Organisation · Client-Zeit: 2026-05-05T14:55:30.223Z · letzter Sync Client: 2026-05-05T14:55:30.212Z · Automatisch nach Serveränderung synchronisiert."", ""id"": 283, ""person_id"": null, ""timestamp"": ""2026-05-05 16:55:30"", ""total"": 0.0, ""type"": ""SYNC_COMPLETED""}"
2026-05-08_224617;C:\Users\Dani\Documents\CODEX-Projects\drink_pos\data\drink_pos_dev.db;data;transactions;284;"{""details"": ""Synchronisiert · Seite: Kasse · Client-Zeit: 2026-05-05T14:56:01.464Z · letzter Sync Client: 2026-05-05T14:56:01.462Z · Automatisch nach Serveränderung synchronisiert."", ""id"": 284, ""person_id"": null, ""timestamp"": ""2026-05-05 16:56:01"", ""total"": 0.0, ""type"": ""SYNC_COMPLETED""}"
2026-05-08_224617;C:\Users\Dani\Documents\CODEX-Projects\drink_pos\data\drink_pos_dev.db;data;transactions;285;"{""details"": ""Synchronisiert · Seite: Organisation · Client-Zeit: 2026-05-05T14:56:01.701Z · letzter Sync Client: 2026-05-05T14:56:01.690Z · Automatisch nach Serveränderung synchronisiert."", ""id"": 285, ""person_id"": null, ""timestamp"": ""2026-05-05 16:56:01"", ""total"": 0.0, ""type"": ""SYNC_COMPLETED""}"
2026-05-08_224617;C:\Users\Dani\Documents\CODEX-Projects\drink_pos\data\drink_pos_dev.db;data;transactions;286;"{""details"": ""Synchronisiert · Seite: Kasse · Client-Zeit: 2026-05-05T14:57:01.470Z · letzter Sync Client: 2026-05-05T14:57:01.467Z · Automatisch nach Serveränderung synchronisiert."", ""id"": 286, ""person_id"": null, ""timestamp"": ""2026-05-05 16:57:01"", ""total"": 0.0, ""type"": ""SYNC_COMPLETED""}"
2026-05-08_224617;C:\Users\Dani\Documents\CODEX-Projects\drink_pos\data\drink_pos_dev.db;data;transactions;287;"{""details"": ""Synchronisiert · Seite: Organisation · Client-Zeit: 2026-05-05T14:57:06.487Z · letzter Sync Client: 2026-05-05T14:57:06.474Z · Automatisch nach Serveränderung synchronisiert."", ""id"": 287, ""person_id"": null, ""timestamp"": ""2026-05-05 16:57:06"", ""total"": 0.0, ""type"": ""SYNC_COMPLETED""}"
2026-05-08_224617;C:\Users\Dani\Documents\CODEX-Projects\drink_pos\data\drink_pos_dev.db;data;transactions;288;"{""details"": ""Synchronisiert · Seite: Kasse · Client-Zeit: 2026-05-05T14:58:01.449Z · letzter Sync Client: 2026-05-05T14:58:01.446Z · Automatisch nach Serveränderung synchronisiert."", ""id"": 288, ""person_id"": null, ""timestamp"": ""2026-05-05 16:58:01"", ""total"": 0.0, ""type"": ""SYNC_COMPLETED""}"
2026-05-08_224617;C:\Users\Dani\Documents\CODEX-Projects\drink_pos\data\drink_pos_dev.db;data;transactions;289;"{""details"": ""Synchronisiert · Seite: Organisation · Client-Zeit: 2026-05-05T14:58:12.121Z · letzter Sync Client: 2026-05-05T14:58:12.111Z · Automatisch nach Serveränderung synchronisiert."", ""id"": 289, ""person_id"": null, ""timestamp"": ""2026-05-05 16:58:12"", ""total"": 0.0, ""type"": ""SYNC_COMPLETED""}"
2026-05-08_224617;C:\Users\Dani\Documents\CODEX-Projects\drink_pos\data\drink_pos_dev.db;data;transactions;290;"{""details"": ""Synchronisiert · Seite: Kasse · Client-Zeit: 2026-05-05T14:58:22.720Z · letzter Sync Client: 2026-05-05T14:58:22.715Z · Automatisch nach Serveränderung synchronisiert."", ""id"": 290, ""person_id"": null, ""timestamp"": ""2026-05-05 16:58:22"", ""total"": 0.0, ""type"": ""SYNC_COMPLETED""}"
2026-05-08_224617;C:\Users\Dani\Documents\CODEX-Projects\drink_pos\data\drink_pos_dev.db;data;transactions;291;"{""details"": ""Synchronisiert · Seite: Organisation · Client-Zeit: 2026-05-05T14:58:43.482Z · letzter Sync Client: 2026-05-05T14:58:43.468Z · Automatisch nach Serveränderung synchronisiert."", ""id"": 291, ""person_id"": null, ""timestamp"": ""2026-05-05 16:58:43"", ""total"": 0.0, ""type"": ""SYNC_COMPLETED""}"
2026-05-08_224617;C:\Users\Dani\Documents\CODEX-Projects\drink_pos\data\drink_pos_dev.db;data;transactions;292;"{""details"": ""Synchronisiert · Seite: Kasse · Client-Zeit: 2026-05-05T14:59:13.416Z · letzter Sync Client: 2026-05-05T14:59:13.411Z · Automatisch nach Serveränderung synchronisiert."", ""id"": 292, ""person_id"": null, ""timestamp"": ""2026-05-05 16:59:13"", ""total"": 0.0, ""type"": ""SYNC_COMPLETED""}"
2026-05-08_224617;C:\Users\Dani\Documents\CODEX-Projects\drink_pos\data\drink_pos_dev.db;data;transactions;293;"{""details"": ""Synchronisiert · Seite: Organisation · Client-Zeit: 2026-05-05T14:59:14.380Z · letzter Sync Client: 2026-05-05T14:59:14.370Z · Automatisch nach Serveränderung synchronisiert."", ""id"": 293, ""person_id"": null, ""timestamp"": ""2026-05-05 16:59:14"", ""total"": 0.0, ""type"": ""SYNC_COMPLETED""}"
2026-05-08_224617;C:\Users\Dani\Documents\CODEX-Projects\drink_pos\data\drink_pos_dev.db;data;transactions;294;"{""details"": ""Synchronisiert · Seite: Kasse · Client-Zeit: 2026-05-05T14:59:43.408Z · letzter Sync Client: 2026-05-05T14:59:43.405Z · Automatisch nach Serveränderung synchronisiert."", ""id"": 294, ""person_id"": null, ""timestamp"": ""2026-05-05 16:59:43"", ""total"": 0.0, ""type"": ""SYNC_COMPLETED""}"
2026-05-08_224617;C:\Users\Dani\Documents\CODEX-Projects\drink_pos\data\drink_pos_dev.db;data;transactions;295;"{""details"": ""Synchronisiert · Seite: Organisation · Client-Zeit: 2026-05-05T14:59:45.735Z · letzter Sync Client: 2026-05-05T14:59:45.724Z · Automatisch nach Serveränderung synchronisiert."", ""id"": 295, ""person_id"": null, ""timestamp"": ""2026-05-05 16:59:45"", ""total"": 0.0, ""type"": ""SYNC_COMPLETED""}"
2026-05-08_224617;C:\Users\Dani\Documents\CODEX-Projects\drink_pos\data\drink_pos_dev.db;data;transactions;296;"{""details"": ""Synchronisiert · Seite: Kasse · Client-Zeit: 2026-05-05T15:00:13.411Z · letzter Sync Client: 2026-05-05T15:00:13.408Z · Automatisch nach Serveränderung synchronisiert."", ""id"": 296, ""person_id"": null, ""timestamp"": ""2026-05-05 17:00:13"", ""total"": 0.0, ""type"": ""SYNC_COMPLETED""}"
2026-05-08_224617;C:\Users\Dani\Documents\CODEX-Projects\drink_pos\data\drink_pos_dev.db;data;transactions;297;"{""details"": ""Synchronisiert · Seite: Organisation · Client-Zeit: 2026-05-05T15:00:17.472Z · letzter Sync Client: 2026-05-05T15:00:17.462Z · Automatisch nach Serveränderung synchronisiert."", ""id"": 297, ""person_id"": null, ""timestamp"": ""2026-05-05 17:00:17"", ""total"": 0.0, ""type"": ""SYNC_COMPLETED""}"
2026-05-08_224617;C:\Users\Dani\Documents\CODEX-Projects\drink_pos\data\drink_pos_dev.db;data;transactions;298;"{""details"": ""Synchronisiert · Seite: Kasse · Client-Zeit: 2026-05-05T15:00:43.421Z · letzter Sync Client: 2026-05-05T15:00:43.418Z · Automatisch nach Serveränderung synchronisiert."", ""id"": 298, ""person_id"": null, ""timestamp"": ""2026-05-05 17:00:43"", ""total"": 0.0, ""type"": ""SYNC_COMPLETED""}"
2026-05-08_224617;C:\Users\Dani\Documents\CODEX-Projects\drink_pos\data\drink_pos_dev.db;data;transactions;299;"{""details"": ""Synchronisiert · Seite: Organisation · Client-Zeit: 2026-05-05T15:00:48.962Z · letzter Sync Client: 2026-05-05T15:00:48.953Z · Automatisch nach Serveränderung synchronisiert."", ""id"": 299, ""person_id"": null, ""timestamp"": ""2026-05-05 17:00:48"", ""total"": 0.0, ""type"": ""SYNC_COMPLETED""}"
2026-05-08_224617;C:\Users\Dani\Documents\CODEX-Projects\drink_pos\data\drink_pos_dev.db;data;transactions;300;"{""details"": ""Synchronisiert · Seite: Kasse · Client-Zeit: 2026-05-05T15:01:13.404Z · letzter Sync Client: 2026-05-05T15:01:13.401Z · Automatisch nach Serveränderung synchronisiert."", ""id"": 300, ""person_id"": null, ""timestamp"": ""2026-05-05 17:01:13"", ""total"": 0.0, ""type"": ""SYNC_COMPLETED""}"
2026-05-08_224617;C:\Users\Dani\Documents\CODEX-Projects\drink_pos\data\drink_pos_dev.db;data;transactions;301;"{""details"": ""Synchronisiert · Seite: Organisation · Client-Zeit: 2026-05-05T15:01:20.249Z · letzter Sync Client: 2026-05-05T15:01:20.235Z · Automatisch nach Serveränderung synchronisiert."", ""id"": 301, ""person_id"": null, ""timestamp"": ""2026-05-05 17:01:20"", ""total"": 0.0, ""type"": ""SYNC_COMPLETED""}"
2026-05-08_224617;C:\Users\Dani\Documents\CODEX-Projects\drink_pos\data\drink_pos_dev.db;data;transactions;302;"{""details"": ""Synchronisiert · Seite: Kasse · Client-Zeit: 2026-05-05T15:01:43.413Z · letzter Sync Client: 2026-05-05T15:01:43.410Z · Automatisch nach Serveränderung synchronisiert."", ""id"": 302, ""person_id"": null, ""timestamp"": ""2026-05-05 17:01:43"", ""total"": 0.0, ""type"": ""SYNC_COMPLETED""}"
2026-05-08_224617;C:\Users\Dani\Documents\CODEX-Projects\drink_pos\data\drink_pos_dev.db;data;transactions;303;"{""details"": ""Synchronisiert · Seite: Organisation · Client-Zeit: 2026-05-05T15:01:50.499Z · letzter Sync Client: 2026-05-05T15:01:50.488Z · Automatisch nach Serveränderung synchronisiert."", ""id"": 303, ""person_id"": null, ""timestamp"": ""2026-05-05 17:01:50"", ""total"": 0.0, ""type"": ""SYNC_COMPLETED""}"
2026-05-08_224617;C:\Users\Dani\Documents\CODEX-Projects\drink_pos\data\drink_pos_dev.db;data;transactions;304;"{""details"": ""Synchronisiert · Seite: Kasse · Client-Zeit: 2026-05-05T15:02:13.426Z · letzter Sync Client: 2026-05-05T15:02:13.422Z · Automatisch nach Serveränderung synchronisiert."", ""id"": 304, ""person_id"": null, ""timestamp"": ""2026-05-05 17:02:13"", ""total"": 0.0, ""type"": ""SYNC_COMPLETED""}"
2026-05-08_224617;C:\Users\Dani\Documents\CODEX-Projects\drink_pos\data\drink_pos_dev.db;data;transactions;305;"{""details"": ""Synchronisiert · Seite: Organisation · Client-Zeit: 2026-05-05T15:02:21.491Z · letzter Sync Client: 2026-05-05T15:02:21.481Z · Automatisch nach Serveränderung synchronisiert."", ""id"": 305, ""person_id"": null, ""timestamp"": ""2026-05-05 17:02:21"", ""total"": 0.0, ""type"": ""SYNC_COMPLETED""}"
2026-05-08_224617;C:\Users\Dani\Documents\CODEX-Projects\drink_pos\data\drink_pos_dev.db;data;transactions;306;"{""details"": ""Synchronisiert · Seite: Kasse · Client-Zeit: 2026-05-05T15:02:43.428Z · letzter Sync Client: 2026-05-05T15:02:43.425Z · Automatisch nach Serveränderung synchronisiert."", ""id"": 306, ""person_id"": null, ""timestamp"": ""2026-05-05 17:02:43"", ""total"": 0.0, ""type"": ""SYNC_COMPLETED""}"
2026-05-08_224617;C:\Users\Dani\Documents\CODEX-Projects\drink_pos\data\drink_pos_dev.db;data;transactions;307;"{""details"": ""Synchronisiert · Seite: Organisation · Client-Zeit: 2026-05-05T15:02:52.113Z · letzter Sync Client: 2026-05-05T15:02:52.102Z · Automatisch nach Serveränderung synchronisiert."", ""id"": 307, ""person_id"": null, ""timestamp"": ""2026-05-05 17:02:52"", ""total"": 0.0, ""type"": ""SYNC_COMPLETED""}"
2026-05-08_224617;C:\Users\Dani\Documents\CODEX-Projects\drink_pos\data\drink_pos_dev.db;data;transactions;308;"{""details"": ""Synchronisiert · Seite: Kasse · Client-Zeit: 2026-05-05T15:03:13.417Z · letzter Sync Client: 2026-05-05T15:03:13.413Z · Automatisch nach Serveränderung synchronisiert."", ""id"": 308, ""person_id"": null, ""timestamp"": ""2026-05-05 17:03:13"", ""total"": 0.0, ""type"": ""SYNC_COMPLETED""}"
2026-05-08_224617;C:\Users\Dani\Documents\CODEX-Projects\drink_pos\data\drink_pos_dev.db;data;transactions;309;"{""details"": ""Synchronisiert · Seite: Organisation · Client-Zeit: 2026-05-05T15:03:22.840Z · letzter Sync Client: 2026-05-05T15:03:22.829Z · Automatisch nach Serveränderung synchronisiert."", ""id"": 309, ""person_id"": null, ""timestamp"": ""2026-05-05 17:03:22"", ""total"": 0.0, ""type"": ""SYNC_COMPLETED""}"
2026-05-08_224617;C:\Users\Dani\Documents\CODEX-Projects\drink_pos\data\drink_pos_dev.db;data;transactions;310;"{""details"": ""Synchronisiert · Seite: Kasse · Client-Zeit: 2026-05-05T15:03:43.417Z · letzter Sync Client: 2026-05-05T15:03:43.414Z · Automatisch nach Serveränderung synchronisiert."", ""id"": 310, ""person_id"": null, ""timestamp"": ""2026-05-05 17:03:43"", ""total"": 0.0, ""type"": ""SYNC_COMPLETED""}"
2026-05-08_224617;C:\Users\Dani\Documents\CODEX-Projects\drink_pos\data\drink_pos_dev.db;data;transactions;311;"{""details"": ""Synchronisiert · Seite: Organisation · Client-Zeit: 2026-05-05T15:03:54.317Z · letzter Sync Client: 2026-05-05T15:03:54.307Z · Automatisch nach Serveränderung synchronisiert."", ""id"": 311, ""person_id"": null, ""timestamp"": ""2026-05-05 17:03:54"", ""total"": 0.0, ""type"": ""SYNC_COMPLETED""}"
2026-05-08_224617;C:\Users\Dani\Documents\CODEX-Projects\drink_pos\data\drink_pos_dev.db;data;transactions;312;"{""details"": ""Synchronisiert · Seite: Kasse · Client-Zeit: 2026-05-05T15:04:13.408Z · letzter Sync Client: 2026-05-05T15:04:13.405Z · Automatisch nach Serveränderung synchronisiert."", ""id"": 312, ""person_id"": null, ""timestamp"": ""2026-05-05 17:04:13"", ""total"": 0.0, ""type"": ""SYNC_COMPLETED""}"
2026-05-08_224617;C:\Users\Dani\Documents\CODEX-Projects\drink_pos\data\drink_pos_dev.db;data;transactions;313;"{""details"": ""Synchronisiert · Seite: Organisation · Client-Zeit: 2026-05-05T15:04:24.345Z · letzter Sync Client: 2026-05-05T15:04:24.335Z · Automatisch nach Serveränderung synchronisiert."", ""id"": 313, ""person_id"": null, ""timestamp"": ""2026-05-05 17:04:24"", ""total"": 0.0, ""type"": ""SYNC_COMPLETED""}"
2026-05-08_224617;C:\Users\Dani\Documents\CODEX-Projects\drink_pos\data\drink_pos_dev.db;data;transactions;314;"{""details"": ""Synchronisiert · Seite: Kasse · Client-Zeit: 2026-05-05T15:04:43.416Z · letzter Sync Client: 2026-05-05T15:04:43.412Z · Automatisch nach Serveränderung synchronisiert."", ""id"": 314, ""person_id"": null, ""timestamp"": ""2026-05-05 17:04:43"", ""total"": 0.0, ""type"": ""SYNC_COMPLETED""}"
2026-05-08_224617;C:\Users\Dani\Documents\CODEX-Projects\drink_pos\data\drink_pos_dev.db;data;transactions;315;"{""details"": ""Synchronisiert · Seite: Organisation · Client-Zeit: 2026-05-05T15:04:55.580Z · letzter Sync Client: 2026-05-05T15:04:55.569Z · Automatisch nach Serveränderung synchronisiert."", ""id"": 315, ""person_id"": null, ""timestamp"": ""2026-05-05 17:04:55"", ""total"": 0.0, ""type"": ""SYNC_COMPLETED""}"
2026-05-08_224617;C:\Users\Dani\Documents\CODEX-Projects\drink_pos\data\drink_pos_dev.db;data;transactions;316;"{""details"": ""Synchronisiert · Seite: Kasse · Client-Zeit: 2026-05-05T15:05:13.425Z · letzter Sync Client: 2026-05-05T15:05:13.422Z · Automatisch nach Serveränderung synchronisiert."", ""id"": 316, ""person_id"": null, ""timestamp"": ""2026-05-05 17:05:13"", ""total"": 0.0, ""type"": ""SYNC_COMPLETED""}"
2026-05-08_224617;C:\Users\Dani\Documents\CODEX-Projects\drink_pos\data\drink_pos_dev.db;data;transactions;317;"{""details"": ""Synchronisiert · Seite: Organisation · Client-Zeit: 2026-05-05T15:05:25.638Z · letzter Sync Client: 2026-05-05T15:05:25.626Z · Automatisch nach Serveränderung synchronisiert."", ""id"": 317, ""person_id"": null, ""timestamp"": ""2026-05-05 17:05:25"", ""total"": 0.0, ""type"": ""SYNC_COMPLETED""}"
2026-05-08_224617;C:\Users\Dani\Documents\CODEX-Projects\drink_pos\data\drink_pos_dev.db;data;transactions;318;"{""details"": ""Synchronisiert · Seite: Kasse · Client-Zeit: 2026-05-05T15:05:43.421Z · letzter Sync Client: 2026-05-05T15:05:43.418Z · Automatisch nach Serveränderung synchronisiert."", ""id"": 318, ""person_id"": null, ""timestamp"": ""2026-05-05 17:05:43"", ""total"": 0.0, ""type"": ""SYNC_COMPLETED""}"
2026-05-08_224617;C:\Users\Dani\Documents\CODEX-Projects\drink_pos\data\drink_pos_dev.db;data;transactions;319;"{""details"": ""Synchronisiert · Seite: Organisation · Client-Zeit: 2026-05-05T15:05:56.091Z · letzter Sync Client: 2026-05-05T15:05:56.080Z · Automatisch nach Serveränderung synchronisiert."", ""id"": 319, ""person_id"": null, ""timestamp"": ""2026-05-05 17:05:56"", ""total"": 0.0, ""type"": ""SYNC_COMPLETED""}"
2026-05-08_224617;C:\Users\Dani\Documents\CODEX-Projects\drink_pos\data\drink_pos_dev.db;data;transactions;320;"{""details"": ""Synchronisiert · Seite: Kasse · Client-Zeit: 2026-05-05T15:06:13.423Z · letzter Sync Client: 2026-05-05T15:06:13.419Z · Automatisch nach Serveränderung synchronisiert."", ""id"": 320, ""person_id"": null, ""timestamp"": ""2026-05-05 17:06:13"", ""total"": 0.0, ""type"": ""SYNC_COMPLETED""}"
2026-05-08_224617;C:\Users\Dani\Documents\CODEX-Projects\drink_pos\data\drink_pos_dev.db;data;transactions;321;"{""details"": ""Synchronisiert · Seite: Organisation · Client-Zeit: 2026-05-05T15:06:26.641Z · letzter Sync Client: 2026-05-05T15:06:26.630Z · Automatisch nach Serveränderung synchronisiert."", ""id"": 321, ""person_id"": null, ""timestamp"": ""2026-05-05 17:06:26"", ""total"": 0.0, ""type"": ""SYNC_COMPLETED""}"
2026-05-08_224617;C:\Users\Dani\Documents\CODEX-Projects\drink_pos\data\drink_pos_dev.db;data;transactions;322;"{""details"": ""Synchronisiert · Seite: Kasse · Client-Zeit: 2026-05-05T15:06:43.416Z · letzter Sync Client: 2026-05-05T15:06:43.412Z · Automatisch nach Serveränderung synchronisiert."", ""id"": 322, ""person_id"": null, ""timestamp"": ""2026-05-05 17:06:43"", ""total"": 0.0, ""type"": ""SYNC_COMPLETED""}"
2026-05-08_224617;C:\Users\Dani\Documents\CODEX-Projects\drink_pos\data\drink_pos_dev.db;data;transactions;323;"{""details"": ""Synchronisiert · Seite: Organisation · Client-Zeit: 2026-05-05T15:06:57.984Z · letzter Sync Client: 2026-05-05T15:06:57.971Z · Automatisch nach Serveränderung synchronisiert."", ""id"": 323, ""person_id"": null, ""timestamp"": ""2026-05-05 17:06:57"", ""total"": 0.0, ""type"": ""SYNC_COMPLETED""}"
2026-05-08_224617;C:\Users\Dani\Documents\CODEX-Projects\drink_pos\data\drink_pos_dev.db;data;transactions;324;"{""details"": ""Synchronisiert · Seite: Kasse · Client-Zeit: 2026-05-05T15:07:13.417Z · letzter Sync Client: 2026-05-05T15:07:13.414Z · Automatisch nach Serveränderung synchronisiert."", ""id"": 324, ""person_id"": null, ""timestamp"": ""2026-05-05 17:07:13"", ""total"": 0.0, ""type"": ""SYNC_COMPLETED""}"
2026-05-08_224617;C:\Users\Dani\Documents\CODEX-Projects\drink_pos\data\drink_pos_dev.db;data;transactions;325;"{""details"": ""Synchronisiert · Seite: Organisation · Client-Zeit: 2026-05-05T15:07:28.729Z · letzter Sync Client: 2026-05-05T15:07:28.714Z · Automatisch nach Serveränderung synchronisiert."", ""id"": 325, ""person_id"": null, ""timestamp"": ""2026-05-05 17:07:28"", ""total"": 0.0, ""type"": ""SYNC_COMPLETED""}"
2026-05-08_224617;C:\Users\Dani\Documents\CODEX-Projects\drink_pos\data\drink_pos_dev.db;data;transactions;326;"{""details"": ""Synchronisiert · Seite: Kasse · Client-Zeit: 2026-05-05T15:07:43.412Z · letzter Sync Client: 2026-05-05T15:07:43.409Z · Automatisch nach Serveränderung synchronisiert."", ""id"": 326, ""person_id"": null, ""timestamp"": ""2026-05-05 17:07:43"", ""total"": 0.0, ""type"": ""SYNC_COMPLETED""}"
2026-05-08_224617;C:\Users\Dani\Documents\CODEX-Projects\drink_pos\data\drink_pos_dev.db;data;transactions;327;"{""details"": ""Synchronisiert · Seite: Organisation · Client-Zeit: 2026-05-05T15:07:58.753Z · letzter Sync Client: 2026-05-05T15:07:58.740Z · Automatisch nach Serveränderung synchronisiert."", ""id"": 327, ""person_id"": null, ""timestamp"": ""2026-05-05 17:07:58"", ""total"": 0.0, ""type"": ""SYNC_COMPLETED""}"
2026-05-08_224617;C:\Users\Dani\Documents\CODEX-Projects\drink_pos\data\drink_pos_dev.db;data;transactions;328;"{""details"": ""Synchronisiert · Seite: Kasse · Client-Zeit: 2026-05-05T15:08:13.411Z · letzter Sync Client: 2026-05-05T15:08:13.408Z · Automatisch nach Serveränderung synchronisiert."", ""id"": 328, ""person_id"": null, ""timestamp"": ""2026-05-05 17:08:13"", ""total"": 0.0, ""type"": ""SYNC_COMPLETED""}"
2026-05-08_224617;C:\Users\Dani\Documents\CODEX-Projects\drink_pos\data\drink_pos_dev.db;data;transactions;329;"{""details"": ""Synchronisiert · Seite: Organisation · Client-Zeit: 2026-05-05T15:08:20.532Z · letzter Sync Client: 2026-05-05T15:08:20.521Z · Automatisch nach Serveränderung synchronisiert."", ""id"": 329, ""person_id"": null, ""timestamp"": ""2026-05-05 17:08:20"", ""total"": 0.0, ""type"": ""SYNC_COMPLETED""}"
2026-05-08_224617;C:\Users\Dani\Documents\CODEX-Projects\drink_pos\data\drink_pos_dev.db;data;transactions;330;"{""details"": ""Bestätigt: -1x Bier gross"", ""id"": 330, ""person_id"": 32, ""timestamp"": ""2026-05-05 17:08:38"", ""total"": 0.0, ""type"": ""CHANGE_APPROVED""}"
2026-05-08_224617;C:\Users\Dani\Documents\CODEX-Projects\drink_pos\data\drink_pos_dev.db;data;transactions;331;"{""details"": ""Bestätigt: -1x Bier klein"", ""id"": 331, ""person_id"": 32, ""timestamp"": ""2026-05-05 17:08:38"", ""total"": 0.0, ""type"": ""CHANGE_APPROVED""}"
2026-05-08_224617;C:\Users\Dani\Documents\CODEX-Projects\drink_pos\data\drink_pos_dev.db;data;transactions;332;"{""details"": ""Bar bezahlt von Lampert Rosalie: 58x Bier gross à € 2,50 (2026-05-05), 12x Bier klein à € 1,80 (2026-05-05), 1x Limo à € 1,00 (2026-05-05), 34x Limo à € 1,00 (2026-05-05)"", ""id"": 332, ""person_id"": 32, ""timestamp"": ""2026-05-05 17:08:40"", ""total"": 201.6, ""type"": ""PAID_CASH""}"
2026-05-08_224617;C:\Users\Dani\Documents\CODEX-Projects\drink_pos\data\drink_pos_dev.db;data;transactions;333;"{""details"": ""Synchronisiert · Seite: Kasse · Client-Zeit: 2026-05-05T15:08:43.416Z · letzter Sync Client: 2026-05-05T15:08:43.413Z · Automatisch nach Serveränderung synchronisiert."", ""id"": 333, ""person_id"": null, ""timestamp"": ""2026-05-05 17:08:43"", ""total"": 0.0, ""type"": ""SYNC_COMPLETED""}"
2026-05-08_224617;C:\Users\Dani\Documents\CODEX-Projects\drink_pos\data\drink_pos_dev.db;data;transactions;334;"{""details"": ""Rundenanfrage bestätigt: +1x 1 Runde für Märk Carmen"", ""id"": 334, ""person_id"": 36, ""timestamp"": ""2026-05-05 17:08:44"", ""total"": 40.0, ""type"": ""ROUND_REQUEST_APPROVED""}"
2026-05-08_224617;C:\Users\Dani\Documents\CODEX-Projects\drink_pos\data\drink_pos_dev.db;data;transactions;335;"{""details"": ""Rundenanfrage bestätigt: +1x 1 Runde für Märk Carmen"", ""id"": 335, ""person_id"": 36, ""timestamp"": ""2026-05-05 17:08:45"", ""total"": 40.0, ""type"": ""ROUND_REQUEST_APPROVED""}"
2026-05-08_224617;C:\Users\Dani\Documents\CODEX-Projects\drink_pos\data\drink_pos_dev.db;data;transactions;336;"{""details"": ""Rundenanfrage bestätigt: +1x 1 Runde für Märk Carmen"", ""id"": 336, ""person_id"": 36, ""timestamp"": ""2026-05-05 17:08:45"", ""total"": 40.0, ""type"": ""ROUND_REQUEST_APPROVED""}"
2026-05-08_224617;C:\Users\Dani\Documents\CODEX-Projects\drink_pos\data\drink_pos_dev.db;data;transactions;337;"{""details"": ""Bar bezahlt von Märk Carmen: 4x Bier gross à € 2,50 (2026-05-05), 3x 1 Runde à € 40,00 (2026-05-05)"", ""id"": 337, ""person_id"": 36, ""timestamp"": ""2026-05-05 17:08:47"", ""total"": 130.0, ""type"": ""PAID_CASH""}"
2026-05-08_224617;C:\Users\Dani\Documents\CODEX-Projects\drink_pos\data\drink_pos_dev.db;data;transactions;338;"{""details"": ""Admin: -1x Bier klein à € 1,80"", ""id"": 338, ""person_id"": 34, ""timestamp"": ""2026-05-05 17:08:49"", ""total"": -1.8, ""type"": ""ADMIN_ADJUSTMENT""}"
2026-05-08_224617;C:\Users\Dani\Documents\CODEX-Projects\drink_pos\data\drink_pos_dev.db;data;transactions;339;"{""details"": ""Admin: -1x Bier klein à € 1,80"", ""id"": 339, ""person_id"": 34, ""timestamp"": ""2026-05-05 17:08:50"", ""total"": -1.8, ""type"": ""ADMIN_ADJUSTMENT""}"
2026-05-08_224617;C:\Users\Dani\Documents\CODEX-Projects\drink_pos\data\drink_pos_dev.db;data;transactions;340;"{""details"": ""Bar bezahlt von Loacker Johannes: 1x Bier klein à € 1,80 (2026-05-05), 4x Limo à € 1,00 (2026-05-05)"", ""id"": 340, ""person_id"": 34, ""timestamp"": ""2026-05-05 17:08:52"", ""total"": 5.8, ""type"": ""PAID_CASH""}"
2026-05-08_224617;C:\Users\Dani\Documents\CODEX-Projects\drink_pos\data\drink_pos_dev.db;data;transactions;341;"{""details"": ""Synchronisiert · Seite: Kasse · Client-Zeit: 2026-05-05T15:08:55.698Z · letzter Sync Client: 2026-05-05T15:08:55.695Z · Automatisch nach Serveränderung synchronisiert."", ""id"": 341, ""person_id"": null, ""timestamp"": ""2026-05-05 17:08:55"", ""total"": 0.0, ""type"": ""SYNC_COMPLETED""}"
2026-05-08_224617;C:\Users\Dani\Documents\CODEX-Projects\drink_pos\data\drink_pos_dev.db;data;transactions;342;"{""details"": ""Runde angefragt: +1x 1 Runde"", ""id"": 342, ""person_id"": 35, ""timestamp"": ""2026-05-05 17:08:59"", ""total"": 0.0, ""type"": ""ROUND_REQUEST""}"
2026-05-08_224617;C:\Users\Dani\Documents\CODEX-Projects\drink_pos\data\drink_pos_dev.db;data;transactions;343;"{""details"": ""Löschanfrage: -1x Bier gross"", ""id"": 343, ""person_id"": 35, ""timestamp"": ""2026-05-05 17:09:02"", ""total"": 0.0, ""type"": ""CHANGE_REQUEST""}"
2026-05-08_224617;C:\Users\Dani\Documents\CODEX-Projects\drink_pos\data\drink_pos_dev.db;data;transactions;344;"{""details"": ""Synchronisiert · Seite: Kasse · Client-Zeit: 2026-05-05T15:09:13.412Z · letzter Sync Client: 2026-05-05T15:09:13.409Z · Automatisch nach Serveränderung synchronisiert."", ""id"": 344, ""person_id"": null, ""timestamp"": ""2026-05-05 17:09:13"", ""total"": 0.0, ""type"": ""SYNC_COMPLETED""}"
2026-05-08_224617;C:\Users\Dani\Documents\CODEX-Projects\drink_pos\data\drink_pos_dev.db;data;transactions;345;"{""details"": ""Bestätigt: -1x Bier gross"", ""id"": 345, ""person_id"": 35, ""timestamp"": ""2026-05-05 17:09:16"", ""total"": 0.0, ""type"": ""CHANGE_APPROVED""}"
2026-05-08_224617;C:\Users\Dani\Documents\CODEX-Projects\drink_pos\data\drink_pos_dev.db;data;transactions;346;"{""details"": ""Rundenanfrage bestätigt: +1x 1 Runde für Loacker Nikolas"", ""id"": 346, ""person_id"": 35, ""timestamp"": ""2026-05-05 17:09:17"", ""total"": 40.0, ""type"": ""ROUND_REQUEST_APPROVED""}"
2026-05-08_224617;C:\Users\Dani\Documents\CODEX-Projects\drink_pos\data\drink_pos_dev.db;data;transactions;347;"{""details"": ""Bar bezahlt von Loacker Nikolas: 1x Bier gross à € 2,50 (2026-05-05), 2x Bier gross à € 2,50 (2026-05-05), 1x 1 Runde à € 40,00 (2026-05-05)"", ""id"": 347, ""person_id"": 35, ""timestamp"": ""2026-05-05 17:09:22"", ""total"": 47.5, ""type"": ""PAID_CASH""}"
2026-05-08_224617;C:\Users\Dani\Documents\CODEX-Projects\drink_pos\data\drink_pos_dev.db;data;transactions;348;"{""details"": ""Synchronisiert · Seite: Kasse · Client-Zeit: 2026-05-05T15:09:25.707Z · letzter Sync Client: 2026-05-05T15:09:25.703Z · Automatisch nach Serveränderung synchronisiert."", ""id"": 348, ""person_id"": null, ""timestamp"": ""2026-05-05 17:09:25"", ""total"": 0.0, ""type"": ""SYNC_COMPLETED""}"
2026-05-08_224617;C:\Users\Dani\Documents\CODEX-Projects\drink_pos\data\drink_pos_dev.db;data;transactions;349;"{""details"": ""Kassensturz: 63 Striche auf offene Rechnungen übertragen; Summe € 121,50"", ""id"": 349, ""person_id"": null, ""timestamp"": ""2026-05-05 17:09:28"", ""total"": 121.5, ""type"": ""CASHUP""}"
2026-05-08_224617;C:\Users\Dani\Documents\CODEX-Projects\drink_pos\data\drink_pos_dev.db;data;transactions;350;"{""details"": ""Synchronisiert · Seite: Kasse · Client-Zeit: 2026-05-05T15:09:43.405Z · letzter Sync Client: 2026-05-05T15:09:43.401Z · Automatisch nach Serveränderung synchronisiert."", ""id"": 350, ""person_id"": null, ""timestamp"": ""2026-05-05 17:09:43"", ""total"": 0.0, ""type"": ""SYNC_COMPLETED""}"
2026-05-08_224617;C:\Users\Dani\Documents\CODEX-Projects\drink_pos\data\drink_pos_dev.db;data;transactions;351;"{""details"": ""App-Name geändert: Getränkeliste"", ""id"": 351, ""person_id"": null, ""timestamp"": ""2026-05-05 17:09:56"", ""total"": 0.0, ""type"": ""SETTINGS_UPDATED""}"
2026-05-08_224617;C:\Users\Dani\Documents\CODEX-Projects\drink_pos\data\drink_pos_dev.db;data;transactions;352;"{""details"": ""Synchronisiert · Seite: Organisation · Client-Zeit: 2026-05-05T15:10:01.108Z · letzter Sync Client: 2026-05-05T15:10:01.097Z · Automatisch nach Serveränderung synchronisiert."", ""id"": 352, ""person_id"": null, ""timestamp"": ""2026-05-05 17:10:01"", ""total"": 0.0, ""type"": ""SYNC_COMPLETED""}"
2026-05-08_224617;C:\Users\Dani\Documents\CODEX-Projects\drink_pos\data\drink_pos_dev.db;data;transactions;353;"{""details"": ""Synchronisiert · Seite: Kasse · Client-Zeit: 2026-05-05T15:10:13.411Z · letzter Sync Client: 2026-05-05T15:10:13.407Z · Automatisch nach Serveränderung synchronisiert."", ""id"": 353, ""person_id"": null, ""timestamp"": ""2026-05-05 17:10:13"", ""total"": 0.0, ""type"": ""SYNC_COMPLETED""}"
2026-05-08_224617;C:\Users\Dani\Documents\CODEX-Projects\drink_pos\data\drink_pos_dev.db;data;transactions;354;"{""details"": ""Synchronisiert · Seite: Organisation · Client-Zeit: 2026-05-05T15:10:31.344Z · letzter Sync Client: 2026-05-05T15:10:31.332Z · Automatisch nach Serveränderung synchronisiert."", ""id"": 354, ""person_id"": null, ""timestamp"": ""2026-05-05 17:10:31"", ""total"": 0.0, ""type"": ""SYNC_COMPLETED""}"
2026-05-08_224617;C:\Users\Dani\Documents\CODEX-Projects\drink_pos\data\drink_pos_dev.db;data;transactions;355;"{""details"": ""Synchronisiert · Seite: Kasse · Client-Zeit: 2026-05-05T15:10:43.415Z · letzter Sync Client: 2026-05-05T15:10:43.411Z · Automatisch nach Serveränderung synchronisiert."", ""id"": 355, ""person_id"": null, ""timestamp"": ""2026-05-05 17:10:43"", ""total"": 0.0, ""type"": ""SYNC_COMPLETED""}"
2026-05-08_224617;C:\Users\Dani\Documents\CODEX-Projects\drink_pos\data\drink_pos_dev.db;data;transactions;356;"{""details"": ""Synchronisiert · Seite: Organisation · Client-Zeit: 2026-05-05T15:11:04.970Z · letzter Sync Client: 2026-05-05T15:11:04.958Z · Automatisch nach Serveränderung synchronisiert."", ""id"": 356, ""person_id"": null, ""timestamp"": ""2026-05-05 17:11:04"", ""total"": 0.0, ""type"": ""SYNC_COMPLETED""}"
2026-05-08_224617;C:\Users\Dani\Documents\CODEX-Projects\drink_pos\data\drink_pos_dev.db;data;transactions;357;"{""details"": ""Synchronisiert · Seite: Kasse · Client-Zeit: 2026-05-05T15:11:13.409Z · letzter Sync Client: 2026-05-05T15:11:13.406Z · Automatisch nach Serveränderung synchronisiert."", ""id"": 357, ""person_id"": null, ""timestamp"": ""2026-05-05 17:11:13"", ""total"": 0.0, ""type"": ""SYNC_COMPLETED""}"
2026-05-08_224617;C:\Users\Dani\Documents\CODEX-Projects\drink_pos\data\drink_pos_dev.db;data;transactions;358;"{""details"": ""+1x Bier klein à € 1,80"", ""id"": 358, ""person_id"": 1, ""timestamp"": ""2026-05-05 19:19:35"", ""total"": 1.8, ""type"": ""CONSUME""}"
2026-05-08_224617;C:\Users\Dani\Documents\CODEX-Projects\drink_pos\data\drink_pos_dev.db;data;transactions;359;"{""details"": ""Synchronisiert · Seite: Kasse · Client-Zeit: 2026-05-05T17:19:43.398Z · letzter Sync Client: 2026-05-05T17:19:43.395Z · Automatisch nach Serveränderung synchronisiert."", ""id"": 359, ""person_id"": null, ""timestamp"": ""2026-05-05 19:19:43"", ""total"": 0.0, ""type"": ""SYNC_COMPLETED""}"
2026-05-08_224617;C:\Users\Dani\Documents\CODEX-Projects\drink_pos\data\drink_pos_dev.db;data;transactions;360;"{""details"": ""Synchronisiert · Seite: Kasse · Client-Zeit: 2026-05-05T17:19:53.330Z · letzter Sync Client: 2026-05-05T17:19:53.327Z · Automatisch nach Serveränderung synchronisiert."", ""id"": 360, ""person_id"": null, ""timestamp"": ""2026-05-05 19:19:53"", ""total"": 0.0, ""type"": ""SYNC_COMPLETED""}"
2026-05-08_224617;C:\Users\Dani\Documents\CODEX-Projects\drink_pos\data\drink_pos_dev.db;data;transactions;361;"{""details"": ""Synchronisiert · Seite: Kasse · Client-Zeit: 2026-05-05T17:20:13.417Z · letzter Sync Client: 2026-05-05T17:20:13.414Z · Automatisch nach Serveränderung synchronisiert."", ""id"": 361, ""person_id"": null, ""timestamp"": ""2026-05-05 19:20:13"", ""total"": 0.0, ""type"": ""SYNC_COMPLETED""}"
2026-05-08_224617;C:\Users\Dani\Documents\CODEX-Projects\drink_pos\data\drink_pos_dev.db;data;transactions;362;"{""details"": ""Synchronisiert · Seite: Kasse · Client-Zeit: 2026-05-05T17:20:26.254Z · letzter Sync Client: 2026-05-05T17:20:26.251Z · Automatisch nach Serveränderung synchronisiert."", ""id"": 362, ""person_id"": null, ""timestamp"": ""2026-05-05 19:20:26"", ""total"": 0.0, ""type"": ""SYNC_COMPLETED""}"
2026-05-08_224617;C:\Users\Dani\Documents\CODEX-Projects\drink_pos\data\drink_pos_dev.db;data;transactions;363;"{""details"": ""Synchronisiert · Seite: Kasse · Client-Zeit: 2026-05-05T17:20:36.963Z · letzter Sync Client: 2026-05-05T17:20:36.960Z · Automatisch nach Serveränderung synchronisiert."", ""id"": 363, ""person_id"": null, ""timestamp"": ""2026-05-05 19:20:36"", ""total"": 0.0, ""type"": ""SYNC_COMPLETED""}"
2026-05-08_224617;C:\Users\Dani\Documents\CODEX-Projects\drink_pos\data\drink_pos_dev.db;data;transactions;364;"{""details"": ""Synchronisiert · Seite: Kasse · Client-Zeit: 2026-05-05T17:20:49.273Z · letzter Sync Client: 2026-05-05T17:20:49.271Z · Automatisch nach Serveränderung synchronisiert."", ""id"": 364, ""person_id"": null, ""timestamp"": ""2026-05-05 19:20:49"", ""total"": 0.0, ""type"": ""SYNC_COMPLETED""}"
2026-05-08_224617;C:\Users\Dani\Documents\CODEX-Projects\drink_pos\data\drink_pos_dev.db;data;transactions;365;"{""details"": ""+1x Bier gross à € 2,50"", ""id"": 365, ""person_id"": 2, ""timestamp"": ""2026-05-05 19:20:55"", ""total"": 2.5, ""type"": ""CONSUME""}"
2026-05-08_224617;C:\Users\Dani\Documents\CODEX-Projects\drink_pos\data\drink_pos_dev.db;data;transactions;366;"{""details"": ""+1x Bier gross à € 2,50"", ""id"": 366, ""person_id"": 2, ""timestamp"": ""2026-05-05 19:20:56"", ""total"": 2.5, ""type"": ""CONSUME""}"
2026-05-08_224617;C:\Users\Dani\Documents\CODEX-Projects\drink_pos\data\drink_pos_dev.db;data;transactions;367;"{""details"": ""+1x Bier gross à € 2,50"", ""id"": 367, ""person_id"": 2, ""timestamp"": ""2026-05-05 19:20:56"", ""total"": 2.5, ""type"": ""CONSUME""}"
2026-05-08_224617;C:\Users\Dani\Documents\CODEX-Projects\drink_pos\data\drink_pos_dev.db;data;transactions;368;"{""details"": ""+1x Bier gross à € 2,50"", ""id"": 368, ""person_id"": 2, ""timestamp"": ""2026-05-05 19:20:57"", ""total"": 2.5, ""type"": ""CONSUME""}"
2026-05-08_224617;C:\Users\Dani\Documents\CODEX-Projects\drink_pos\data\drink_pos_dev.db;data;transactions;369;"{""details"": ""+1x Bier gross à € 2,50"", ""id"": 369, ""person_id"": 2, ""timestamp"": ""2026-05-05 19:20:57"", ""total"": 2.5, ""type"": ""CONSUME""}"
2026-05-08_224617;C:\Users\Dani\Documents\CODEX-Projects\drink_pos\data\drink_pos_dev.db;data;transactions;370;"{""details"": ""+1x Bier gross à € 2,50"", ""id"": 370, ""person_id"": 2, ""timestamp"": ""2026-05-05 19:20:57"", ""total"": 2.5, ""type"": ""CONSUME""}"
2026-05-08_224617;C:\Users\Dani\Documents\CODEX-Projects\drink_pos\data\drink_pos_dev.db;data;transactions;371;"{""details"": ""+1x Bier gross à € 2,50"", ""id"": 371, ""person_id"": 2, ""timestamp"": ""2026-05-05 19:20:57"", ""total"": 2.5, ""type"": ""CONSUME""}"
2026-05-08_224617;C:\Users\Dani\Documents\CODEX-Projects\drink_pos\data\drink_pos_dev.db;data;transactions;372;"{""details"": ""+1x Bier gross à € 2,50"", ""id"": 372, ""person_id"": 2, ""timestamp"": ""2026-05-05 19:20:57"", ""total"": 2.5, ""type"": ""CONSUME""}"
2026-05-08_224617;C:\Users\Dani\Documents\CODEX-Projects\drink_pos\data\drink_pos_dev.db;data;transactions;373;"{""details"": ""+1x Bier gross à € 2,50"", ""id"": 373, ""person_id"": 2, ""timestamp"": ""2026-05-05 19:20:57"", ""total"": 2.5, ""type"": ""CONSUME""}"
2026-05-08_224617;C:\Users\Dani\Documents\CODEX-Projects\drink_pos\data\drink_pos_dev.db;data;transactions;374;"{""details"": ""+1x Bier gross à € 2,50"", ""id"": 374, ""person_id"": 2, ""timestamp"": ""2026-05-05 19:20:58"", ""total"": 2.5, ""type"": ""CONSUME""}"
2026-05-08_224617;C:\Users\Dani\Documents\CODEX-Projects\drink_pos\data\drink_pos_dev.db;data;transactions;375;"{""details"": ""+1x Bier gross à € 2,50"", ""id"": 375, ""person_id"": 2, ""timestamp"": ""2026-05-05 19:20:58"", ""total"": 2.5, ""type"": ""CONSUME""}"
2026-05-08_224617;C:\Users\Dani\Documents\CODEX-Projects\drink_pos\data\drink_pos_dev.db;data;transactions;376;"{""details"": ""+1x Bier gross à € 2,50"", ""id"": 376, ""person_id"": 2, ""timestamp"": ""2026-05-05 19:20:58"", ""total"": 2.5, ""type"": ""CONSUME""}"
2026-05-08_224617;C:\Users\Dani\Documents\CODEX-Projects\drink_pos\data\drink_pos_dev.db;data;transactions;377;"{""details"": ""+1x Bier gross à € 2,50"", ""id"": 377, ""person_id"": 2, ""timestamp"": ""2026-05-05 19:20:58"", ""total"": 2.5, ""type"": ""CONSUME""}"
2026-05-08_224617;C:\Users\Dani\Documents\CODEX-Projects\drink_pos\data\drink_pos_dev.db;data;transactions;378;"{""details"": ""+1x Bier gross à € 2,50"", ""id"": 378, ""person_id"": 2, ""timestamp"": ""2026-05-05 19:20:58"", ""total"": 2.5, ""type"": ""CONSUME""}"
2026-05-08_224617;C:\Users\Dani\Documents\CODEX-Projects\drink_pos\data\drink_pos_dev.db;data;transactions;379;"{""details"": ""+1x Bier klein à € 1,80"", ""id"": 379, ""person_id"": 2, ""timestamp"": ""2026-05-05 19:20:59"", ""total"": 1.8, ""type"": ""CONSUME""}"
2026-05-08_224617;C:\Users\Dani\Documents\CODEX-Projects\drink_pos\data\drink_pos_dev.db;data;transactions;380;"{""details"": ""+1x Bier klein à € 1,80"", ""id"": 380, ""person_id"": 2, ""timestamp"": ""2026-05-05 19:20:59"", ""total"": 1.8, ""type"": ""CONSUME""}"
2026-05-08_224617;C:\Users\Dani\Documents\CODEX-Projects\drink_pos\data\drink_pos_dev.db;data;transactions;381;"{""details"": ""+1x Bier klein à € 1,80"", ""id"": 381, ""person_id"": 2, ""timestamp"": ""2026-05-05 19:20:59"", ""total"": 1.8, ""type"": ""CONSUME""}"
2026-05-08_224617;C:\Users\Dani\Documents\CODEX-Projects\drink_pos\data\drink_pos_dev.db;data;transactions;382;"{""details"": ""+1x Limo à € 1,00"", ""id"": 382, ""person_id"": 2, ""timestamp"": ""2026-05-05 19:21:00"", ""total"": 1.0, ""type"": ""CONSUME""}"
2026-05-08_224617;C:\Users\Dani\Documents\CODEX-Projects\drink_pos\data\drink_pos_dev.db;data;transactions;383;"{""details"": ""+1x Limo à € 1,00"", ""id"": 383, ""person_id"": 2, ""timestamp"": ""2026-05-05 19:21:00"", ""total"": 1.0, ""type"": ""CONSUME""}"
2026-05-08_224617;C:\Users\Dani\Documents\CODEX-Projects\drink_pos\data\drink_pos_dev.db;data;transactions;384;"{""details"": ""+1x Limo à € 1,00"", ""id"": 384, ""person_id"": 2, ""timestamp"": ""2026-05-05 19:21:00"", ""total"": 1.0, ""type"": ""CONSUME""}"
2026-05-08_224617;C:\Users\Dani\Documents\CODEX-Projects\drink_pos\data\drink_pos_dev.db;data;transactions;385;"{""details"": ""Synchronisiert · Seite: Kasse · Client-Zeit: 2026-05-05T17:21:13.446Z · letzter Sync Client: 2026-05-05T17:21:13.444Z · Automatisch nach Serveränderung synchronisiert."", ""id"": 385, ""person_id"": null, ""timestamp"": ""2026-05-05 19:21:13"", ""total"": 0.0, ""type"": ""SYNC_COMPLETED""}"
2026-05-08_224617;C:\Users\Dani\Documents\CODEX-Projects\drink_pos\data\drink_pos_dev.db;data;transactions;386;"{""details"": ""Ender Carola: +2x Bier gross | Ender Carola: +1x Bier klein | Ender Carola: +3x Limo | Öhlinger Johanna: +1x Bier gross | Öhlinger Johanna: +1x Bier klein | Öhlinger Johanna: +1x Limo | Ellensohn Dominik: +3x Bier gross | Ellensohn Dominik: +1x Bier klein | Ellensohn Dominik: +1x Limo | Koller Sarah: +3x Bier gross | Koller Sarah: +1x Bier klein | Koller Sarah: +2x Limo | Fend Nevio: +3x Bier gross | Fend Nevio: +2x Bier klein | Fend Nevio: +2x Limo | Egle Helmut: +2x Bier gross | Egle Helmut: +3x Bier klein | Egle Helmut: +1x Limo | Jäger Nathalie: +2x Bier gross | Jäger Nathalie: +2x Bier klein | Schedler Simon: +3x Bier klein | Schedler Simon: +3x Limo | Ratz David: +2x Bier gross | Ratz David: +3x Bier klein | Ratz David: +2x Limo | Wehinger Fabian: +1x Bier gross | Wehinger Fabian: +2x Bier klein | Wehinger Fabian: +1x Limo | Klien Milena: +2x Bier klein | Fitz Jakob: +3x Bier gross | Fitz Jakob: +3x Limo"", ""id"": 386, ""person_id"": null, ""timestamp"": ""2026-05-05 19:21:30"", ""total"": 0.0, ""type"": ""DEBUG_TEST_DATA""}"
2026-05-08_224617;C:\Users\Dani\Documents\CODEX-Projects\drink_pos\data\drink_pos_dev.db;data;transactions;387;"{""details"": ""Kassensturz: 83 Striche auf offene Rechnungen übertragen; Summe € 157,00"", ""id"": 387, ""person_id"": null, ""timestamp"": ""2026-05-05 19:21:37"", ""total"": 157.0, ""type"": ""CASHUP""}"
2026-05-08_224617;C:\Users\Dani\Documents\CODEX-Projects\drink_pos\data\drink_pos_dev.db;data;transactions;388;"{""details"": ""Synchronisiert · Seite: Kasse · Client-Zeit: 2026-05-05T17:22:01.458Z · letzter Sync Client: 2026-05-05T17:22:01.456Z · Automatisch nach Serveränderung synchronisiert."", ""id"": 388, ""person_id"": null, ""timestamp"": ""2026-05-05 19:22:01"", ""total"": 0.0, ""type"": ""SYNC_COMPLETED""}"
2026-05-08_224617;C:\Users\Dani\Documents\CODEX-Projects\drink_pos\data\drink_pos_dev.db;data;transactions;389;"{""details"": ""Synchronisiert · Seite: Organisation · Client-Zeit: 2026-05-05T17:22:12.237Z · letzter Sync Client: 2026-05-05T17:22:12.224Z · Automatisch nach Serveränderung synchronisiert."", ""id"": 389, ""person_id"": null, ""timestamp"": ""2026-05-05 19:22:12"", ""total"": 0.0, ""type"": ""SYNC_COMPLETED""}"
2026-05-08_224617;C:\Users\Dani\Documents\CODEX-Projects\drink_pos\data\drink_pos_dev.db;data;transactions;390;"{""details"": ""Synchronisiert · Seite: Kasse · Client-Zeit: 2026-05-05T17:23:01.462Z · letzter Sync Client: 2026-05-05T17:23:01.460Z · Automatisch nach Serveränderung synchronisiert."", ""id"": 390, ""person_id"": null, ""timestamp"": ""2026-05-05 19:23:01"", ""total"": 0.0, ""type"": ""SYNC_COMPLETED""}"
2026-05-08_224617;C:\Users\Dani\Documents\CODEX-Projects\drink_pos\data\drink_pos_dev.db;data;transactions;391;"{""details"": ""Synchronisiert · Seite: Organisation · Client-Zeit: 2026-05-05T17:23:19.567Z · letzter Sync Client: 2026-05-05T17:23:19.554Z · Automatisch nach Serveränderung synchronisiert."", ""id"": 391, ""person_id"": null, ""timestamp"": ""2026-05-05 19:23:19"", ""total"": 0.0, ""type"": ""SYNC_COMPLETED""}"
2026-05-08_224617;C:\Users\Dani\Documents\CODEX-Projects\drink_pos\data\drink_pos_dev.db;data;transactions;392;"{""details"": ""Synchronisiert · Seite: Kasse · Client-Zeit: 2026-05-05T17:24:01.459Z · letzter Sync Client: 2026-05-05T17:24:01.457Z · Automatisch nach Serveränderung synchronisiert."", ""id"": 392, ""person_id"": null, ""timestamp"": ""2026-05-05 19:24:01"", ""total"": 0.0, ""type"": ""SYNC_COMPLETED""}"
2026-05-08_224617;C:\Users\Dani\Documents\CODEX-Projects\drink_pos\data\drink_pos_dev.db;data;transactions;393;"{""details"": ""Synchronisiert · Seite: Organisation · Client-Zeit: 2026-05-05T17:24:26.887Z · letzter Sync Client: 2026-05-05T17:24:26.874Z · Automatisch nach Serveränderung synchronisiert."", ""id"": 393, ""person_id"": null, ""timestamp"": ""2026-05-05 19:24:26"", ""total"": 0.0, ""type"": ""SYNC_COMPLETED""}"
2026-05-08_224617;C:\Users\Dani\Documents\CODEX-Projects\drink_pos\data\drink_pos_dev.db;data;transactions;394;"{""details"": ""Synchronisiert · Seite: Kasse · Client-Zeit: 2026-05-05T17:25:01.465Z · letzter Sync Client: 2026-05-05T17:25:01.462Z · Automatisch nach Serveränderung synchronisiert."", ""id"": 394, ""person_id"": null, ""timestamp"": ""2026-05-05 19:25:01"", ""total"": 0.0, ""type"": ""SYNC_COMPLETED""}"
2026-05-08_224617;C:\Users\Dani\Documents\CODEX-Projects\drink_pos\data\drink_pos_dev.db;data;transactions;395;"{""details"": ""Synchronisiert · Seite: Organisation · Client-Zeit: 2026-05-05T17:25:34.211Z · letzter Sync Client: 2026-05-05T17:25:34.198Z · Automatisch nach Serveränderung synchronisiert."", ""id"": 395, ""person_id"": null, ""timestamp"": ""2026-05-05 19:25:34"", ""total"": 0.0, ""type"": ""SYNC_COMPLETED""}"
2026-05-08_224617;C:\Users\Dani\Documents\CODEX-Projects\drink_pos\data\drink_pos_dev.db;data;transactions;396;"{""details"": ""Synchronisiert · Seite: Kasse · Client-Zeit: 2026-05-05T17:26:01.466Z · letzter Sync Client: 2026-05-05T17:26:01.463Z · Automatisch nach Serveränderung synchronisiert."", ""id"": 396, ""person_id"": null, ""timestamp"": ""2026-05-05 19:26:01"", ""total"": 0.0, ""type"": ""SYNC_COMPLETED""}"
2026-05-08_224617;C:\Users\Dani\Documents\CODEX-Projects\drink_pos\data\drink_pos_dev.db;data;transactions;397;"{""details"": ""Synchronisiert · Seite: Organisation · Client-Zeit: 2026-05-05T17:26:07.817Z · letzter Sync Client: 2026-05-05T17:26:07.804Z · Automatisch nach Serveränderung synchronisiert."", ""id"": 397, ""person_id"": null, ""timestamp"": ""2026-05-05 19:26:07"", ""total"": 0.0, ""type"": ""SYNC_COMPLETED""}"
2026-05-08_224617;C:\Users\Dani\Documents\CODEX-Projects\drink_pos\data\drink_pos_dev.db;data;transactions;398;"{""details"": ""Synchronisiert · Seite: Kasse · Client-Zeit: 2026-05-05T17:27:01.462Z · letzter Sync Client: 2026-05-05T17:27:01.458Z · Automatisch nach Serveränderung synchronisiert."", ""id"": 398, ""person_id"": null, ""timestamp"": ""2026-05-05 19:27:01"", ""total"": 0.0, ""type"": ""SYNC_COMPLETED""}"
2026-05-08_224617;C:\Users\Dani\Documents\CODEX-Projects\drink_pos\data\drink_pos_dev.db;data;transactions;399;"{""details"": ""Synchronisiert · Seite: Organisation · Client-Zeit: 2026-05-05T17:27:15.137Z · letzter Sync Client: 2026-05-05T17:27:15.123Z · Automatisch nach Serveränderung synchronisiert."", ""id"": 399, ""person_id"": null, ""timestamp"": ""2026-05-05 19:27:15"", ""total"": 0.0, ""type"": ""SYNC_COMPLETED""}"
2026-05-08_224617;C:\Users\Dani\Documents\CODEX-Projects\drink_pos\data\drink_pos_dev.db;data;transactions;400;"{""details"": ""Synchronisiert · Seite: Kasse · Client-Zeit: 2026-05-05T17:28:01.462Z · letzter Sync Client: 2026-05-05T17:28:01.459Z · Automatisch nach Serveränderung synchronisiert."", ""id"": 400, ""person_id"": null, ""timestamp"": ""2026-05-05 19:28:01"", ""total"": 0.0, ""type"": ""SYNC_COMPLETED""}"
2026-05-08_224617;C:\Users\Dani\Documents\CODEX-Projects\drink_pos\data\drink_pos_dev.db;data;transactions;401;"{""details"": ""Synchronisiert · Seite: Organisation · Client-Zeit: 2026-05-05T17:28:22.465Z · letzter Sync Client: 2026-05-05T17:28:22.453Z · Automatisch nach Serveränderung synchronisiert."", ""id"": 401, ""person_id"": null, ""timestamp"": ""2026-05-05 19:28:22"", ""total"": 0.0, ""type"": ""SYNC_COMPLETED""}"
2026-05-08_224617;C:\Users\Dani\Documents\CODEX-Projects\drink_pos\data\drink_pos_dev.db;data;transactions;402;"{""details"": ""Synchronisiert · Seite: Kasse · Client-Zeit: 2026-05-05T17:29:01.451Z · letzter Sync Client: 2026-05-05T17:29:01.449Z · Automatisch nach Serveränderung synchronisiert."", ""id"": 402, ""person_id"": null, ""timestamp"": ""2026-05-05 19:29:01"", ""total"": 0.0, ""type"": ""SYNC_COMPLETED""}"
2026-05-08_224617;C:\Users\Dani\Documents\CODEX-Projects\drink_pos\data\drink_pos_dev.db;data;transactions;403;"{""details"": ""Synchronisiert · Seite: Organisation · Client-Zeit: 2026-05-05T17:29:29.784Z · letzter Sync Client: 2026-05-05T17:29:29.771Z · Automatisch nach Serveränderung synchronisiert."", ""id"": 403, ""person_id"": null, ""timestamp"": ""2026-05-05 19:29:29"", ""total"": 0.0, ""type"": ""SYNC_COMPLETED""}"
2026-05-08_224617;C:\Users\Dani\Documents\CODEX-Projects\drink_pos\data\drink_pos_dev.db;data;transactions;404;"{""details"": ""Synchronisiert · Seite: Kasse · Client-Zeit: 2026-05-05T17:30:01.454Z · letzter Sync Client: 2026-05-05T17:30:01.452Z · Automatisch nach Serveränderung synchronisiert."", ""id"": 404, ""person_id"": null, ""timestamp"": ""2026-05-05 19:30:01"", ""total"": 0.0, ""type"": ""SYNC_COMPLETED""}"
2026-05-08_224617;C:\Users\Dani\Documents\CODEX-Projects\drink_pos\data\drink_pos_dev.db;data;transactions;405;"{""details"": ""Synchronisiert · Seite: Organisation · Client-Zeit: 2026-05-05T17:30:03.435Z · letzter Sync Client: 2026-05-05T17:30:03.422Z · Automatisch nach Serveränderung synchronisiert."", ""id"": 405, ""person_id"": null, ""timestamp"": ""2026-05-05 19:30:03"", ""total"": 0.0, ""type"": ""SYNC_COMPLETED""}"
2026-05-08_224617;C:\Users\Dani\Documents\CODEX-Projects\drink_pos\data\drink_pos_dev.db;data;transactions;406;"{""details"": ""Synchronisiert · Seite: Kasse · Client-Zeit: 2026-05-05T17:31:01.460Z · letzter Sync Client: 2026-05-05T17:31:01.457Z · Automatisch nach Serveränderung synchronisiert."", ""id"": 406, ""person_id"": null, ""timestamp"": ""2026-05-05 19:31:01"", ""total"": 0.0, ""type"": ""SYNC_COMPLETED""}"
2026-05-08_224617;C:\Users\Dani\Documents\CODEX-Projects\drink_pos\data\drink_pos_dev.db;data;transactions;407;"{""details"": ""Synchronisiert · Seite: Organisation · Client-Zeit: 2026-05-05T17:31:10.875Z · letzter Sync Client: 2026-05-05T17:31:10.862Z · Automatisch nach Serveränderung synchronisiert."", ""id"": 407, ""person_id"": null, ""timestamp"": ""2026-05-05 19:31:10"", ""total"": 0.0, ""type"": ""SYNC_COMPLETED""}"
2026-05-08_224617;C:\Users\Dani\Documents\CODEX-Projects\drink_pos\data\drink_pos_dev.db;data;transactions;408;"{""details"": ""Synchronisiert · Seite: Kasse · Client-Zeit: 2026-05-05T17:32:01.459Z · letzter Sync Client: 2026-05-05T17:32:01.456Z · Automatisch nach Serveränderung synchronisiert."", ""id"": 408, ""person_id"": null, ""timestamp"": ""2026-05-05 19:32:01"", ""total"": 0.0, ""type"": ""SYNC_COMPLETED""}"
2026-05-08_224617;C:\Users\Dani\Documents\CODEX-Projects\drink_pos\data\drink_pos_dev.db;data;transactions;409;"{""details"": ""Synchronisiert · Seite: Organisation · Client-Zeit: 2026-05-05T17:32:14.627Z · letzter Sync Client: 2026-05-05T17:32:14.613Z · Automatisch nach Serveränderung synchronisiert."", ""id"": 409, ""person_id"": null, ""timestamp"": ""2026-05-05 19:32:14"", ""total"": 0.0, ""type"": ""SYNC_COMPLETED""}"
2026-05-08_224617;C:\Users\Dani\Documents\CODEX-Projects\drink_pos\data\drink_pos_dev.db;data;transactions;410;"{""details"": ""Synchronisiert · Seite: Kasse · Client-Zeit: 2026-05-05T17:33:01.453Z · letzter Sync Client: 2026-05-05T17:33:01.450Z · Automatisch nach Serveränderung synchronisiert."", ""id"": 410, ""person_id"": null, ""timestamp"": ""2026-05-05 19:33:01"", ""total"": 0.0, ""type"": ""SYNC_COMPLETED""}"
2026-05-08_224617;C:\Users\Dani\Documents\CODEX-Projects\drink_pos\data\drink_pos_dev.db;data;transactions;411;"{""details"": ""Synchronisiert · Seite: Organisation · Client-Zeit: 2026-05-05T17:33:19.474Z · letzter Sync Client: 2026-05-05T17:33:19.460Z · Automatisch nach Serveränderung synchronisiert."", ""id"": 411, ""person_id"": null, ""timestamp"": ""2026-05-05 19:33:19"", ""total"": 0.0, ""type"": ""SYNC_COMPLETED""}"
2026-05-08_224617;C:\Users\Dani\Documents\CODEX-Projects\drink_pos\data\drink_pos_dev.db;data;transactions;412;"{""details"": ""Synchronisiert · Seite: Kasse · Client-Zeit: 2026-05-05T17:34:01.458Z · letzter Sync Client: 2026-05-05T17:34:01.456Z · Automatisch nach Serveränderung synchronisiert."", ""id"": 412, ""person_id"": null, ""timestamp"": ""2026-05-05 19:34:01"", ""total"": 0.0, ""type"": ""SYNC_COMPLETED""}"
2026-05-08_224617;C:\Users\Dani\Documents\CODEX-Projects\drink_pos\data\drink_pos_dev.db;data;transactions;413;"{""details"": ""Synchronisiert · Seite: Organisation · Client-Zeit: 2026-05-05T17:34:23.485Z · letzter Sync Client: 2026-05-05T17:34:23.470Z · Automatisch nach Serveränderung synchronisiert."", ""id"": 413, ""person_id"": null, ""timestamp"": ""2026-05-05 19:34:23"", ""total"": 0.0, ""type"": ""SYNC_COMPLETED""}"
2026-05-08_224617;C:\Users\Dani\Documents\CODEX-Projects\drink_pos\data\drink_pos_dev.db;data;transactions;414;"{""details"": ""Synchronisiert · Seite: Kasse · Client-Zeit: 2026-05-05T17:35:01.460Z · letzter Sync Client: 2026-05-05T17:35:01.456Z · Automatisch nach Serveränderung synchronisiert."", ""id"": 414, ""person_id"": null, ""timestamp"": ""2026-05-05 19:35:01"", ""total"": 0.0, ""type"": ""SYNC_COMPLETED""}"
2026-05-08_224617;C:\Users\Dani\Documents\CODEX-Projects\drink_pos\data\drink_pos_dev.db;data;transactions;415;"{""details"": ""Synchronisiert · Seite: Organisation · Client-Zeit: 2026-05-05T17:35:26.140Z · letzter Sync Client: 2026-05-05T17:35:26.120Z · Automatisch nach Serveränderung synchronisiert."", ""id"": 415, ""person_id"": null, ""timestamp"": ""2026-05-05 19:35:26"", ""total"": 0.0, ""type"": ""SYNC_COMPLETED""}"
2026-05-08_224617;C:\Users\Dani\Documents\CODEX-Projects\drink_pos\data\drink_pos_dev.db;data;transactions;416;"{""details"": ""Synchronisiert · Seite: Kasse · Client-Zeit: 2026-05-05T17:35:46.085Z · letzter Sync Client: 2026-05-05T17:35:46.081Z · Automatisch nach Serveränderung synchronisiert."", ""id"": 416, ""person_id"": null, ""timestamp"": ""2026-05-05 19:35:46"", ""total"": 0.0, ""type"": ""SYNC_COMPLETED""}"
2026-05-08_224617;C:\Users\Dani\Documents\CODEX-Projects\drink_pos\data\drink_pos_dev.db;data;transactions;417;"{""details"": ""Synchronisiert · Seite: Organisation · Client-Zeit: 2026-05-05T17:35:57.730Z · letzter Sync Client: 2026-05-05T17:35:57.716Z · Automatisch nach Serveränderung synchronisiert."", ""id"": 417, ""person_id"": null, ""timestamp"": ""2026-05-05 19:35:57"", ""total"": 0.0, ""type"": ""SYNC_COMPLETED""}"
2026-05-08_224617;C:\Users\Dani\Documents\CODEX-Projects\drink_pos\data\drink_pos_dev.db;data;transactions;418;"{""details"": ""Synchronisiert · Seite: Kasse · Client-Zeit: 2026-05-05T17:36:12.226Z · letzter Sync Client: 2026-05-05T17:36:12.223Z · Automatisch nach Serveränderung synchronisiert."", ""id"": 418, ""person_id"": null, ""timestamp"": ""2026-05-05 19:36:12"", ""total"": 0.0, ""type"": ""SYNC_COMPLETED""}"
2026-05-08_224617;C:\Users\Dani\Documents\CODEX-Projects\drink_pos\data\drink_pos_dev.db;data;transactions;419;"{""details"": ""Synchronisiert · Seite: Organisation · Client-Zeit: 2026-05-05T17:36:31.334Z · letzter Sync Client: 2026-05-05T17:36:31.320Z · Automatisch nach Serveränderung synchronisiert."", ""id"": 419, ""person_id"": null, ""timestamp"": ""2026-05-05 19:36:31"", ""total"": 0.0, ""type"": ""SYNC_COMPLETED""}"
2026-05-08_224617;C:\Users\Dani\Documents\CODEX-Projects\drink_pos\data\drink_pos_dev.db;data;transactions;420;"{""details"": ""Synchronisiert · Seite: Kasse · Client-Zeit: 2026-05-05T17:36:43.466Z · letzter Sync Client: 2026-05-05T17:36:43.464Z · Automatisch nach Serveränderung synchronisiert."", ""id"": 420, ""person_id"": null, ""timestamp"": ""2026-05-05 19:36:43"", ""total"": 0.0, ""type"": ""SYNC_COMPLETED""}"
2026-05-08_224617;C:\Users\Dani\Documents\CODEX-Projects\drink_pos\data\drink_pos_dev.db;data;transactions;421;"{""details"": ""Synchronisiert · Seite: Organisation · Client-Zeit: 2026-05-05T17:37:03.542Z · letzter Sync Client: 2026-05-05T17:37:03.527Z · Automatisch nach Serveränderung synchronisiert."", ""id"": 421, ""person_id"": null, ""timestamp"": ""2026-05-05 19:37:03"", ""total"": 0.0, ""type"": ""SYNC_COMPLETED""}"
2026-05-08_224617;C:\Users\Dani\Documents\CODEX-Projects\drink_pos\data\drink_pos_dev.db;data;transactions;422;"{""details"": ""Synchronisiert · Seite: Kasse · Client-Zeit: 2026-05-05T17:37:44.463Z · letzter Sync Client: 2026-05-05T17:37:44.460Z · Automatisch nach Serveränderung synchronisiert."", ""id"": 422, ""person_id"": null, ""timestamp"": ""2026-05-05 19:37:44"", ""total"": 0.0, ""type"": ""SYNC_COMPLETED""}"
2026-05-08_224617;C:\Users\Dani\Documents\CODEX-Projects\drink_pos\data\drink_pos_dev.db;data;transactions;423;"{""details"": ""Synchronisiert · Seite: Organisation · Client-Zeit: 2026-05-05T17:38:10.850Z · letzter Sync Client: 2026-05-05T17:38:10.836Z · Automatisch nach Serveränderung synchronisiert."", ""id"": 423, ""person_id"": null, ""timestamp"": ""2026-05-05 19:38:10"", ""total"": 0.0, ""type"": ""SYNC_COMPLETED""}"
2026-05-08_224617;C:\Users\Dani\Documents\CODEX-Projects\drink_pos\data\drink_pos_dev.db;data;transactions;424;"{""details"": ""Synchronisiert · Seite: Kasse · Client-Zeit: 2026-05-05T17:38:45.468Z · letzter Sync Client: 2026-05-05T17:38:45.466Z · Automatisch nach Serveränderung synchronisiert."", ""id"": 424, ""person_id"": null, ""timestamp"": ""2026-05-05 19:38:45"", ""total"": 0.0, ""type"": ""SYNC_COMPLETED""}"
2026-05-08_224617;C:\Users\Dani\Documents\CODEX-Projects\drink_pos\data\drink_pos_dev.db;data;transactions;425;"{""details"": ""Synchronisiert · Seite: Organisation · Client-Zeit: 2026-05-05T17:39:18.181Z · letzter Sync Client: 2026-05-05T17:39:18.166Z · Automatisch nach Serveränderung synchronisiert."", ""id"": 425, ""person_id"": null, ""timestamp"": ""2026-05-05 19:39:18"", ""total"": 0.0, ""type"": ""SYNC_COMPLETED""}"
2026-05-08_224617;C:\Users\Dani\Documents\CODEX-Projects\drink_pos\data\drink_pos_dev.db;data;transactions;426;"{""details"": ""Synchronisiert · Seite: Kasse · Client-Zeit: 2026-05-05T17:39:46.470Z · letzter Sync Client: 2026-05-05T17:39:46.467Z · Automatisch nach Serveränderung synchronisiert."", ""id"": 426, ""person_id"": null, ""timestamp"": ""2026-05-05 19:39:46"", ""total"": 0.0, ""type"": ""SYNC_COMPLETED""}"
2026-05-08_224617;C:\Users\Dani\Documents\CODEX-Projects\drink_pos\data\drink_pos_dev.db;data;transactions;427;"{""details"": ""Synchronisiert · Seite: Organisation · Client-Zeit: 2026-05-05T17:39:51.780Z · letzter Sync Client: 2026-05-05T17:39:51.767Z · Automatisch nach Serveränderung synchronisiert."", ""id"": 427, ""person_id"": null, ""timestamp"": ""2026-05-05 19:39:51"", ""total"": 0.0, ""type"": ""SYNC_COMPLETED""}"
2026-05-08_224617;C:\Users\Dani\Documents\CODEX-Projects\drink_pos\data\drink_pos_dev.db;data;transactions;428;"{""details"": ""Synchronisiert · Seite: Kasse · Client-Zeit: 2026-05-05T17:40:47.471Z · letzter Sync Client: 2026-05-05T17:40:47.468Z · Automatisch nach Serveränderung synchronisiert."", ""id"": 428, ""person_id"": null, ""timestamp"": ""2026-05-05 19:40:47"", ""total"": 0.0, ""type"": ""SYNC_COMPLETED""}"
2026-05-08_224617;C:\Users\Dani\Documents\CODEX-Projects\drink_pos\data\drink_pos_dev.db;data;transactions;429;"{""details"": ""Synchronisiert · Seite: Organisation · Client-Zeit: 2026-05-05T17:40:59.109Z · letzter Sync Client: 2026-05-05T17:40:59.094Z · Automatisch nach Serveränderung synchronisiert."", ""id"": 429, ""person_id"": null, ""timestamp"": ""2026-05-05 19:40:59"", ""total"": 0.0, ""type"": ""SYNC_COMPLETED""}"
2026-05-08_224617;C:\Users\Dani\Documents\CODEX-Projects\drink_pos\data\drink_pos_dev.db;data;transactions;430;"{""details"": ""Synchronisiert · Seite: Kasse · Client-Zeit: 2026-05-05T17:41:48.464Z · letzter Sync Client: 2026-05-05T17:41:48.461Z · Automatisch nach Serveränderung synchronisiert."", ""id"": 430, ""person_id"": null, ""timestamp"": ""2026-05-05 19:41:48"", ""total"": 0.0, ""type"": ""SYNC_COMPLETED""}"
2026-05-08_224617;C:\Users\Dani\Documents\CODEX-Projects\drink_pos\data\drink_pos_dev.db;data;transactions;431;"{""details"": ""Synchronisiert · Seite: Organisation · Client-Zeit: 2026-05-05T17:42:06.404Z · letzter Sync Client: 2026-05-05T17:42:06.390Z · Automatisch nach Serveränderung synchronisiert."", ""id"": 431, ""person_id"": null, ""timestamp"": ""2026-05-05 19:42:06"", ""total"": 0.0, ""type"": ""SYNC_COMPLETED""}"
2026-05-08_224617;C:\Users\Dani\Documents\CODEX-Projects\drink_pos\data\drink_pos_dev.db;data;transactions;432;"{""details"": ""Synchronisiert · Seite: Kasse · Client-Zeit: 2026-05-05T17:42:49.464Z · letzter Sync Client: 2026-05-05T17:42:49.462Z · Automatisch nach Serveränderung synchronisiert."", ""id"": 432, ""person_id"": null, ""timestamp"": ""2026-05-05 19:42:49"", ""total"": 0.0, ""type"": ""SYNC_COMPLETED""}"
2026-05-08_224617;C:\Users\Dani\Documents\CODEX-Projects\drink_pos\data\drink_pos_dev.db;data;transactions;433;"{""details"": ""Synchronisiert · Seite: Organisation · Client-Zeit: 2026-05-05T17:43:13.733Z · letzter Sync Client: 2026-05-05T17:43:13.719Z · Automatisch nach Serveränderung synchronisiert."", ""id"": 433, ""person_id"": null, ""timestamp"": ""2026-05-05 19:43:13"", ""total"": 0.0, ""type"": ""SYNC_COMPLETED""}"
2026-05-08_224617;C:\Users\Dani\Documents\CODEX-Projects\drink_pos\data\drink_pos_dev.db;data;transactions;434;"{""details"": ""Synchronisiert · Seite: Kasse · Client-Zeit: 2026-05-05T17:43:50.458Z · letzter Sync Client: 2026-05-05T17:43:50.455Z · Automatisch nach Serveränderung synchronisiert."", ""id"": 434, ""person_id"": null, ""timestamp"": ""2026-05-05 19:43:50"", ""total"": 0.0, ""type"": ""SYNC_COMPLETED""}"
2026-05-08_224617;C:\Users\Dani\Documents\CODEX-Projects\drink_pos\data\drink_pos_dev.db;data;transactions;435;"{""details"": ""Synchronisiert · Seite: Organisation · Client-Zeit: 2026-05-05T17:44:21.026Z · letzter Sync Client: 2026-05-05T17:44:21.012Z · Automatisch nach Serveränderung synchronisiert."", ""id"": 435, ""person_id"": null, ""timestamp"": ""2026-05-05 19:44:21"", ""total"": 0.0, ""type"": ""SYNC_COMPLETED""}"
2026-05-08_224617;C:\Users\Dani\Documents\CODEX-Projects\drink_pos\data\drink_pos_dev.db;data;transactions;436;"{""details"": ""Synchronisiert · Seite: Kasse · Client-Zeit: 2026-05-05T17:44:43.458Z · letzter Sync Client: 2026-05-05T17:44:43.455Z · Automatisch nach Serveränderung synchronisiert."", ""id"": 436, ""person_id"": null, ""timestamp"": ""2026-05-05 19:44:43"", ""total"": 0.0, ""type"": ""SYNC_COMPLETED""}"
2026-05-08_224617;C:\Users\Dani\Documents\CODEX-Projects\drink_pos\data\drink_pos_dev.db;data;transactions;437;"{""details"": ""Synchronisiert · Seite: Organisation · Client-Zeit: 2026-05-05T17:44:54.617Z · letzter Sync Client: 2026-05-05T17:44:54.601Z · Automatisch nach Serveränderung synchronisiert."", ""id"": 437, ""person_id"": null, ""timestamp"": ""2026-05-05 19:44:54"", ""total"": 0.0, ""type"": ""SYNC_COMPLETED""}"
2026-05-08_224617;C:\Users\Dani\Documents\CODEX-Projects\drink_pos\data\drink_pos_dev.db;data;transactions;438;"{""details"": ""Synchronisiert · Seite: Kasse · Client-Zeit: 2026-05-05T17:45:02.752Z · letzter Sync Client: 2026-05-05T17:45:02.747Z · Automatisch nach Serveränderung synchronisiert."", ""id"": 438, ""person_id"": null, ""timestamp"": ""2026-05-05 19:45:02"", ""total"": 0.0, ""type"": ""SYNC_COMPLETED""}"
2026-05-08_224617;C:\Users\Dani\Documents\CODEX-Projects\drink_pos\data\drink_pos_dev.db;data;transactions;439;"{""details"": ""Synchronisiert · Seite: Organisation · Client-Zeit: 2026-05-05T17:45:26.887Z · letzter Sync Client: 2026-05-05T17:45:26.872Z · Automatisch nach Serveränderung synchronisiert."", ""id"": 439, ""person_id"": null, ""timestamp"": ""2026-05-05 19:45:26"", ""total"": 0.0, ""type"": ""SYNC_COMPLETED""}"
2026-05-08_224617;C:\Users\Dani\Documents\CODEX-Projects\drink_pos\data\drink_pos_dev.db;data;transactions;440;"{""details"": ""Synchronisiert · Seite: Kasse · Client-Zeit: 2026-05-05T17:45:43.436Z · letzter Sync Client: 2026-05-05T17:45:43.433Z · Automatisch nach Serveränderung synchronisiert."", ""id"": 440, ""person_id"": null, ""timestamp"": ""2026-05-05 19:45:43"", ""total"": 0.0, ""type"": ""SYNC_COMPLETED""}"
2026-05-08_224617;C:\Users\Dani\Documents\CODEX-Projects\drink_pos\data\drink_pos_dev.db;data;transactions;441;"{""details"": ""Synchronisiert · Seite: Organisation · Client-Zeit: 2026-05-05T17:45:56.934Z · letzter Sync Client: 2026-05-05T17:45:56.920Z · Automatisch nach Serveränderung synchronisiert."", ""id"": 441, ""person_id"": null, ""timestamp"": ""2026-05-05 19:45:56"", ""total"": 0.0, ""type"": ""SYNC_COMPLETED""}"
2026-05-08_224617;C:\Users\Dani\Documents\CODEX-Projects\drink_pos\data\drink_pos_dev.db;data;transactions;442;"{""details"": ""Synchronisiert · Seite: Kasse · Client-Zeit: 2026-05-05T17:46:13.420Z · letzter Sync Client: 2026-05-05T17:46:13.417Z · Automatisch nach Serveränderung synchronisiert."", ""id"": 442, ""person_id"": null, ""timestamp"": ""2026-05-05 19:46:13"", ""total"": 0.0, ""type"": ""SYNC_COMPLETED""}"
2026-05-08_224617;C:\Users\Dani\Documents\CODEX-Projects\drink_pos\data\drink_pos_dev.db;data;transactions;443;"{""details"": ""Synchronisiert · Seite: Organisation · Client-Zeit: 2026-05-05T17:46:30.544Z · letzter Sync Client: 2026-05-05T17:46:30.530Z · Automatisch nach Serveränderung synchronisiert."", ""id"": 443, ""person_id"": null, ""timestamp"": ""2026-05-05 19:46:30"", ""total"": 0.0, ""type"": ""SYNC_COMPLETED""}"
2026-05-08_224617;C:\Users\Dani\Documents\CODEX-Projects\drink_pos\data\drink_pos_dev.db;data;transactions;444;"{""details"": ""Synchronisiert · Seite: Kasse · Client-Zeit: 2026-05-05T17:46:43.411Z · letzter Sync Client: 2026-05-05T17:46:43.408Z · Automatisch nach Serveränderung synchronisiert."", ""id"": 444, ""person_id"": null, ""timestamp"": ""2026-05-05 19:46:43"", ""total"": 0.0, ""type"": ""SYNC_COMPLETED""}"
2026-05-08_224617;C:\Users\Dani\Documents\CODEX-Projects\drink_pos\data\drink_pos_dev.db;data;transactions;445;"{""details"": ""Synchronisiert · Seite: Organisation · Client-Zeit: 2026-05-05T17:47:04.131Z · letzter Sync Client: 2026-05-05T17:47:04.117Z · Automatisch nach Serveränderung synchronisiert."", ""id"": 445, ""person_id"": null, ""timestamp"": ""2026-05-05 19:47:04"", ""total"": 0.0, ""type"": ""SYNC_COMPLETED""}"
2026-05-08_224617;C:\Users\Dani\Documents\CODEX-Projects\drink_pos\data\drink_pos_dev.db;data;transactions;446;"{""details"": ""Synchronisiert · Seite: Kasse · Client-Zeit: 2026-05-05T17:47:13.417Z · letzter Sync Client: 2026-05-05T17:47:13.413Z · Automatisch nach Serveränderung synchronisiert."", ""id"": 446, ""person_id"": null, ""timestamp"": ""2026-05-05 19:47:13"", ""total"": 0.0, ""type"": ""SYNC_COMPLETED""}"
2026-05-08_224617;C:\Users\Dani\Documents\CODEX-Projects\drink_pos\data\drink_pos_dev.db;data;transactions;447;"{""details"": ""Synchronisiert · Seite: Organisation · Client-Zeit: 2026-05-05T17:47:34.210Z · letzter Sync Client: 2026-05-05T17:47:34.194Z · Automatisch nach Serveränderung synchronisiert."", ""id"": 447, ""person_id"": null, ""timestamp"": ""2026-05-05 19:47:34"", ""total"": 0.0, ""type"": ""SYNC_COMPLETED""}"
2026-05-08_224617;C:\Users\Dani\Documents\CODEX-Projects\drink_pos\data\drink_pos_dev.db;data;transactions;448;"{""details"": ""Synchronisiert · Seite: Kasse · Client-Zeit: 2026-05-05T17:47:43.423Z · letzter Sync Client: 2026-05-05T17:47:43.419Z · Automatisch nach Serveränderung synchronisiert."", ""id"": 448, ""person_id"": null, ""timestamp"": ""2026-05-05 19:47:43"", ""total"": 0.0, ""type"": ""SYNC_COMPLETED""}"
2026-05-08_224617;C:\Users\Dani\Documents\CODEX-Projects\drink_pos\data\drink_pos_dev.db;data;transactions;449;"{""details"": ""Synchronisiert · Seite: Organisation · Client-Zeit: 2026-05-05T17:48:07.819Z · letzter Sync Client: 2026-05-05T17:48:07.804Z · Automatisch nach Serveränderung synchronisiert."", ""id"": 449, ""person_id"": null, ""timestamp"": ""2026-05-05 19:48:07"", ""total"": 0.0, ""type"": ""SYNC_COMPLETED""}"
2026-05-08_224617;C:\Users\Dani\Documents\CODEX-Projects\drink_pos\data\drink_pos_dev.db;data;transactions;450;"{""details"": ""Synchronisiert · Seite: Kasse · Client-Zeit: 2026-05-05T17:48:13.417Z · letzter Sync Client: 2026-05-05T17:48:13.414Z · Automatisch nach Serveränderung synchronisiert."", ""id"": 450, ""person_id"": null, ""timestamp"": ""2026-05-05 19:48:13"", ""total"": 0.0, ""type"": ""SYNC_COMPLETED""}"
2026-05-08_224617;C:\Users\Dani\Documents\CODEX-Projects\drink_pos\data\drink_pos_dev.db;data;transactions;451;"{""details"": ""Synchronisiert · Seite: Organisation · Client-Zeit: 2026-05-05T17:48:38.656Z · letzter Sync Client: 2026-05-05T17:48:38.640Z · Automatisch nach Serveränderung synchronisiert."", ""id"": 451, ""person_id"": null, ""timestamp"": ""2026-05-05 19:48:38"", ""total"": 0.0, ""type"": ""SYNC_COMPLETED""}"
2026-05-08_224617;C:\Users\Dani\Documents\CODEX-Projects\drink_pos\data\drink_pos_dev.db;data;transactions;452;"{""details"": ""Synchronisiert · Seite: Kasse · Client-Zeit: 2026-05-05T17:48:43.407Z · letzter Sync Client: 2026-05-05T17:48:43.404Z · Automatisch nach Serveränderung synchronisiert."", ""id"": 452, ""person_id"": null, ""timestamp"": ""2026-05-05 19:48:43"", ""total"": 0.0, ""type"": ""SYNC_COMPLETED""}"
2026-05-08_224617;C:\Users\Dani\Documents\CODEX-Projects\drink_pos\data\drink_pos_dev.db;data;transactions;453;"{""details"": ""Synchronisiert · Seite: Organisation · Client-Zeit: 2026-05-05T17:49:12.256Z · letzter Sync Client: 2026-05-05T17:49:12.240Z · Automatisch nach Serveränderung synchronisiert."", ""id"": 453, ""person_id"": null, ""timestamp"": ""2026-05-05 19:49:12"", ""total"": 0.0, ""type"": ""SYNC_COMPLETED""}"
2026-05-08_224617;C:\Users\Dani\Documents\CODEX-Projects\drink_pos\data\drink_pos_dev.db;data;transactions;454;"{""details"": ""Synchronisiert · Seite: Kasse · Client-Zeit: 2026-05-05T17:49:13.411Z · letzter Sync Client: 2026-05-05T17:49:13.406Z · Automatisch nach Serveränderung synchronisiert."", ""id"": 454, ""person_id"": null, ""timestamp"": ""2026-05-05 19:49:13"", ""total"": 0.0, ""type"": ""SYNC_COMPLETED""}"
2026-05-08_224617;C:\Users\Dani\Documents\CODEX-Projects\drink_pos\data\drink_pos_dev.db;data;transactions;455;"{""details"": ""Synchronisiert · Seite: Organisation · Client-Zeit: 2026-05-05T17:49:44.041Z · letzter Sync Client: 2026-05-05T17:49:44.024Z · Automatisch nach Serveränderung synchronisiert."", ""id"": 455, ""person_id"": null, ""timestamp"": ""2026-05-05 19:49:44"", ""total"": 0.0, ""type"": ""SYNC_COMPLETED""}"
2026-05-08_224617;C:\Users\Dani\Documents\CODEX-Projects\drink_pos\data\drink_pos_dev.db;data;transactions;456;"{""details"": ""Synchronisiert · Seite: Kasse · Client-Zeit: 2026-05-05T17:50:13.417Z · letzter Sync Client: 2026-05-05T17:50:13.414Z · Automatisch nach Serveränderung synchronisiert."", ""id"": 456, ""person_id"": null, ""timestamp"": ""2026-05-05 19:50:13"", ""total"": 0.0, ""type"": ""SYNC_COMPLETED""}"
2026-05-08_224617;C:\Users\Dani\Documents\CODEX-Projects\drink_pos\data\drink_pos_dev.db;data;transactions;457;"{""details"": ""Synchronisiert · Seite: Organisation · Client-Zeit: 2026-05-05T17:50:17.641Z · letzter Sync Client: 2026-05-05T17:50:17.626Z · Automatisch nach Serveränderung synchronisiert."", ""id"": 457, ""person_id"": null, ""timestamp"": ""2026-05-05 19:50:17"", ""total"": 0.0, ""type"": ""SYNC_COMPLETED""}"
2026-05-08_224617;C:\Users\Dani\Documents\CODEX-Projects\drink_pos\data\drink_pos_dev.db;data;transactions;458;"{""details"": ""Synchronisiert · Seite: Kasse · Client-Zeit: 2026-05-05T17:50:43.404Z · letzter Sync Client: 2026-05-05T17:50:43.401Z · Automatisch nach Serveränderung synchronisiert."", ""id"": 458, ""person_id"": null, ""timestamp"": ""2026-05-05 19:50:43"", ""total"": 0.0, ""type"": ""SYNC_COMPLETED""}"
2026-05-08_224617;C:\Users\Dani\Documents\CODEX-Projects\drink_pos\data\drink_pos_dev.db;data;transactions;459;"{""details"": ""Synchronisiert · Seite: Organisation · Client-Zeit: 2026-05-05T17:50:49.439Z · letzter Sync Client: 2026-05-05T17:50:49.423Z · Automatisch nach Serveränderung synchronisiert."", ""id"": 459, ""person_id"": null, ""timestamp"": ""2026-05-05 19:50:49"", ""total"": 0.0, ""type"": ""SYNC_COMPLETED""}"
2026-05-08_224617;C:\Users\Dani\Documents\CODEX-Projects\drink_pos\data\drink_pos_dev.db;data;transactions;460;"{""details"": ""Synchronisiert · Seite: Kasse · Client-Zeit: 2026-05-05T17:51:13.408Z · letzter Sync Client: 2026-05-05T17:51:13.405Z · Automatisch nach Serveränderung synchronisiert."", ""id"": 460, ""person_id"": null, ""timestamp"": ""2026-05-05 19:51:13"", ""total"": 0.0, ""type"": ""SYNC_COMPLETED""}"
2026-05-08_224617;C:\Users\Dani\Documents\CODEX-Projects\drink_pos\data\drink_pos_dev.db;data;transactions;461;"{""details"": ""Synchronisiert · Seite: Organisation · Client-Zeit: 2026-05-05T17:51:23.038Z · letzter Sync Client: 2026-05-05T17:51:23.023Z · Automatisch nach Serveränderung synchronisiert."", ""id"": 461, ""person_id"": null, ""timestamp"": ""2026-05-05 19:51:23"", ""total"": 0.0, ""type"": ""SYNC_COMPLETED""}"
2026-05-08_224617;C:\Users\Dani\Documents\CODEX-Projects\drink_pos\data\drink_pos_dev.db;data;transactions;462;"{""details"": ""Synchronisiert · Seite: Kasse · Client-Zeit: 2026-05-05T17:51:43.413Z · letzter Sync Client: 2026-05-05T17:51:43.410Z · Automatisch nach Serveränderung synchronisiert."", ""id"": 462, ""person_id"": null, ""timestamp"": ""2026-05-05 19:51:43"", ""total"": 0.0, ""type"": ""SYNC_COMPLETED""}"
2026-05-08_224617;C:\Users\Dani\Documents\CODEX-Projects\drink_pos\data\drink_pos_dev.db;data;transactions;463;"{""details"": ""Synchronisiert · Seite: Organisation · Client-Zeit: 2026-05-05T17:51:54.835Z · letzter Sync Client: 2026-05-05T17:51:54.819Z · Automatisch nach Serveränderung synchronisiert."", ""id"": 463, ""person_id"": null, ""timestamp"": ""2026-05-05 19:51:54"", ""total"": 0.0, ""type"": ""SYNC_COMPLETED""}"
2026-05-08_224617;C:\Users\Dani\Documents\CODEX-Projects\drink_pos\data\drink_pos_dev.db;data;transactions;464;"{""details"": ""Synchronisiert · Seite: Kasse · Client-Zeit: 2026-05-05T17:52:13.406Z · letzter Sync Client: 2026-05-05T17:52:13.402Z · Automatisch nach Serveränderung synchronisiert."", ""id"": 464, ""person_id"": null, ""timestamp"": ""2026-05-05 19:52:13"", ""total"": 0.0, ""type"": ""SYNC_COMPLETED""}"
2026-05-08_224617;C:\Users\Dani\Documents\CODEX-Projects\drink_pos\data\drink_pos_dev.db;data;transactions;465;"{""details"": ""Synchronisiert · Seite: Organisation · Client-Zeit: 2026-05-05T17:52:28.450Z · letzter Sync Client: 2026-05-05T17:52:28.425Z · Automatisch nach Serveränderung synchronisiert."", ""id"": 465, ""person_id"": null, ""timestamp"": ""2026-05-05 19:52:28"", ""total"": 0.0, ""type"": ""SYNC_COMPLETED""}"
2026-05-08_224617;C:\Users\Dani\Documents\CODEX-Projects\drink_pos\data\drink_pos_dev.db;data;transactions;466;"{""details"": ""Synchronisiert · Seite: Kasse · Client-Zeit: 2026-05-05T17:52:43.415Z · letzter Sync Client: 2026-05-05T17:52:43.411Z · Automatisch nach Serveränderung synchronisiert."", ""id"": 466, ""person_id"": null, ""timestamp"": ""2026-05-05 19:52:43"", ""total"": 0.0, ""type"": ""SYNC_COMPLETED""}"
2026-05-08_224617;C:\Users\Dani\Documents\CODEX-Projects\drink_pos\data\drink_pos_dev.db;data;transactions;467;"{""details"": ""Synchronisiert · Seite: Organisation · Client-Zeit: 2026-05-05T17:53:00.224Z · letzter Sync Client: 2026-05-05T17:53:00.205Z · Automatisch nach Serveränderung synchronisiert."", ""id"": 467, ""person_id"": null, ""timestamp"": ""2026-05-05 19:53:00"", ""total"": 0.0, ""type"": ""SYNC_COMPLETED""}"
2026-05-08_224617;C:\Users\Dani\Documents\CODEX-Projects\drink_pos\data\drink_pos_dev.db;data;transactions;468;"{""details"": ""Synchronisiert · Seite: Kasse · Client-Zeit: 2026-05-05T17:53:13.413Z · letzter Sync Client: 2026-05-05T17:53:13.410Z · Automatisch nach Serveränderung synchronisiert."", ""id"": 468, ""person_id"": null, ""timestamp"": ""2026-05-05 19:53:13"", ""total"": 0.0, ""type"": ""SYNC_COMPLETED""}"
2026-05-08_224617;C:\Users\Dani\Documents\CODEX-Projects\drink_pos\data\drink_pos_dev.db;data;transactions;469;"{""details"": ""Synchronisiert · Seite: Organisation · Client-Zeit: 2026-05-05T17:53:33.822Z · letzter Sync Client: 2026-05-05T17:53:33.807Z · Automatisch nach Serveränderung synchronisiert."", ""id"": 469, ""person_id"": null, ""timestamp"": ""2026-05-05 19:53:33"", ""total"": 0.0, ""type"": ""SYNC_COMPLETED""}"
2026-05-08_224617;C:\Users\Dani\Documents\CODEX-Projects\drink_pos\data\drink_pos_dev.db;data;transactions;470;"{""details"": ""Synchronisiert · Seite: Kasse · Client-Zeit: 2026-05-05T17:53:43.410Z · letzter Sync Client: 2026-05-05T17:53:43.407Z · Automatisch nach Serveränderung synchronisiert."", ""id"": 470, ""person_id"": null, ""timestamp"": ""2026-05-05 19:53:43"", ""total"": 0.0, ""type"": ""SYNC_COMPLETED""}"
2026-05-08_224617;C:\Users\Dani\Documents\CODEX-Projects\drink_pos\data\drink_pos_dev.db;data;transactions;471;"{""details"": ""Synchronisiert · Seite: Organisation · Client-Zeit: 2026-05-05T17:54:04.135Z · letzter Sync Client: 2026-05-05T17:54:04.119Z · Automatisch nach Serveränderung synchronisiert."", ""id"": 471, ""person_id"": null, ""timestamp"": ""2026-05-05 19:54:04"", ""total"": 0.0, ""type"": ""SYNC_COMPLETED""}"
2026-05-08_224617;C:\Users\Dani\Documents\CODEX-Projects\drink_pos\data\drink_pos_dev.db;data;transactions;472;"{""details"": ""Synchronisiert · Seite: Kasse · Client-Zeit: 2026-05-05T17:54:13.429Z · letzter Sync Client: 2026-05-05T17:54:13.427Z · Automatisch nach Serveränderung synchronisiert."", ""id"": 472, ""person_id"": null, ""timestamp"": ""2026-05-05 19:54:13"", ""total"": 0.0, ""type"": ""SYNC_COMPLETED""}"
2026-05-08_224617;C:\Users\Dani\Documents\CODEX-Projects\drink_pos\data\drink_pos_dev.db;data;transactions;473;"{""details"": ""Synchronisiert · Seite: Organisation · Client-Zeit: 2026-05-05T17:54:37.734Z · letzter Sync Client: 2026-05-05T17:54:37.718Z · Automatisch nach Serveränderung synchronisiert."", ""id"": 473, ""person_id"": null, ""timestamp"": ""2026-05-05 19:54:37"", ""total"": 0.0, ""type"": ""SYNC_COMPLETED""}"
2026-05-08_224617;C:\Users\Dani\Documents\CODEX-Projects\drink_pos\data\drink_pos_dev.db;data;transactions;474;"{""details"": ""Synchronisiert · Seite: Kasse · Client-Zeit: 2026-05-05T17:54:43.406Z · letzter Sync Client: 2026-05-05T17:54:43.402Z · Automatisch nach Serveränderung synchronisiert."", ""id"": 474, ""person_id"": null, ""timestamp"": ""2026-05-05 19:54:43"", ""total"": 0.0, ""type"": ""SYNC_COMPLETED""}"
2026-05-08_224617;C:\Users\Dani\Documents\CODEX-Projects\drink_pos\data\drink_pos_dev.db;data;transactions;475;"{""details"": ""+1x Bier gross à € 2,50"", ""id"": 475, ""person_id"": 5, ""timestamp"": ""2026-05-05 19:54:54"", ""total"": 2.5, ""type"": ""CONSUME""}"
2026-05-08_224617;C:\Users\Dani\Documents\CODEX-Projects\drink_pos\data\drink_pos_dev.db;data;transactions;476;"{""details"": ""+1x Bier klein à € 1,80"", ""id"": 476, ""person_id"": 5, ""timestamp"": ""2026-05-05 19:54:54"", ""total"": 1.8, ""type"": ""CONSUME""}"
2026-05-08_224617;C:\Users\Dani\Documents\CODEX-Projects\drink_pos\data\drink_pos_dev.db;data;transactions;477;"{""details"": ""+1x Limo à € 1,00"", ""id"": 477, ""person_id"": 5, ""timestamp"": ""2026-05-05 19:54:55"", ""total"": 1.0, ""type"": ""CONSUME""}"
2026-05-08_224617;C:\Users\Dani\Documents\CODEX-Projects\drink_pos\data\drink_pos_dev.db;data;transactions;478;"{""details"": ""+1x Bier gross à € 2,50"", ""id"": 478, ""person_id"": 5, ""timestamp"": ""2026-05-05 19:54:55"", ""total"": 2.5, ""type"": ""CONSUME""}"
2026-05-08_224617;C:\Users\Dani\Documents\CODEX-Projects\drink_pos\data\drink_pos_dev.db;data;transactions;479;"{""details"": ""+1x Bier klein à € 1,80"", ""id"": 479, ""person_id"": 5, ""timestamp"": ""2026-05-05 19:54:55"", ""total"": 1.8, ""type"": ""CONSUME""}"
2026-05-08_224617;C:\Users\Dani\Documents\CODEX-Projects\drink_pos\data\drink_pos_dev.db;data;transactions;480;"{""details"": ""+1x Limo à € 1,00"", ""id"": 480, ""person_id"": 5, ""timestamp"": ""2026-05-05 19:54:56"", ""total"": 1.0, ""type"": ""CONSUME""}"
2026-05-08_224617;C:\Users\Dani\Documents\CODEX-Projects\drink_pos\data\drink_pos_dev.db;data;transactions;481;"{""details"": ""+1x Bier klein à € 1,80"", ""id"": 481, ""person_id"": 5, ""timestamp"": ""2026-05-05 19:54:56"", ""total"": 1.8, ""type"": ""CONSUME""}"
2026-05-08_224617;C:\Users\Dani\Documents\CODEX-Projects\drink_pos\data\drink_pos_dev.db;data;transactions;482;"{""details"": ""+1x Bier klein à € 1,80"", ""id"": 482, ""person_id"": 5, ""timestamp"": ""2026-05-05 19:54:56"", ""total"": 1.8, ""type"": ""CONSUME""}"
2026-05-08_224617;C:\Users\Dani\Documents\CODEX-Projects\drink_pos\data\drink_pos_dev.db;data;transactions;483;"{""details"": ""+1x Bier klein à € 1,80"", ""id"": 483, ""person_id"": 5, ""timestamp"": ""2026-05-05 19:54:56"", ""total"": 1.8, ""type"": ""CONSUME""}"
2026-05-08_224617;C:\Users\Dani\Documents\CODEX-Projects\drink_pos\data\drink_pos_dev.db;data;transactions;484;"{""details"": ""+1x Bier klein à € 1,80"", ""id"": 484, ""person_id"": 5, ""timestamp"": ""2026-05-05 19:54:57"", ""total"": 1.8, ""type"": ""CONSUME""}"
2026-05-08_224617;C:\Users\Dani\Documents\CODEX-Projects\drink_pos\data\drink_pos_dev.db;data;transactions;485;"{""details"": ""+1x Bier klein à € 1,80"", ""id"": 485, ""person_id"": 5, ""timestamp"": ""2026-05-05 19:54:57"", ""total"": 1.8, ""type"": ""CONSUME""}"
2026-05-08_224617;C:\Users\Dani\Documents\CODEX-Projects\drink_pos\data\drink_pos_dev.db;data;transactions;486;"{""details"": ""+1x Bier klein à € 1,80"", ""id"": 486, ""person_id"": 5, ""timestamp"": ""2026-05-05 19:54:57"", ""total"": 1.8, ""type"": ""CONSUME""}"
2026-05-08_224617;C:\Users\Dani\Documents\CODEX-Projects\drink_pos\data\drink_pos_dev.db;data;transactions;487;"{""details"": ""+1x Bier klein à € 1,80"", ""id"": 487, ""person_id"": 5, ""timestamp"": ""2026-05-05 19:54:57"", ""total"": 1.8, ""type"": ""CONSUME""}"
2026-05-08_224617;C:\Users\Dani\Documents\CODEX-Projects\drink_pos\data\drink_pos_dev.db;data;transactions;488;"{""details"": ""+1x Bier klein à € 1,80"", ""id"": 488, ""person_id"": 5, ""timestamp"": ""2026-05-05 19:54:58"", ""total"": 1.8, ""type"": ""CONSUME""}"
2026-05-08_224617;C:\Users\Dani\Documents\CODEX-Projects\drink_pos\data\drink_pos_dev.db;data;transactions;489;"{""details"": ""+1x Bier klein à € 1,80"", ""id"": 489, ""person_id"": 5, ""timestamp"": ""2026-05-05 19:54:58"", ""total"": 1.8, ""type"": ""CONSUME""}"
2026-05-08_224617;C:\Users\Dani\Documents\CODEX-Projects\drink_pos\data\drink_pos_dev.db;data;transactions;490;"{""details"": ""+1x Bier gross à € 2,50"", ""id"": 490, ""person_id"": 5, ""timestamp"": ""2026-05-05 19:54:58"", ""total"": 2.5, ""type"": ""CONSUME""}"
2026-05-08_224617;C:\Users\Dani\Documents\CODEX-Projects\drink_pos\data\drink_pos_dev.db;data;transactions;491;"{""details"": ""+1x Bier gross à € 2,50"", ""id"": 491, ""person_id"": 5, ""timestamp"": ""2026-05-05 19:54:58"", ""total"": 2.5, ""type"": ""CONSUME""}"
2026-05-08_224617;C:\Users\Dani\Documents\CODEX-Projects\drink_pos\data\drink_pos_dev.db;data;transactions;492;"{""details"": ""+1x Bier gross à € 2,50"", ""id"": 492, ""person_id"": 5, ""timestamp"": ""2026-05-05 19:54:59"", ""total"": 2.5, ""type"": ""CONSUME""}"
2026-05-08_224617;C:\Users\Dani\Documents\CODEX-Projects\drink_pos\data\drink_pos_dev.db;data;transactions;493;"{""details"": ""+1x Bier gross à € 2,50"", ""id"": 493, ""person_id"": 5, ""timestamp"": ""2026-05-05 19:54:59"", ""total"": 2.5, ""type"": ""CONSUME""}"
2026-05-08_224617;C:\Users\Dani\Documents\CODEX-Projects\drink_pos\data\drink_pos_dev.db;data;transactions;494;"{""details"": ""+1x Limo à € 1,00"", ""id"": 494, ""person_id"": 5, ""timestamp"": ""2026-05-05 19:54:59"", ""total"": 1.0, ""type"": ""CONSUME""}"
2026-05-08_224617;C:\Users\Dani\Documents\CODEX-Projects\drink_pos\data\drink_pos_dev.db;data;transactions;495;"{""details"": ""+1x Limo à € 1,00"", ""id"": 495, ""person_id"": 5, ""timestamp"": ""2026-05-05 19:54:59"", ""total"": 1.0, ""type"": ""CONSUME""}"
2026-05-08_224617;C:\Users\Dani\Documents\CODEX-Projects\drink_pos\data\drink_pos_dev.db;data;transactions;496;"{""details"": ""+1x Limo à € 1,00"", ""id"": 496, ""person_id"": 5, ""timestamp"": ""2026-05-05 19:55:00"", ""total"": 1.0, ""type"": ""CONSUME""}"
2026-05-08_224617;C:\Users\Dani\Documents\CODEX-Projects\drink_pos\data\drink_pos_dev.db;data;transactions;497;"{""details"": ""+1x Limo à € 1,00"", ""id"": 497, ""person_id"": 5, ""timestamp"": ""2026-05-05 19:55:00"", ""total"": 1.0, ""type"": ""CONSUME""}"
2026-05-08_224617;C:\Users\Dani\Documents\CODEX-Projects\drink_pos\data\drink_pos_dev.db;data;transactions;498;"{""details"": ""+1x Limo à € 1,00"", ""id"": 498, ""person_id"": 5, ""timestamp"": ""2026-05-05 19:55:00"", ""total"": 1.0, ""type"": ""CONSUME""}"
2026-05-08_224617;C:\Users\Dani\Documents\CODEX-Projects\drink_pos\data\drink_pos_dev.db;data;transactions;499;"{""details"": ""+1x Limo à € 1,00"", ""id"": 499, ""person_id"": 5, ""timestamp"": ""2026-05-05 19:55:00"", ""total"": 1.0, ""type"": ""CONSUME""}"
2026-05-08_224617;C:\Users\Dani\Documents\CODEX-Projects\drink_pos\data\drink_pos_dev.db;data;transactions;500;"{""details"": ""+1x Limo à € 1,00"", ""id"": 500, ""person_id"": 5, ""timestamp"": ""2026-05-05 19:55:00"", ""total"": 1.0, ""type"": ""CONSUME""}"
2026-05-08_224617;C:\Users\Dani\Documents\CODEX-Projects\drink_pos\data\drink_pos_dev.db;data;transactions;501;"{""details"": ""+1x Limo à € 1,00"", ""id"": 501, ""person_id"": 5, ""timestamp"": ""2026-05-05 19:55:01"", ""total"": 1.0, ""type"": ""CONSUME""}"
2026-05-08_224617;C:\Users\Dani\Documents\CODEX-Projects\drink_pos\data\drink_pos_dev.db;data;transactions;502;"{""details"": ""Synchronisiert · Seite: Organisation · Client-Zeit: 2026-05-05T17:55:09.232Z · letzter Sync Client: 2026-05-05T17:55:09.215Z · Automatisch nach Serveränderung synchronisiert."", ""id"": 502, ""person_id"": null, ""timestamp"": ""2026-05-05 19:55:09"", ""total"": 0.0, ""type"": ""SYNC_COMPLETED""}"
2026-05-08_224617;C:\Users\Dani\Documents\CODEX-Projects\drink_pos\data\drink_pos_dev.db;data;transactions;503;"{""details"": ""Synchronisiert · Seite: Kasse · Client-Zeit: 2026-05-05T17:55:13.419Z · letzter Sync Client: 2026-05-05T17:55:13.416Z · Automatisch nach Serveränderung synchronisiert."", ""id"": 503, ""person_id"": null, ""timestamp"": ""2026-05-05 19:55:13"", ""total"": 0.0, ""type"": ""SYNC_COMPLETED""}"
2026-05-08_224617;C:\Users\Dani\Documents\CODEX-Projects\drink_pos\data\drink_pos_dev.db;data;transactions;504;"{""details"": ""Synchronisiert · Seite: Organisation · Client-Zeit: 2026-05-05T17:55:42.845Z · letzter Sync Client: 2026-05-05T17:55:42.828Z · Automatisch nach Serveränderung synchronisiert."", ""id"": 504, ""person_id"": null, ""timestamp"": ""2026-05-05 19:55:42"", ""total"": 0.0, ""type"": ""SYNC_COMPLETED""}"
2026-05-08_224617;C:\Users\Dani\Documents\CODEX-Projects\drink_pos\data\drink_pos_dev.db;data;transactions;505;"{""details"": ""Synchronisiert · Seite: Kasse · Client-Zeit: 2026-05-05T17:55:43.421Z · letzter Sync Client: 2026-05-05T17:55:43.418Z · Automatisch nach Serveränderung synchronisiert."", ""id"": 505, ""person_id"": null, ""timestamp"": ""2026-05-05 19:55:43"", ""total"": 0.0, ""type"": ""SYNC_COMPLETED""}"
2026-05-08_224617;C:\Users\Dani\Documents\CODEX-Projects\drink_pos\data\drink_pos_dev.db;data;transactions;506;"{""details"": ""Synchronisiert · Seite: Organisation · Client-Zeit: 2026-05-05T17:56:12.958Z · letzter Sync Client: 2026-05-05T17:56:12.941Z · Automatisch nach Serveränderung synchronisiert."", ""id"": 506, ""person_id"": null, ""timestamp"": ""2026-05-05 19:56:12"", ""total"": 0.0, ""type"": ""SYNC_COMPLETED""}"
2026-05-08_224617;C:\Users\Dani\Documents\CODEX-Projects\drink_pos\data\drink_pos_dev.db;data;transactions;507;"{""details"": ""Synchronisiert · Seite: Kasse · Client-Zeit: 2026-05-05T17:56:13.405Z · letzter Sync Client: 2026-05-05T17:56:13.401Z · Automatisch nach Serveränderung synchronisiert."", ""id"": 507, ""person_id"": null, ""timestamp"": ""2026-05-05 19:56:13"", ""total"": 0.0, ""type"": ""SYNC_COMPLETED""}"
2026-05-08_224617;C:\Users\Dani\Documents\CODEX-Projects\drink_pos\data\drink_pos_dev.db;data;transactions;508;"{""details"": ""+1x Bier klein à € 1,80"", ""id"": 508, ""person_id"": 61, ""timestamp"": ""2026-05-05 19:56:45"", ""total"": 1.8, ""type"": ""CONSUME""}"
2026-05-08_224617;C:\Users\Dani\Documents\CODEX-Projects\drink_pos\data\drink_pos_dev.db;data;transactions;509;"{""details"": ""+1x Bier gross à € 2,50"", ""id"": 509, ""person_id"": 61, ""timestamp"": ""2026-05-05 19:56:46"", ""total"": 2.5, ""type"": ""CONSUME""}"
2026-05-08_224617;C:\Users\Dani\Documents\CODEX-Projects\drink_pos\data\drink_pos_dev.db;data;transactions;510;"{""details"": ""+1x 1 Runde à € 40,00"", ""id"": 510, ""person_id"": 61, ""timestamp"": ""2026-05-05 19:56:46"", ""total"": 40.0, ""type"": ""CONSUME""}"
2026-05-08_224617;C:\Users\Dani\Documents\CODEX-Projects\drink_pos\data\drink_pos_dev.db;data;transactions;511;"{""details"": ""Synchronisiert · Seite: Kasse · Client-Zeit: 2026-05-05T17:57:02.013Z · letzter Sync Client: 2026-05-05T17:57:02.007Z · Automatisch nach Serveränderung synchronisiert."", ""id"": 511, ""person_id"": null, ""timestamp"": ""2026-05-05 19:57:02"", ""total"": 0.0, ""type"": ""SYNC_COMPLETED""}"
2026-05-08_224617;C:\Users\Dani\Documents\CODEX-Projects\drink_pos\data\drink_pos_dev.db;data;transactions;512;"{""details"": ""Synchronisiert · Seite: Kasse · Client-Zeit: 2026-05-05T17:57:13.419Z · letzter Sync Client: 2026-05-05T17:57:13.415Z · Automatisch nach Serveränderung synchronisiert."", ""id"": 512, ""person_id"": null, ""timestamp"": ""2026-05-05 19:57:13"", ""total"": 0.0, ""type"": ""SYNC_COMPLETED""}"
2026-05-08_224617;C:\Users\Dani\Documents\CODEX-Projects\drink_pos\data\drink_pos_dev.db;data;transactions;513;"{""details"": ""Synchronisiert · Seite: Kasse · Client-Zeit: 2026-05-05T17:57:33.964Z · letzter Sync Client: 2026-05-05T17:57:33.960Z · Automatisch nach Serveränderung synchronisiert."", ""id"": 513, ""person_id"": null, ""timestamp"": ""2026-05-05 19:57:33"", ""total"": 0.0, ""type"": ""SYNC_COMPLETED""}"
2026-05-08_224617;C:\Users\Dani\Documents\CODEX-Projects\drink_pos\data\drink_pos_dev.db;data;transactions;514;"{""details"": ""Synchronisiert · Seite: Kasse · Client-Zeit: 2026-05-05T17:57:43.421Z · letzter Sync Client: 2026-05-05T17:57:43.417Z · Automatisch nach Serveränderung synchronisiert."", ""id"": 514, ""person_id"": null, ""timestamp"": ""2026-05-05 19:57:43"", ""total"": 0.0, ""type"": ""SYNC_COMPLETED""}"
2026-05-08_224617;C:\Users\Dani\Documents\CODEX-Projects\drink_pos\data\drink_pos_dev.db;data;transactions;515;"{""details"": ""Synchronisiert · Seite: Kasse · Client-Zeit: 2026-05-05T17:58:06.719Z · letzter Sync Client: 2026-05-05T17:58:06.716Z · Automatisch nach Serveränderung synchronisiert."", ""id"": 515, ""person_id"": null, ""timestamp"": ""2026-05-05 19:58:06"", ""total"": 0.0, ""type"": ""SYNC_COMPLETED""}"
2026-05-08_224617;C:\Users\Dani\Documents\CODEX-Projects\drink_pos\data\drink_pos_dev.db;data;transactions;516;"{""details"": ""Synchronisiert · Seite: Kasse · Client-Zeit: 2026-05-05T17:58:13.457Z · letzter Sync Client: 2026-05-05T17:58:13.454Z · Automatisch nach Serveränderung synchronisiert."", ""id"": 516, ""person_id"": null, ""timestamp"": ""2026-05-05 19:58:13"", ""total"": 0.0, ""type"": ""SYNC_COMPLETED""}"
2026-05-08_224617;C:\Users\Dani\Documents\CODEX-Projects\drink_pos\data\drink_pos_dev.db;data;transactions;517;"{""details"": ""Synchronisiert · Seite: Kasse · Client-Zeit: 2026-05-05T17:58:19.259Z · letzter Sync Client: 2026-05-05T17:58:19.255Z · Automatisch nach Serveränderung synchronisiert."", ""id"": 517, ""person_id"": null, ""timestamp"": ""2026-05-05 19:58:19"", ""total"": 0.0, ""type"": ""SYNC_COMPLETED""}"
2026-05-08_224617;C:\Users\Dani\Documents\CODEX-Projects\drink_pos\data\drink_pos_dev.db;data;transactions;518;"{""details"": ""Synchronisiert · Seite: Kasse · Client-Zeit: 2026-05-05T17:58:40.416Z · letzter Sync Client: 2026-05-05T17:58:40.411Z · Automatisch nach Serveränderung synchronisiert."", ""id"": 518, ""person_id"": null, ""timestamp"": ""2026-05-05 19:58:40"", ""total"": 0.0, ""type"": ""SYNC_COMPLETED""}"
2026-05-08_224617;C:\Users\Dani\Documents\CODEX-Projects\drink_pos\data\drink_pos_dev.db;data;transactions;519;"{""details"": ""+1x Bier gross à € 2,50"", ""id"": 519, ""person_id"": 55, ""timestamp"": ""2026-05-05 19:58:49"", ""total"": 2.5, ""type"": ""CONSUME""}"
2026-05-08_224617;C:\Users\Dani\Documents\CODEX-Projects\drink_pos\data\drink_pos_dev.db;data;transactions;520;"{""details"": ""+1x Bier klein à € 1,80"", ""id"": 520, ""person_id"": 55, ""timestamp"": ""2026-05-05 19:58:49"", ""total"": 1.8, ""type"": ""CONSUME""}"
2026-05-08_224617;C:\Users\Dani\Documents\CODEX-Projects\drink_pos\data\drink_pos_dev.db;data;transactions;521;"{""details"": ""+1x Limo à € 1,00"", ""id"": 521, ""person_id"": 55, ""timestamp"": ""2026-05-05 19:58:49"", ""total"": 1.0, ""type"": ""CONSUME""}"
2026-05-08_224617;C:\Users\Dani\Documents\CODEX-Projects\drink_pos\data\drink_pos_dev.db;data;transactions;522;"{""details"": ""Runde angefragt: +1x 1 Runde"", ""id"": 522, ""person_id"": 55, ""timestamp"": ""2026-05-05 19:58:53"", ""total"": 0.0, ""type"": ""ROUND_REQUEST""}"
2026-05-08_224617;C:\Users\Dani\Documents\CODEX-Projects\drink_pos\data\drink_pos_dev.db;data;transactions;523;"{""details"": ""Rundenanfrage bestätigt: +1x 1 Runde für Schwarz Eliana"", ""id"": 523, ""person_id"": 55, ""timestamp"": ""2026-05-05 19:59:05"", ""total"": 40.0, ""type"": ""ROUND_REQUEST_APPROVED""}"
2026-05-08_224617;C:\Users\Dani\Documents\CODEX-Projects\drink_pos\data\drink_pos_dev.db;data;transactions;524;"{""details"": ""Synchronisiert · Seite: Kasse · Client-Zeit: 2026-05-05T17:59:07.015Z · letzter Sync Client: 2026-05-05T17:59:07.012Z · Automatisch nach Serveränderung synchronisiert."", ""id"": 524, ""person_id"": null, ""timestamp"": ""2026-05-05 19:59:07"", ""total"": 0.0, ""type"": ""SYNC_COMPLETED""}"
2026-05-08_224617;C:\Users\Dani\Documents\CODEX-Projects\drink_pos\data\drink_pos_dev.db;data;transactions;525;"{""details"": ""Synchronisiert · Seite: Kasse · Client-Zeit: 2026-05-05T17:59:13.417Z · letzter Sync Client: 2026-05-05T17:59:13.413Z · Automatisch nach Serveränderung synchronisiert."", ""id"": 525, ""person_id"": null, ""timestamp"": ""2026-05-05 19:59:13"", ""total"": 0.0, ""type"": ""SYNC_COMPLETED""}"
2026-05-08_224617;C:\Users\Dani\Documents\CODEX-Projects\drink_pos\data\drink_pos_dev.db;data;transactions;526;"{""details"": ""Synchronisiert · Seite: Kasse · Client-Zeit: 2026-05-05T17:59:39.819Z · letzter Sync Client: 2026-05-05T17:59:39.816Z · Automatisch nach Serveränderung synchronisiert."", ""id"": 526, ""person_id"": null, ""timestamp"": ""2026-05-05 19:59:39"", ""total"": 0.0, ""type"": ""SYNC_COMPLETED""}"
2026-05-08_224617;C:\Users\Dani\Documents\CODEX-Projects\drink_pos\data\drink_pos_dev.db;data;transactions;527;"{""details"": ""Synchronisiert · Seite: Kasse · Client-Zeit: 2026-05-05T17:59:43.422Z · letzter Sync Client: 2026-05-05T17:59:43.418Z · Automatisch nach Serveränderung synchronisiert."", ""id"": 527, ""person_id"": null, ""timestamp"": ""2026-05-05 19:59:43"", ""total"": 0.0, ""type"": ""SYNC_COMPLETED""}"
2026-05-08_224617;C:\Users\Dani\Documents\CODEX-Projects\drink_pos\data\drink_pos_dev.db;data;transactions;528;"{""details"": ""Synchronisiert · Seite: Kasse · Client-Zeit: 2026-05-05T18:00:10.396Z · letzter Sync Client: 2026-05-05T18:00:10.393Z · Automatisch nach Serveränderung synchronisiert."", ""id"": 528, ""person_id"": null, ""timestamp"": ""2026-05-05 20:00:10"", ""total"": 0.0, ""type"": ""SYNC_COMPLETED""}"
2026-05-08_224617;C:\Users\Dani\Documents\CODEX-Projects\drink_pos\data\drink_pos_dev.db;data;transactions;529;"{""details"": ""Synchronisiert · Seite: Kasse · Client-Zeit: 2026-05-05T18:00:13.423Z · letzter Sync Client: 2026-05-05T18:00:13.419Z · Automatisch nach Serveränderung synchronisiert."", ""id"": 529, ""person_id"": null, ""timestamp"": ""2026-05-05 20:00:13"", ""total"": 0.0, ""type"": ""SYNC_COMPLETED""}"
2026-05-08_224617;C:\Users\Dani\Documents\CODEX-Projects\drink_pos\data\drink_pos_dev.db;data;transactions;530;"{""details"": ""Synchronisiert · Seite: Kasse · Client-Zeit: 2026-05-05T18:00:44.114Z · letzter Sync Client: 2026-05-05T18:00:44.111Z · Automatisch nach Serveränderung synchronisiert."", ""id"": 530, ""person_id"": null, ""timestamp"": ""2026-05-05 20:00:44"", ""total"": 0.0, ""type"": ""SYNC_COMPLETED""}"
2026-05-08_224617;C:\Users\Dani\Documents\CODEX-Projects\drink_pos\data\drink_pos_dev.db;data;transactions;531;"{""details"": ""Synchronisiert · Seite: Kasse · Client-Zeit: 2026-05-05T18:01:13.422Z · letzter Sync Client: 2026-05-05T18:01:13.419Z · Automatisch nach Serveränderung synchronisiert."", ""id"": 531, ""person_id"": null, ""timestamp"": ""2026-05-05 20:01:13"", ""total"": 0.0, ""type"": ""SYNC_COMPLETED""}"
2026-05-08_224617;C:\Users\Dani\Documents\CODEX-Projects\drink_pos\data\drink_pos_dev.db;data;transactions;532;"{""details"": ""Synchronisiert · Seite: Kasse · Client-Zeit: 2026-05-05T18:01:17.832Z · letzter Sync Client: 2026-05-05T18:01:17.828Z · Automatisch nach Serveränderung synchronisiert."", ""id"": 532, ""person_id"": null, ""timestamp"": ""2026-05-05 20:01:17"", ""total"": 0.0, ""type"": ""SYNC_COMPLETED""}"
2026-05-08_224617;C:\Users\Dani\Documents\CODEX-Projects\drink_pos\data\drink_pos_dev.db;data;transactions;533;"{""details"": ""Synchronisiert · Seite: Kasse · Client-Zeit: 2026-05-05T18:01:43.418Z · letzter Sync Client: 2026-05-05T18:01:43.414Z · Automatisch nach Serveränderung synchronisiert."", ""id"": 533, ""person_id"": null, ""timestamp"": ""2026-05-05 20:01:43"", ""total"": 0.0, ""type"": ""SYNC_COMPLETED""}"
2026-05-08_224617;C:\Users\Dani\Documents\CODEX-Projects\drink_pos\data\drink_pos_dev.db;data;transactions;534;"{""details"": ""Synchronisiert · Seite: Kasse · Client-Zeit: 2026-05-05T18:01:51.550Z · letzter Sync Client: 2026-05-05T18:01:51.546Z · Automatisch nach Serveränderung synchronisiert."", ""id"": 534, ""person_id"": null, ""timestamp"": ""2026-05-05 20:01:51"", ""total"": 0.0, ""type"": ""SYNC_COMPLETED""}"
2026-05-08_224617;C:\Users\Dani\Documents\CODEX-Projects\drink_pos\data\drink_pos_dev.db;data;transactions;535;"{""details"": ""Verbindung verloren · Seite: Kasse · Client-Zeit: 2026-05-05T18:02:31.619Z · letzter Sync Client: 2026-05-05T18:01:51.546Z · Server nicht erreichbar."", ""id"": 535, ""person_id"": null, ""timestamp"": ""2026-05-05 20:03:30"", ""total"": 0.0, ""type"": ""CONNECTION_LOST""}"
2026-05-08_224617;C:\Users\Dani\Documents\CODEX-Projects\drink_pos\data\drink_pos_dev.db;data;transactions;536;"{""details"": ""Verbindung aufgenommen · Seite: Kasse · Client-Zeit: 2026-05-05T18:03:30.853Z · letzter Sync Client: 2026-05-05T18:03:30.853Z · Verbindung zum Server wieder erreichbar."", ""id"": 536, ""person_id"": null, ""timestamp"": ""2026-05-05 20:03:30"", ""total"": 0.0, ""type"": ""CONNECTION_RESTORED""}"
2026-05-08_224617;C:\Users\Dani\Documents\CODEX-Projects\drink_pos\data\drink_pos_dev.db;data;transactions;537;"{""details"": ""Verbindung verloren · Seite: Kasse · Client-Zeit: 2026-05-05T18:02:15.417Z · letzter Sync Client: 2026-05-05T18:01:43.414Z · Server nicht erreichbar."", ""id"": 537, ""person_id"": null, ""timestamp"": ""2026-05-05 20:03:43"", ""total"": 0.0, ""type"": ""CONNECTION_LOST""}"
2026-05-08_224617;C:\Users\Dani\Documents\CODEX-Projects\drink_pos\data\drink_pos_dev.db;data;transactions;538;"{""details"": ""Verbindung aufgenommen · Seite: Kasse · Client-Zeit: 2026-05-05T18:03:43.382Z · letzter Sync Client: 2026-05-05T18:03:43.382Z · Verbindung zum Server wieder erreichbar."", ""id"": 538, ""person_id"": null, ""timestamp"": ""2026-05-05 20:03:43"", ""total"": 0.0, ""type"": ""CONNECTION_RESTORED""}"
2026-05-08_224617;C:\Users\Dani\Documents\CODEX-Projects\drink_pos\data\drink_pos_dev.db;data;transactions;539;"{""details"": ""Synchronisiert · Seite: Kasse · Client-Zeit: 2026-05-05T18:04:04.595Z · letzter Sync Client: 2026-05-05T18:04:04.590Z · Automatisch nach Serveränderung synchronisiert."", ""id"": 539, ""person_id"": null, ""timestamp"": ""2026-05-05 20:04:04"", ""total"": 0.0, ""type"": ""SYNC_COMPLETED""}"
2026-05-08_224617;C:\Users\Dani\Documents\CODEX-Projects\drink_pos\data\drink_pos_dev.db;data;transactions;540;"{""details"": ""Synchronisiert · Seite: Kasse · Client-Zeit: 2026-05-05T18:04:13.417Z · letzter Sync Client: 2026-05-05T18:04:13.413Z · Automatisch nach Serveränderung synchronisiert."", ""id"": 540, ""person_id"": null, ""timestamp"": ""2026-05-05 20:04:13"", ""total"": 0.0, ""type"": ""SYNC_COMPLETED""}"
2026-05-08_224617;C:\Users\Dani\Documents\CODEX-Projects\drink_pos\data\drink_pos_dev.db;data;transactions;541;"{""details"": ""Synchronisiert · Seite: Kasse · Client-Zeit: 2026-05-05T18:04:36.839Z · letzter Sync Client: 2026-05-05T18:04:36.835Z · Automatisch nach Serveränderung synchronisiert."", ""id"": 541, ""person_id"": null, ""timestamp"": ""2026-05-05 20:04:36"", ""total"": 0.0, ""type"": ""SYNC_COMPLETED""}"
2026-05-08_224617;C:\Users\Dani\Documents\CODEX-Projects\drink_pos\data\drink_pos_dev.db;data;transactions;542;"{""details"": ""Synchronisiert · Seite: Kasse · Client-Zeit: 2026-05-05T18:04:43.407Z · letzter Sync Client: 2026-05-05T18:04:43.404Z · Automatisch nach Serveränderung synchronisiert."", ""id"": 542, ""person_id"": null, ""timestamp"": ""2026-05-05 20:04:43"", ""total"": 0.0, ""type"": ""SYNC_COMPLETED""}"
2026-05-08_224617;C:\Users\Dani\Documents\CODEX-Projects\drink_pos\data\drink_pos_dev.db;data;transactions;543;"{""details"": ""Synchronisiert · Seite: Kasse · Client-Zeit: 2026-05-05T18:04:48.408Z · letzter Sync Client: 2026-05-05T18:04:48.405Z · Automatisch nach Serveränderung synchronisiert."", ""id"": 543, ""person_id"": null, ""timestamp"": ""2026-05-05 20:04:48"", ""total"": 0.0, ""type"": ""SYNC_COMPLETED""}"
2026-05-08_224617;C:\Users\Dani\Documents\CODEX-Projects\drink_pos\data\drink_pos_dev.db;data;transactions;544;"{""details"": ""Synchronisiert · Seite: Kasse · Client-Zeit: 2026-05-05T18:04:53.481Z · letzter Sync Client: 2026-05-05T18:04:53.478Z · Automatisch nach Serveränderung synchronisiert."", ""id"": 544, ""person_id"": null, ""timestamp"": ""2026-05-05 20:04:53"", ""total"": 0.0, ""type"": ""SYNC_COMPLETED""}"
2026-05-08_224617;C:\Users\Dani\Documents\CODEX-Projects\drink_pos\data\drink_pos_dev.db;data;transactions;545;"{""details"": ""+1x Bier klein à € 1,80"", ""id"": 545, ""person_id"": 32, ""timestamp"": ""2026-05-05 20:04:56"", ""total"": 1.8, ""type"": ""CONSUME""}"
2026-05-08_224617;C:\Users\Dani\Documents\CODEX-Projects\drink_pos\data\drink_pos_dev.db;data;transactions;546;"{""details"": ""+1x Bier gross à € 2,50"", ""id"": 546, ""person_id"": 32, ""timestamp"": ""2026-05-05 20:04:56"", ""total"": 2.5, ""type"": ""CONSUME""}"
2026-05-08_224617;C:\Users\Dani\Documents\CODEX-Projects\drink_pos\data\drink_pos_dev.db;data;transactions;547;"{""details"": ""Runde angefragt: +1x 1 Runde"", ""id"": 547, ""person_id"": 33, ""timestamp"": ""2026-05-05 20:04:59"", ""total"": 0.0, ""type"": ""ROUND_REQUEST""}"
2026-05-08_224617;C:\Users\Dani\Documents\CODEX-Projects\drink_pos\data\drink_pos_dev.db;data;transactions;548;"{""details"": ""Synchronisiert · Seite: Kasse · Client-Zeit: 2026-05-05T18:05:13.459Z · letzter Sync Client: 2026-05-05T18:05:13.456Z · Automatisch nach Serveränderung synchronisiert."", ""id"": 548, ""person_id"": null, ""timestamp"": ""2026-05-05 20:05:13"", ""total"": 0.0, ""type"": ""SYNC_COMPLETED""}"
2026-05-08_224617;C:\Users\Dani\Documents\CODEX-Projects\drink_pos\data\drink_pos_dev.db;data;transactions;549;"{""details"": ""Synchronisiert · Seite: Organisation · Client-Zeit: 2026-05-05T18:05:36.479Z · letzter Sync Client: 2026-05-05T18:05:36.459Z · Automatisch nach Serveränderung synchronisiert."", ""id"": 549, ""person_id"": null, ""timestamp"": ""2026-05-05 20:05:36"", ""total"": 0.0, ""type"": ""SYNC_COMPLETED""}"
2026-05-08_224617;C:\Users\Dani\Documents\CODEX-Projects\drink_pos\data\drink_pos_dev.db;data;transactions;550;"{""details"": ""Synchronisiert · Seite: Kasse · Client-Zeit: 2026-05-05T18:05:43.456Z · letzter Sync Client: 2026-05-05T18:05:43.454Z · Automatisch nach Serveränderung synchronisiert."", ""id"": 550, ""person_id"": null, ""timestamp"": ""2026-05-05 20:05:43"", ""total"": 0.0, ""type"": ""SYNC_COMPLETED""}"
2026-05-08_224617;C:\Users\Dani\Documents\CODEX-Projects\drink_pos\data\drink_pos_dev.db;data;transactions;551;"{""details"": ""Synchronisiert · Seite: Organisation · Client-Zeit: 2026-05-05T18:06:06.528Z · letzter Sync Client: 2026-05-05T18:06:06.510Z · Automatisch nach Serveränderung synchronisiert."", ""id"": 551, ""person_id"": null, ""timestamp"": ""2026-05-05 20:06:06"", ""total"": 0.0, ""type"": ""SYNC_COMPLETED""}"
2026-05-08_224617;C:\Users\Dani\Documents\CODEX-Projects\drink_pos\data\drink_pos_dev.db;data;transactions;552;"{""details"": ""Synchronisiert · Seite: Kasse · Client-Zeit: 2026-05-05T18:06:43.903Z · letzter Sync Client: 2026-05-05T18:06:43.898Z · Automatisch nach Serveränderung synchronisiert."", ""id"": 552, ""person_id"": null, ""timestamp"": ""2026-05-05 20:06:43"", ""total"": 0.0, ""type"": ""SYNC_COMPLETED""}"
2026-05-08_224617;C:\Users\Dani\Documents\CODEX-Projects\drink_pos\data\drink_pos_dev.db;data;transactions;553;"{""details"": ""Synchronisiert · Seite: Kasse · Client-Zeit: 2026-05-05T18:07:05.840Z · letzter Sync Client: 2026-05-05T18:07:05.837Z · Automatisch nach Serveränderung synchronisiert."", ""id"": 553, ""person_id"": null, ""timestamp"": ""2026-05-05 20:07:05"", ""total"": 0.0, ""type"": ""SYNC_COMPLETED""}"
2026-05-08_224617;C:\Users\Dani\Documents\CODEX-Projects\drink_pos\data\drink_pos_dev.db;data;transactions;554;"{""details"": ""Synchronisiert · Seite: Kasse · Client-Zeit: 2026-05-05T18:07:13.422Z · letzter Sync Client: 2026-05-05T18:07:13.417Z · Automatisch nach Serveränderung synchronisiert."", ""id"": 554, ""person_id"": null, ""timestamp"": ""2026-05-05 20:07:13"", ""total"": 0.0, ""type"": ""SYNC_COMPLETED""}"
2026-05-08_224617;C:\Users\Dani\Documents\CODEX-Projects\drink_pos\data\drink_pos_dev.db;data;transactions;555;"{""details"": ""Synchronisiert · Seite: Kasse · Client-Zeit: 2026-05-05T18:07:35.903Z · letzter Sync Client: 2026-05-05T18:07:35.900Z · Automatisch nach Serveränderung synchronisiert."", ""id"": 555, ""person_id"": null, ""timestamp"": ""2026-05-05 20:07:35"", ""total"": 0.0, ""type"": ""SYNC_COMPLETED""}"
2026-05-08_224617;C:\Users\Dani\Documents\CODEX-Projects\drink_pos\data\drink_pos_dev.db;data;transactions;556;"{""details"": ""Synchronisiert · Seite: Kasse · Client-Zeit: 2026-05-05T18:07:43.415Z · letzter Sync Client: 2026-05-05T18:07:43.412Z · Automatisch nach Serveränderung synchronisiert."", ""id"": 556, ""person_id"": null, ""timestamp"": ""2026-05-05 20:07:43"", ""total"": 0.0, ""type"": ""SYNC_COMPLETED""}"
2026-05-08_224617;C:\Users\Dani\Documents\CODEX-Projects\drink_pos\data\drink_pos_dev.db;data;transactions;557;"{""details"": ""Synchronisiert · Seite: Kasse · Client-Zeit: 2026-05-05T18:08:09.608Z · letzter Sync Client: 2026-05-05T18:08:09.604Z · Automatisch nach Serveränderung synchronisiert."", ""id"": 557, ""person_id"": null, ""timestamp"": ""2026-05-05 20:08:09"", ""total"": 0.0, ""type"": ""SYNC_COMPLETED""}"
2026-05-08_224617;C:\Users\Dani\Documents\CODEX-Projects\drink_pos\data\drink_pos_dev.db;data;transactions;558;"{""details"": ""Synchronisiert · Seite: Kasse · Client-Zeit: 2026-05-05T18:08:13.418Z · letzter Sync Client: 2026-05-05T18:08:13.415Z · Automatisch nach Serveränderung synchronisiert."", ""id"": 558, ""person_id"": null, ""timestamp"": ""2026-05-05 20:08:13"", ""total"": 0.0, ""type"": ""SYNC_COMPLETED""}"
2026-05-08_224617;C:\Users\Dani\Documents\CODEX-Projects\drink_pos\data\drink_pos_dev.db;data;transactions;559;"{""details"": ""Synchronisiert · Seite: Kasse · Client-Zeit: 2026-05-05T18:08:42.987Z · letzter Sync Client: 2026-05-05T18:08:42.983Z · Automatisch nach Serveränderung synchronisiert."", ""id"": 559, ""person_id"": null, ""timestamp"": ""2026-05-05 20:08:42"", ""total"": 0.0, ""type"": ""SYNC_COMPLETED""}"
2026-05-08_224617;C:\Users\Dani\Documents\CODEX-Projects\drink_pos\data\drink_pos_dev.db;data;transactions;560;"{""details"": ""Synchronisiert · Seite: Kasse · Client-Zeit: 2026-05-05T18:08:43.412Z · letzter Sync Client: 2026-05-05T18:08:43.408Z · Automatisch nach Serveränderung synchronisiert."", ""id"": 560, ""person_id"": null, ""timestamp"": ""2026-05-05 20:08:43"", ""total"": 0.0, ""type"": ""SYNC_COMPLETED""}"
2026-05-08_224617;C:\Users\Dani\Documents\CODEX-Projects\drink_pos\data\drink_pos_dev.db;data;transactions;561;"{""details"": ""Runde angefragt: +1x 1 Runde"", ""id"": 561, ""person_id"": 23, ""timestamp"": ""2026-05-05 20:15:21"", ""total"": 0.0, ""type"": ""ROUND_REQUEST""}"
2026-05-08_224617;C:\Users\Dani\Documents\CODEX-Projects\drink_pos\data\drink_pos_dev.db;data;transactions;562;"{""details"": ""Synchronisiert · Seite: Kasse · Client-Zeit: 2026-05-05T18:15:34.101Z · letzter Sync Client: 2026-05-05T18:15:34.097Z · Automatisch nach Serveränderung synchronisiert."", ""id"": 562, ""person_id"": null, ""timestamp"": ""2026-05-05 20:15:34"", ""total"": 0.0, ""type"": ""SYNC_COMPLETED""}"
2026-05-08_224617;C:\Users\Dani\Documents\CODEX-Projects\drink_pos\data\drink_pos_dev.db;data;transactions;563;"{""details"": ""Synchronisiert · Seite: Organisation · Client-Zeit: 2026-05-05T18:15:41.877Z · letzter Sync Client: 2026-05-05T18:15:41.853Z · Automatisch nach Serveränderung synchronisiert."", ""id"": 563, ""person_id"": null, ""timestamp"": ""2026-05-05 20:15:41"", ""total"": 0.0, ""type"": ""SYNC_COMPLETED""}"
2026-05-08_224617;C:\Users\Dani\Documents\CODEX-Projects\drink_pos\data\drink_pos_dev.db;data;transactions;564;"{""details"": ""Synchronisiert · Seite: Kasse · Client-Zeit: 2026-05-05T18:15:43.474Z · letzter Sync Client: 2026-05-05T18:15:43.470Z · Automatisch nach Serveränderung synchronisiert."", ""id"": 564, ""person_id"": null, ""timestamp"": ""2026-05-05 20:15:43"", ""total"": 0.0, ""type"": ""SYNC_COMPLETED""}"
2026-05-08_224617;C:\Users\Dani\Documents\CODEX-Projects\drink_pos\data\drink_pos_dev.db;data;transactions;565;"{""details"": ""Synchronisiert · Seite: Organisation · Client-Zeit: 2026-05-05T18:16:13.342Z · letzter Sync Client: 2026-05-05T18:16:13.318Z · Automatisch nach Serveränderung synchronisiert."", ""id"": 565, ""person_id"": null, ""timestamp"": ""2026-05-05 20:16:13"", ""total"": 0.0, ""type"": ""SYNC_COMPLETED""}"
2026-05-08_224617;C:\Users\Dani\Documents\CODEX-Projects\drink_pos\data\drink_pos_dev.db;data;transactions;566;"{""details"": ""Synchronisiert · Seite: Kasse · Client-Zeit: 2026-05-05T18:16:13.434Z · letzter Sync Client: 2026-05-05T18:16:13.426Z · Automatisch nach Serveränderung synchronisiert."", ""id"": 566, ""person_id"": null, ""timestamp"": ""2026-05-05 20:16:13"", ""total"": 0.0, ""type"": ""SYNC_COMPLETED""}"
2026-05-08_224617;C:\Users\Dani\Documents\CODEX-Projects\drink_pos\data\drink_pos_dev.db;data;transactions;567;"{""details"": ""Synchronisiert · Seite: Organisation · Client-Zeit: 2026-05-05T18:16:47.030Z · letzter Sync Client: 2026-05-05T18:16:47.009Z · Automatisch nach Serveränderung synchronisiert."", ""id"": 567, ""person_id"": null, ""timestamp"": ""2026-05-05 20:16:47"", ""total"": 0.0, ""type"": ""SYNC_COMPLETED""}"
2026-05-08_224617;C:\Users\Dani\Documents\CODEX-Projects\drink_pos\data\drink_pos_dev.db;data;transactions;568;"{""details"": ""Synchronisiert · Seite: Kasse · Client-Zeit: 2026-05-05T18:17:13.422Z · letzter Sync Client: 2026-05-05T18:17:13.418Z · Automatisch nach Serveränderung synchronisiert."", ""id"": 568, ""person_id"": null, ""timestamp"": ""2026-05-05 20:17:13"", ""total"": 0.0, ""type"": ""SYNC_COMPLETED""}"
2026-05-08_224617;C:\Users\Dani\Documents\CODEX-Projects\drink_pos\data\drink_pos_dev.db;data;transactions;569;"{""details"": ""Synchronisiert · Seite: Organisation · Client-Zeit: 2026-05-05T18:17:20.791Z · letzter Sync Client: 2026-05-05T18:17:20.768Z · Automatisch nach Serveränderung synchronisiert."", ""id"": 569, ""person_id"": null, ""timestamp"": ""2026-05-05 20:17:20"", ""total"": 0.0, ""type"": ""SYNC_COMPLETED""}"
2026-05-08_224617;C:\Users\Dani\Documents\CODEX-Projects\drink_pos\data\drink_pos_dev.db;data;transactions;570;"{""details"": ""Synchronisiert · Seite: Kasse · Client-Zeit: 2026-05-05T18:17:43.436Z · letzter Sync Client: 2026-05-05T18:17:43.432Z · Automatisch nach Serveränderung synchronisiert."", ""id"": 570, ""person_id"": null, ""timestamp"": ""2026-05-05 20:17:43"", ""total"": 0.0, ""type"": ""SYNC_COMPLETED""}"
2026-05-08_224617;C:\Users\Dani\Documents\CODEX-Projects\drink_pos\data\drink_pos_dev.db;data;transactions;571;"{""details"": ""Synchronisiert · Seite: Organisation · Client-Zeit: 2026-05-05T18:17:54.476Z · letzter Sync Client: 2026-05-05T18:17:54.453Z · Automatisch nach Serveränderung synchronisiert."", ""id"": 571, ""person_id"": null, ""timestamp"": ""2026-05-05 20:17:54"", ""total"": 0.0, ""type"": ""SYNC_COMPLETED""}"
2026-05-08_224617;C:\Users\Dani\Documents\CODEX-Projects\drink_pos\data\drink_pos_dev.db;data;transactions;572;"{""details"": ""Synchronisiert · Seite: Kasse · Client-Zeit: 2026-05-05T18:18:13.405Z · letzter Sync Client: 2026-05-05T18:18:13.402Z · Automatisch nach Serveränderung synchronisiert."", ""id"": 572, ""person_id"": null, ""timestamp"": ""2026-05-05 20:18:13"", ""total"": 0.0, ""type"": ""SYNC_COMPLETED""}"
2026-05-08_224617;C:\Users\Dani\Documents\CODEX-Projects\drink_pos\data\drink_pos_dev.db;data;transactions;573;"{""details"": ""Synchronisiert · Seite: Organisation · Client-Zeit: 2026-05-05T18:18:28.187Z · letzter Sync Client: 2026-05-05T18:18:28.165Z · Automatisch nach Serveränderung synchronisiert."", ""id"": 573, ""person_id"": null, ""timestamp"": ""2026-05-05 20:18:28"", ""total"": 0.0, ""type"": ""SYNC_COMPLETED""}"
2026-05-08_224617;C:\Users\Dani\Documents\CODEX-Projects\drink_pos\data\drink_pos_dev.db;data;transactions;574;"{""details"": ""Synchronisiert · Seite: Kasse · Client-Zeit: 2026-05-05T18:18:43.413Z · letzter Sync Client: 2026-05-05T18:18:43.410Z · Automatisch nach Serveränderung synchronisiert."", ""id"": 574, ""person_id"": null, ""timestamp"": ""2026-05-05 20:18:43"", ""total"": 0.0, ""type"": ""SYNC_COMPLETED""}"
2026-05-08_224617;C:\Users\Dani\Documents\CODEX-Projects\drink_pos\data\drink_pos_dev.db;data;transactions;575;"{""details"": ""Synchronisiert · Seite: Organisation · Client-Zeit: 2026-05-05T18:19:01.894Z · letzter Sync Client: 2026-05-05T18:19:01.871Z · Automatisch nach Serveränderung synchronisiert."", ""id"": 575, ""person_id"": null, ""timestamp"": ""2026-05-05 20:19:01"", ""total"": 0.0, ""type"": ""SYNC_COMPLETED""}"
2026-05-08_224617;C:\Users\Dani\Documents\CODEX-Projects\drink_pos\data\drink_pos_dev.db;data;transactions;576;"{""details"": ""Synchronisiert · Seite: Kasse · Client-Zeit: 2026-05-05T18:19:13.421Z · letzter Sync Client: 2026-05-05T18:19:13.418Z · Automatisch nach Serveränderung synchronisiert."", ""id"": 576, ""person_id"": null, ""timestamp"": ""2026-05-05 20:19:13"", ""total"": 0.0, ""type"": ""SYNC_COMPLETED""}"
2026-05-08_224617;C:\Users\Dani\Documents\CODEX-Projects\drink_pos\data\drink_pos_dev.db;data;transactions;577;"{""details"": ""Synchronisiert · Seite: Organisation · Client-Zeit: 2026-05-05T18:19:35.625Z · letzter Sync Client: 2026-05-05T18:19:35.602Z · Automatisch nach Serveränderung synchronisiert."", ""id"": 577, ""person_id"": null, ""timestamp"": ""2026-05-05 20:19:35"", ""total"": 0.0, ""type"": ""SYNC_COMPLETED""}"
2026-05-08_224617;C:\Users\Dani\Documents\CODEX-Projects\drink_pos\data\drink_pos_dev.db;data;transactions;578;"{""details"": ""Synchronisiert · Seite: Kasse · Client-Zeit: 2026-05-05T18:19:43.416Z · letzter Sync Client: 2026-05-05T18:19:43.413Z · Automatisch nach Serveränderung synchronisiert."", ""id"": 578, ""person_id"": null, ""timestamp"": ""2026-05-05 20:19:43"", ""total"": 0.0, ""type"": ""SYNC_COMPLETED""}"
2026-05-08_224617;C:\Users\Dani\Documents\CODEX-Projects\drink_pos\data\drink_pos_dev.db;data;transactions;579;"{""details"": ""Synchronisiert · Seite: Organisation · Client-Zeit: 2026-05-05T18:20:09.341Z · letzter Sync Client: 2026-05-05T18:20:09.318Z · Automatisch nach Serveränderung synchronisiert."", ""id"": 579, ""person_id"": null, ""timestamp"": ""2026-05-05 20:20:09"", ""total"": 0.0, ""type"": ""SYNC_COMPLETED""}"
2026-05-08_224617;C:\Users\Dani\Documents\CODEX-Projects\drink_pos\data\drink_pos_dev.db;data;transactions;580;"{""details"": ""Synchronisiert · Seite: Kasse · Client-Zeit: 2026-05-05T18:20:09.565Z · letzter Sync Client: 2026-05-05T18:20:09.562Z · Automatisch nach Serveränderung synchronisiert."", ""id"": 580, ""person_id"": null, ""timestamp"": ""2026-05-05 20:20:09"", ""total"": 0.0, ""type"": ""SYNC_COMPLETED""}"
2026-05-08_224617;C:\Users\Dani\Documents\CODEX-Projects\drink_pos\data\drink_pos_dev.db;data;transactions;581;"{""details"": ""Rundenanfrage bestätigt: +1x 1 Runde für Loacker Benjamin"", ""id"": 581, ""person_id"": 33, ""timestamp"": ""2026-05-05 20:20:18"", ""total"": 40.0, ""type"": ""ROUND_REQUEST_APPROVED""}"
2026-05-08_224617;C:\Users\Dani\Documents\CODEX-Projects\drink_pos\data\drink_pos_dev.db;data;transactions;582;"{""details"": ""Runde selbst bestÃ¤tigt: +1x 1 Runde"", ""id"": 582, ""person_id"": 33, ""timestamp"": ""2026-05-05 20:20:31"", ""total"": 40.0, ""type"": ""ROUND_REQUEST_APPROVED""}"
2026-05-08_224617;C:\Users\Dani\Documents\CODEX-Projects\drink_pos\data\drink_pos_dev.db;data;transactions;583;"{""details"": ""Synchronisiert · Seite: Kasse · Client-Zeit: 2026-05-05T18:20:43.467Z · letzter Sync Client: 2026-05-05T18:20:43.464Z · Automatisch nach Serveränderung synchronisiert."", ""id"": 583, ""person_id"": null, ""timestamp"": ""2026-05-05 20:20:43"", ""total"": 0.0, ""type"": ""SYNC_COMPLETED""}"
2026-05-08_224617;C:\Users\Dani\Documents\CODEX-Projects\drink_pos\data\drink_pos_dev.db;data;transactions;584;"{""details"": ""Automatisch bei Kassensturz; bezahlt von Willinigg Mathias: Borufka Peter: -1x Limo | Lampert Rosalie: -1x Bier klein | Schwarz Eliana: -1x Limo | Willinigg Mathias: -1x Bier klein | Rundenpreis € 40,00; EK abgezogen € 2,90; Gewinn EKâ†’Rundenpreis € 37,10; VK abgezogen € 5,60; Gewinn/Verlust VKâ†’Rundenpreis € 34,40"", ""id"": 584, ""person_id"": null, ""timestamp"": ""2026-05-05 20:25:30"", ""total"": 5.6, ""type"": ""ROUND_DEDUCTED""}"
2026-05-08_224617;C:\Users\Dani\Documents\CODEX-Projects\drink_pos\data\drink_pos_dev.db;data;transactions;585;"{""details"": ""Automatisch bei Kassensturz; bezahlt von Schwarz Eliana: Borufka Peter: -1x Limo | Lampert Rosalie: -1x Bier gross | Schwarz Eliana: -1x Bier klein | Willinigg Mathias: -1x Bier gross | Rundenpreis € 40,00; EK abgezogen € 4,25; Gewinn EKâ†’Rundenpreis € 35,75; VK abgezogen € 7,80; Gewinn/Verlust VKâ†’Rundenpreis € 32,20"", ""id"": 585, ""person_id"": null, ""timestamp"": ""2026-05-05 20:25:30"", ""total"": 7.8, ""type"": ""ROUND_DEDUCTED""}"
2026-05-08_224617;C:\Users\Dani\Documents\CODEX-Projects\drink_pos\data\drink_pos_dev.db;data;transactions;586;"{""details"": ""Automatisch bei Kassensturz; bezahlt von Loacker Benjamin: Borufka Peter: -1x Limo | Schwarz Eliana: -1x Bier gross | Rundenpreis € 40,00; EK abgezogen € 1,85; Gewinn EKâ†’Rundenpreis € 38,15; VK abgezogen € 3,50; Gewinn/Verlust VKâ†’Rundenpreis € 36,50"", ""id"": 586, ""person_id"": null, ""timestamp"": ""2026-05-05 20:25:30"", ""total"": 3.5, ""type"": ""ROUND_DEDUCTED""}"
2026-05-08_224617;C:\Users\Dani\Documents\CODEX-Projects\drink_pos\data\drink_pos_dev.db;data;transactions;587;"{""details"": ""Automatisch bei Kassensturz; bezahlt von Loacker Benjamin: Borufka Peter: -1x Limo | Rundenpreis € 40,00; EK abgezogen € 0,45; Gewinn EKâ†’Rundenpreis € 39,55; VK abgezogen € 1,00; Gewinn/Verlust VKâ†’Rundenpreis € 39,00"", ""id"": 587, ""person_id"": null, ""timestamp"": ""2026-05-05 20:25:30"", ""total"": 1.0, ""type"": ""ROUND_DEDUCTED""}"
2026-05-08_224617;C:\Users\Dani\Documents\CODEX-Projects\drink_pos\data\drink_pos_dev.db;data;transactions;588;"{""details"": ""Kassensturz: 27 Striche auf offene Rechnungen übertragen; Summe € 200,80"", ""id"": 588, ""person_id"": null, ""timestamp"": ""2026-05-05 20:25:30"", ""total"": 200.8, ""type"": ""CASHUP""}"
2026-05-08_224617;C:\Users\Dani\Documents\CODEX-Projects\drink_pos\data\drink_pos_dev.db;data;transactions;589;"{""details"": ""Synchronisiert · Seite: Kasse · Client-Zeit: 2026-05-05T18:25:43.422Z · letzter Sync Client: 2026-05-05T18:25:43.418Z · Automatisch nach Serveränderung synchronisiert."", ""id"": 589, ""person_id"": null, ""timestamp"": ""2026-05-05 20:25:43"", ""total"": 0.0, ""type"": ""SYNC_COMPLETED""}"
2026-05-08_224617;C:\Users\Dani\Documents\CODEX-Projects\drink_pos\data\drink_pos_dev.db;data;transactions;590;"{""details"": ""Admin: +1x 1 Runde à € 40,00"", ""id"": 590, ""person_id"": 33, ""timestamp"": ""2026-05-05 20:25:51"", ""total"": 40.0, ""type"": ""ADMIN_ADJUSTMENT""}"
2026-05-08_224617;C:\Users\Dani\Documents\CODEX-Projects\drink_pos\data\drink_pos_dev.db;data;transactions;591;"{""details"": ""+1x Limo à € 1,00"", ""id"": 591, ""person_id"": 32, ""timestamp"": ""2026-05-05 20:25:57"", ""total"": 1.0, ""type"": ""CONSUME""}"
2026-05-08_224617;C:\Users\Dani\Documents\CODEX-Projects\drink_pos\data\drink_pos_dev.db;data;transactions;592;"{""details"": ""Synchronisiert · Seite: Kasse · Client-Zeit: 2026-05-05T18:26:13.411Z · letzter Sync Client: 2026-05-05T18:26:13.408Z · Automatisch nach Serveränderung synchronisiert."", ""id"": 592, ""person_id"": null, ""timestamp"": ""2026-05-05 20:26:13"", ""total"": 0.0, ""type"": ""SYNC_COMPLETED""}"
2026-05-08_224617;C:\Users\Dani\Documents\CODEX-Projects\drink_pos\data\drink_pos_dev.db;data;transactions;593;"{""details"": ""Synchronisiert · Seite: Kasse · Client-Zeit: 2026-05-05T18:26:28.974Z · letzter Sync Client: 2026-05-05T18:26:28.971Z · Automatisch nach Serveränderung synchronisiert."", ""id"": 593, ""person_id"": null, ""timestamp"": ""2026-05-05 20:26:28"", ""total"": 0.0, ""type"": ""SYNC_COMPLETED""}"
2026-05-08_224617;C:\Users\Dani\Documents\CODEX-Projects\drink_pos\data\drink_pos_dev.db;data;transactions;594;"{""details"": ""Synchronisiert · Seite: Kasse · Client-Zeit: 2026-05-05T18:26:43.423Z · letzter Sync Client: 2026-05-05T18:26:43.420Z · Automatisch nach Serveränderung synchronisiert."", ""id"": 594, ""person_id"": null, ""timestamp"": ""2026-05-05 20:26:43"", ""total"": 0.0, ""type"": ""SYNC_COMPLETED""}"
2026-05-08_224617;C:\Users\Dani\Documents\CODEX-Projects\drink_pos\data\drink_pos_dev.db;data;transactions;595;"{""details"": ""Synchronisiert · Seite: Kasse · Client-Zeit: 2026-05-05T18:27:02.699Z · letzter Sync Client: 2026-05-05T18:27:02.694Z · Automatisch nach Serveränderung synchronisiert."", ""id"": 595, ""person_id"": null, ""timestamp"": ""2026-05-05 20:27:02"", ""total"": 0.0, ""type"": ""SYNC_COMPLETED""}"
2026-05-08_224617;C:\Users\Dani\Documents\CODEX-Projects\drink_pos\data\drink_pos_dev.db;data;transactions;596;"{""details"": ""Synchronisiert · Seite: Kasse · Client-Zeit: 2026-05-05T18:27:13.418Z · letzter Sync Client: 2026-05-05T18:27:13.414Z · Automatisch nach Serveränderung synchronisiert."", ""id"": 596, ""person_id"": null, ""timestamp"": ""2026-05-05 20:27:13"", ""total"": 0.0, ""type"": ""SYNC_COMPLETED""}"
2026-05-08_224617;C:\Users\Dani\Documents\CODEX-Projects\drink_pos\data\drink_pos_dev.db;data;transactions;597;"{""details"": ""Synchronisiert · Seite: Kasse · Client-Zeit: 2026-05-05T18:27:32.729Z · letzter Sync Client: 2026-05-05T18:27:32.726Z · Automatisch nach Serveränderung synchronisiert."", ""id"": 597, ""person_id"": null, ""timestamp"": ""2026-05-05 20:27:32"", ""total"": 0.0, ""type"": ""SYNC_COMPLETED""}"
2026-05-08_224617;C:\Users\Dani\Documents\CODEX-Projects\drink_pos\data\drink_pos_dev.db;data;transactions;598;"{""details"": ""Synchronisiert · Seite: Kasse · Client-Zeit: 2026-05-05T18:27:43.424Z · letzter Sync Client: 2026-05-05T18:27:43.420Z · Automatisch nach Serveränderung synchronisiert."", ""id"": 598, ""person_id"": null, ""timestamp"": ""2026-05-05 20:27:43"", ""total"": 0.0, ""type"": ""SYNC_COMPLETED""}"
2026-05-08_224617;C:\Users\Dani\Documents\CODEX-Projects\drink_pos\data\drink_pos_dev.db;data;transactions;599;"{""details"": ""Synchronisiert · Seite: Kasse · Client-Zeit: 2026-05-05T18:28:06.440Z · letzter Sync Client: 2026-05-05T18:28:06.437Z · Automatisch nach Serveränderung synchronisiert."", ""id"": 599, ""person_id"": null, ""timestamp"": ""2026-05-05 20:28:06"", ""total"": 0.0, ""type"": ""SYNC_COMPLETED""}"
2026-05-08_224617;C:\Users\Dani\Documents\CODEX-Projects\drink_pos\data\drink_pos_dev.db;data;transactions;600;"{""details"": ""Synchronisiert · Seite: Kasse · Client-Zeit: 2026-05-05T18:28:13.419Z · letzter Sync Client: 2026-05-05T18:28:13.416Z · Automatisch nach Serveränderung synchronisiert."", ""id"": 600, ""person_id"": null, ""timestamp"": ""2026-05-05 20:28:13"", ""total"": 0.0, ""type"": ""SYNC_COMPLETED""}"
2026-05-08_224617;C:\Users\Dani\Documents\CODEX-Projects\drink_pos\data\drink_pos_dev.db;data;transactions;601;"{""details"": ""Synchronisiert · Seite: Kasse · Client-Zeit: 2026-05-05T18:28:40.159Z · letzter Sync Client: 2026-05-05T18:28:40.155Z · Automatisch nach Serveränderung synchronisiert."", ""id"": 601, ""person_id"": null, ""timestamp"": ""2026-05-05 20:28:40"", ""total"": 0.0, ""type"": ""SYNC_COMPLETED""}"
2026-05-08_224617;C:\Users\Dani\Documents\CODEX-Projects\drink_pos\data\drink_pos_dev.db;data;transactions;602;"{""details"": ""Synchronisiert · Seite: Kasse · Client-Zeit: 2026-05-05T18:28:43.418Z · letzter Sync Client: 2026-05-05T18:28:43.414Z · Automatisch nach Serveränderung synchronisiert."", ""id"": 602, ""person_id"": null, ""timestamp"": ""2026-05-05 20:28:43"", ""total"": 0.0, ""type"": ""SYNC_COMPLETED""}"
2026-05-08_224617;C:\Users\Dani\Documents\CODEX-Projects\drink_pos\data\drink_pos_dev.db;data;transactions;603;"{""details"": ""Synchronisiert · Seite: Kasse · Client-Zeit: 2026-05-05T18:29:13.863Z · letzter Sync Client: 2026-05-05T18:29:13.860Z · Automatisch nach Serveränderung synchronisiert."", ""id"": 603, ""person_id"": null, ""timestamp"": ""2026-05-05 20:29:13"", ""total"": 0.0, ""type"": ""SYNC_COMPLETED""}"
2026-05-08_224617;C:\Users\Dani\Documents\CODEX-Projects\drink_pos\data\drink_pos_dev.db;data;transactions;604;"{""details"": ""Synchronisiert · Seite: Kasse · Client-Zeit: 2026-05-05T18:29:43.414Z · letzter Sync Client: 2026-05-05T18:29:43.411Z · Automatisch nach Serveränderung synchronisiert."", ""id"": 604, ""person_id"": null, ""timestamp"": ""2026-05-05 20:29:43"", ""total"": 0.0, ""type"": ""SYNC_COMPLETED""}"
2026-05-08_224617;C:\Users\Dani\Documents\CODEX-Projects\drink_pos\data\drink_pos_dev.db;data;transactions;605;"{""details"": ""Synchronisiert · Seite: Kasse · Client-Zeit: 2026-05-05T18:29:47.606Z · letzter Sync Client: 2026-05-05T18:29:47.603Z · Automatisch nach Serveränderung synchronisiert."", ""id"": 605, ""person_id"": null, ""timestamp"": ""2026-05-05 20:29:47"", ""total"": 0.0, ""type"": ""SYNC_COMPLETED""}"
2026-05-08_224617;C:\Users\Dani\Documents\CODEX-Projects\drink_pos\data\drink_pos_dev.db;data;transactions;606;"{""details"": ""Synchronisiert · Seite: Kasse · Client-Zeit: 2026-05-05T18:30:13.403Z · letzter Sync Client: 2026-05-05T18:30:13.400Z · Automatisch nach Serveränderung synchronisiert."", ""id"": 606, ""person_id"": null, ""timestamp"": ""2026-05-05 20:30:13"", ""total"": 0.0, ""type"": ""SYNC_COMPLETED""}"
2026-05-08_224617;C:\Users\Dani\Documents\CODEX-Projects\drink_pos\data\drink_pos_dev.db;data;transactions;607;"{""details"": ""Synchronisiert · Seite: Kasse · Client-Zeit: 2026-05-05T18:30:21.299Z · letzter Sync Client: 2026-05-05T18:30:21.296Z · Automatisch nach Serveränderung synchronisiert."", ""id"": 607, ""person_id"": null, ""timestamp"": ""2026-05-05 20:30:21"", ""total"": 0.0, ""type"": ""SYNC_COMPLETED""}"
2026-05-08_224617;C:\Users\Dani\Documents\CODEX-Projects\drink_pos\data\drink_pos_dev.db;data;transactions;608;"{""details"": ""Synchronisiert · Seite: Kasse · Client-Zeit: 2026-05-05T18:30:43.423Z · letzter Sync Client: 2026-05-05T18:30:43.420Z · Automatisch nach Serveränderung synchronisiert."", ""id"": 608, ""person_id"": null, ""timestamp"": ""2026-05-05 20:30:43"", ""total"": 0.0, ""type"": ""SYNC_COMPLETED""}"
2026-05-08_224617;C:\Users\Dani\Documents\CODEX-Projects\drink_pos\data\drink_pos_dev.db;data;transactions;609;"{""details"": ""Synchronisiert · Seite: Kasse · Client-Zeit: 2026-05-05T18:30:51.343Z · letzter Sync Client: 2026-05-05T18:30:51.340Z · Automatisch nach Serveränderung synchronisiert."", ""id"": 609, ""person_id"": null, ""timestamp"": ""2026-05-05 20:30:51"", ""total"": 0.0, ""type"": ""SYNC_COMPLETED""}"
2026-05-08_224617;C:\Users\Dani\Documents\CODEX-Projects\drink_pos\data\drink_pos_dev.db;data;transactions;610;"{""details"": ""Synchronisiert · Seite: Kasse · Client-Zeit: 2026-05-05T18:31:13.433Z · letzter Sync Client: 2026-05-05T18:31:13.430Z · Automatisch nach Serveränderung synchronisiert."", ""id"": 610, ""person_id"": null, ""timestamp"": ""2026-05-05 20:31:13"", ""total"": 0.0, ""type"": ""SYNC_COMPLETED""}"
2026-05-08_224617;C:\Users\Dani\Documents\CODEX-Projects\drink_pos\data\drink_pos_dev.db;data;transactions;611;"{""details"": ""Synchronisiert · Seite: Kasse · Client-Zeit: 2026-05-05T18:31:25.070Z · letzter Sync Client: 2026-05-05T18:31:25.066Z · Automatisch nach Serveränderung synchronisiert."", ""id"": 611, ""person_id"": null, ""timestamp"": ""2026-05-05 20:31:25"", ""total"": 0.0, ""type"": ""SYNC_COMPLETED""}"
2026-05-08_224617;C:\Users\Dani\Documents\CODEX-Projects\drink_pos\data\drink_pos_dev.db;data;transactions;612;"{""details"": ""Synchronisiert · Seite: Kasse · Client-Zeit: 2026-05-05T18:31:43.434Z · letzter Sync Client: 2026-05-05T18:31:43.431Z · Automatisch nach Serveränderung synchronisiert."", ""id"": 612, ""person_id"": null, ""timestamp"": ""2026-05-05 20:31:43"", ""total"": 0.0, ""type"": ""SYNC_COMPLETED""}"
2026-05-08_224617;C:\Users\Dani\Documents\CODEX-Projects\drink_pos\data\drink_pos_dev.db;data;transactions;613;"{""details"": ""Synchronisiert · Seite: Kasse · Client-Zeit: 2026-05-05T18:31:58.794Z · letzter Sync Client: 2026-05-05T18:31:58.790Z · Automatisch nach Serveränderung synchronisiert."", ""id"": 613, ""person_id"": null, ""timestamp"": ""2026-05-05 20:31:58"", ""total"": 0.0, ""type"": ""SYNC_COMPLETED""}"
2026-05-08_224617;C:\Users\Dani\Documents\CODEX-Projects\drink_pos\data\drink_pos_dev.db;data;transactions;614;"{""details"": ""Synchronisiert · Seite: Kasse · Client-Zeit: 2026-05-05T18:32:13.411Z · letzter Sync Client: 2026-05-05T18:32:13.407Z · Automatisch nach Serveränderung synchronisiert."", ""id"": 614, ""person_id"": null, ""timestamp"": ""2026-05-05 20:32:13"", ""total"": 0.0, ""type"": ""SYNC_COMPLETED""}"
2026-05-08_224617;C:\Users\Dani\Documents\CODEX-Projects\drink_pos\data\drink_pos_dev.db;data;transactions;615;"{""details"": ""Synchronisiert · Seite: Kasse · Client-Zeit: 2026-05-05T18:32:32.489Z · letzter Sync Client: 2026-05-05T18:32:32.486Z · Automatisch nach Serveränderung synchronisiert."", ""id"": 615, ""person_id"": null, ""timestamp"": ""2026-05-05 20:32:32"", ""total"": 0.0, ""type"": ""SYNC_COMPLETED""}"
2026-05-08_224617;C:\Users\Dani\Documents\CODEX-Projects\drink_pos\data\drink_pos_dev.db;data;transactions;616;"{""details"": ""Verbindung verloren · Seite: Kasse · Client-Zeit: 2026-05-05T18:32:45.423Z · letzter Sync Client: 2026-05-05T18:32:13.407Z · Server nicht erreichbar."", ""id"": 616, ""person_id"": null, ""timestamp"": ""2026-05-05 20:33:13"", ""total"": 0.0, ""type"": ""CONNECTION_LOST""}"
2026-05-08_224617;C:\Users\Dani\Documents\CODEX-Projects\drink_pos\data\drink_pos_dev.db;data;transactions;617;"{""details"": ""Verbindung aufgenommen · Seite: Kasse · Client-Zeit: 2026-05-05T18:33:13.386Z · letzter Sync Client: 2026-05-05T18:33:13.386Z · Verbindung zum Server wieder erreichbar."", ""id"": 617, ""person_id"": null, ""timestamp"": ""2026-05-05 20:33:13"", ""total"": 0.0, ""type"": ""CONNECTION_RESTORED""}"
2026-05-08_224617;C:\Users\Dani\Documents\CODEX-Projects\drink_pos\data\drink_pos_dev.db;data;transactions;618;"{""details"": ""Tschütscher Christian: +1x Bier klein | Tschütscher Christian: +1x Limo | Fend Annabell: +2x Bier gross | Fend Annabell: +2x Bier klein | Fend Annabell: +3x Limo | Kaufmann Theresia: +2x Bier gross | Kaufmann Theresia: +3x Bier klein | Kaufmann Theresia: +3x Limo | Märk Matthias: +1x Bier klein | Märk Matthias: +1x Limo | Huber Nadine: +1x Bier gross | Huber Nadine: +2x Limo | Märk Carmen: +3x Bier gross | Märk Carmen: +1x Bier klein | Märk Carmen: +3x Limo | Beran Paula: +3x Bier gross | Beran Paula: +2x Bier klein | Ender Wilfried: +1x Bier klein | Ender Wilfried: +1x Limo | Schönfelder Hannah: +2x Bier gross | Schönfelder Hannah: +3x Bier klein | Schönfelder Hannah: +2x Limo | Fetz Clemens: +2x Bier gross | Fetz Clemens: +3x Bier klein | Fetz Clemens: +3x Limo | Schweiger Leonie: +2x Bier klein | Schweiger Leonie: +2x Limo | Miller Mirijam: +3x Bier gross | Miller Mirijam: +1x Bier klein | Miller Mirijam: +1x Limo"", ""id"": 618, ""person_id"": null, ""timestamp"": ""2026-05-05 21:19:18"", ""total"": 0.0, ""type"": ""DEBUG_TEST_DATA""}"
2026-05-08_224617;C:\Users\Dani\Documents\CODEX-Projects\drink_pos\data\drink_pos_dev.db;data;transactions;619;"{""details"": ""Basile Leonardo: +2x Bier gross | Basile Leonardo: +2x Bier klein | Basile Leonardo: +3x Limo | Schwarz Eliana: +3x Bier gross | Schwarz Eliana: +3x Bier klein | Schwarz Eliana: +1x Limo | Petrovic Laurin: +3x Bier gross | Petrovic Laurin: +1x Limo | Rützler Andreas: +2x Bier gross | Rützler Andreas: +3x Bier klein | Rützler Andreas: +2x Limo | Martin Manfred: +3x Bier gross | Martin Manfred: +1x Bier klein | Martin Manfred: +1x Limo | Märk Christoph: +3x Bier gross | Märk Christoph: +2x Bier klein | Märk Christoph: +3x Limo | Klien Milena: +3x Bier klein | Klien Milena: +2x Limo | Müller Robert: +1x Bier gross | Müller Robert: +2x Bier klein | Müller Robert: +2x Limo | Scherrer Michael: +3x Bier gross | Scherrer Michael: +1x Bier klein | Scherrer Michael: +2x Limo | Loacker Benjamin: +1x Bier gross | Loacker Benjamin: +2x Bier klein | Loacker Benjamin: +1x Limo | Bischof Leonie: +2x Bier gross | Bischof Leonie: +1x Limo | Loacker Johannes: +2x Bier klein | Loacker Johannes: +3x Limo"", ""id"": 619, ""person_id"": null, ""timestamp"": ""2026-05-05 21:19:20"", ""total"": 0.0, ""type"": ""DEBUG_TEST_DATA""}"
2026-05-08_224617;C:\Users\Dani\Documents\CODEX-Projects\drink_pos\data\drink_pos_dev.db;data;transactions;620;"{""details"": ""Miller Sarah: +1x Bier gross | Miller Sarah: +1x Bier klein | Miller Sarah: +1x Limo | Giesinger Clara: +1x Bier gross | Giesinger Clara: +3x Limo | Gau Sophia: +2x Bier klein | Ellensohn Dominik: +2x Bier klein | Ellensohn Dominik: +1x Limo | Schweiger Leonie: +2x Bier gross | Schweiger Leonie: +2x Limo | Purkhart Sebastian: +2x Bier gross | Purkhart Sebastian: +2x Bier klein | Purkhart Sebastian: +1x Limo | Koller Julia: +1x Bier gross | Koller Julia: +1x Bier klein | Koller Julia: +1x Limo | Fend Nevio: +2x Bier gross | Fend Nevio: +2x Bier klein | Fend Nevio: +2x Limo | Koller Sarah: +2x Bier gross | Koller Sarah: +2x Bier klein | Koller Sarah: +1x Limo | Fend Annabell: +2x Bier gross | Fend Annabell: +1x Bier klein | Fend Annabell: +1x Limo"", ""id"": 620, ""person_id"": null, ""timestamp"": ""2026-05-05 21:19:22"", ""total"": 0.0, ""type"": ""DEBUG_TEST_DATA""}"
2026-05-08_224617;C:\Users\Dani\Documents\CODEX-Projects\drink_pos\data\drink_pos_dev.db;data;transactions;621;"{""details"": ""Rundenanfrage bestätigt: +1x 1 Runde für Jenewein Tim"", ""id"": 621, ""person_id"": 23, ""timestamp"": ""2026-05-05 21:19:30"", ""total"": 40.0, ""type"": ""ROUND_REQUEST_APPROVED""}"
2026-05-08_224617;C:\Users\Dani\Documents\CODEX-Projects\drink_pos\data\drink_pos_dev.db;data;transactions;622;"{""details"": ""Admin: -1x 1 Runde à € 40,00"", ""id"": 622, ""person_id"": 23, ""timestamp"": ""2026-05-05 21:19:32"", ""total"": -40.0, ""type"": ""ADMIN_ADJUSTMENT""}"
2026-05-08_224617;C:\Users\Dani\Documents\CODEX-Projects\drink_pos\data\drink_pos_dev.db;data;transactions;623;"{""details"": ""Automatisch bei Kassensturz; bezahlt von Loacker Benjamin: Basile Leonardo: -1x Limo | Beran Paula: -1x Bier klein | Bischof Leonie: -1x Limo | Ellensohn Dominik: -1x Limo | Ender Wilfried: -1x Limo | Fend Annabell: -1x Limo | Fend Nevio: -1x Limo | Fetz Clemens: -1x Limo | Gau Sophia: -1x Bier klein | Giesinger Clara: -1x Limo | Huber Nadine: -1x Limo | Kaufmann Theresia: -1x Limo | Klien Milena: -1x Limo | Koller Julia: -1x Limo | Koller Sarah: -1x Limo | Lampert Rosalie: -1x Limo | Loacker Benjamin: -1x Limo | Loacker Johannes: -1x Limo | Martin Manfred: -1x Limo | Miller Mirijam: -1x Limo | Miller Sarah: -1x Limo | Märk Carmen: -1x Limo | Märk Christoph: -1x Limo | Märk Matthias: -1x Limo | Müller Robert: -1x Limo | Petrovic Laurin: -1x Limo | Purkhart Sebastian: -1x Limo | Rützler Andreas: -1x Limo | Scherrer Michael: -1x Limo | Schwarz Eliana: -1x Limo | Schweiger Leonie: -1x Limo | Schönfelder Hannah: -1x Limo | Tschütscher Christian: -1x Limo | Rundenpreis € 40,00; EK abgezogen € 15,95; Gewinn EKâ†’Rundenpreis € 24,05; VK abgezogen € 34,60; Gewinn/Verlust VKâ†’Rundenpreis € 5,40"", ""id"": 623, ""person_id"": null, ""timestamp"": ""2026-05-05 21:20:26"", ""total"": 34.6, ""type"": ""ROUND_DEDUCTED""}"
2026-05-08_224617;C:\Users\Dani\Documents\CODEX-Projects\drink_pos\data\drink_pos_dev.db;data;transactions;624;"{""details"": ""Kassensturz: 134 Striche auf offene Rechnungen übertragen; Summe € 295,60"", ""id"": 624, ""person_id"": null, ""timestamp"": ""2026-05-05 21:20:26"", ""total"": 295.6, ""type"": ""CASHUP""}"
2026-05-08_224617;C:\Users\Dani\Documents\CODEX-Projects\drink_pos\data\drink_pos_dev.db;data;transactions;625;"{""details"": ""Runde selbst bestÃ¤tigt: +1x 1 Runde"", ""id"": 625, ""person_id"": 42, ""timestamp"": ""2026-05-05 21:20:49"", ""total"": 40.0, ""type"": ""ROUND_REQUEST_APPROVED""}"
2026-05-08_224617;C:\Users\Dani\Documents\CODEX-Projects\drink_pos\data\drink_pos_dev.db;data;transactions;626;"{""details"": ""Artikel angelegt: Drink des Monats VK € 3,00, EK € 1,85"", ""id"": 626, ""person_id"": null, ""timestamp"": ""2026-05-05 21:22:24"", ""total"": 0.0, ""type"": ""ITEM_CREATED""}"
2026-05-08_224617;C:\Users\Dani\Documents\CODEX-Projects\drink_pos\data\drink_pos_dev.db;data;transactions;627;"{""details"": ""+1x Drink des Monats à € 3,00"", ""id"": 627, ""person_id"": 5, ""timestamp"": ""2026-05-05 21:22:40"", ""total"": 3.0, ""type"": ""CONSUME""}"
2026-05-08_224617;C:\Users\Dani\Documents\CODEX-Projects\drink_pos\data\drink_pos_dev.db;data;transactions;628;"{""details"": ""+1x Drink des Monats à € 3,00"", ""id"": 628, ""person_id"": 5, ""timestamp"": ""2026-05-05 21:22:44"", ""total"": 3.0, ""type"": ""CONSUME""}"
2026-05-08_224617;C:\Users\Dani\Documents\CODEX-Projects\drink_pos\data\drink_pos_dev.db;data;transactions;629;"{""details"": ""+1x Drink des Monats à € 3,00"", ""id"": 629, ""person_id"": 5, ""timestamp"": ""2026-05-05 21:22:44"", ""total"": 3.0, ""type"": ""CONSUME""}"
2026-05-08_224617;C:\Users\Dani\Documents\CODEX-Projects\drink_pos\data\drink_pos_dev.db;data;transactions;630;"{""details"": ""+1x Drink des Monats à € 3,00"", ""id"": 630, ""person_id"": 5, ""timestamp"": ""2026-05-05 21:22:44"", ""total"": 3.0, ""type"": ""CONSUME""}"
2026-05-08_224617;C:\Users\Dani\Documents\CODEX-Projects\drink_pos\data\drink_pos_dev.db;data;transactions;631;"{""details"": ""+1x Drink des Monats à € 3,00"", ""id"": 631, ""person_id"": 5, ""timestamp"": ""2026-05-05 21:22:44"", ""total"": 3.0, ""type"": ""CONSUME""}"
2026-05-08_224617;C:\Users\Dani\Documents\CODEX-Projects\drink_pos\data\drink_pos_dev.db;data;transactions;632;"{""details"": ""+1x Drink des Monats à € 3,00"", ""id"": 632, ""person_id"": 5, ""timestamp"": ""2026-05-05 21:22:44"", ""total"": 3.0, ""type"": ""CONSUME""}"
2026-05-08_224617;C:\Users\Dani\Documents\CODEX-Projects\drink_pos\data\drink_pos_dev.db;data;transactions;633;"{""details"": ""+1x Drink des Monats à € 3,00"", ""id"": 633, ""person_id"": 5, ""timestamp"": ""2026-05-05 21:22:45"", ""total"": 3.0, ""type"": ""CONSUME""}"
2026-05-08_224617;C:\Users\Dani\Documents\CODEX-Projects\drink_pos\data\drink_pos_dev.db;data;transactions;634;"{""details"": ""+1x Drink des Monats à € 3,00"", ""id"": 634, ""person_id"": 5, ""timestamp"": ""2026-05-05 21:22:45"", ""total"": 3.0, ""type"": ""CONSUME""}"
2026-05-08_224617;C:\Users\Dani\Documents\CODEX-Projects\drink_pos\data\drink_pos_dev.db;data;transactions;635;"{""details"": ""+1x Drink des Monats à € 3,00"", ""id"": 635, ""person_id"": 5, ""timestamp"": ""2026-05-05 21:22:45"", ""total"": 3.0, ""type"": ""CONSUME""}"
2026-05-08_224617;C:\Users\Dani\Documents\CODEX-Projects\drink_pos\data\drink_pos_dev.db;data;transactions;636;"{""details"": ""+1x Bier gross à € 2,50"", ""id"": 636, ""person_id"": 5, ""timestamp"": ""2026-05-05 21:22:45"", ""total"": 2.5, ""type"": ""CONSUME""}"
2026-05-08_224617;C:\Users\Dani\Documents\CODEX-Projects\drink_pos\data\drink_pos_dev.db;data;transactions;637;"{""details"": ""+1x Bier gross à € 2,50"", ""id"": 637, ""person_id"": 5, ""timestamp"": ""2026-05-05 21:22:46"", ""total"": 2.5, ""type"": ""CONSUME""}"
2026-05-08_224617;C:\Users\Dani\Documents\CODEX-Projects\drink_pos\data\drink_pos_dev.db;data;transactions;638;"{""details"": ""+1x Bier gross à € 2,50"", ""id"": 638, ""person_id"": 5, ""timestamp"": ""2026-05-05 21:22:46"", ""total"": 2.5, ""type"": ""CONSUME""}"
2026-05-08_224617;C:\Users\Dani\Documents\CODEX-Projects\drink_pos\data\drink_pos_dev.db;data;transactions;639;"{""details"": ""+1x Bier gross à € 2,50"", ""id"": 639, ""person_id"": 5, ""timestamp"": ""2026-05-05 21:22:46"", ""total"": 2.5, ""type"": ""CONSUME""}"
2026-05-08_224617;C:\Users\Dani\Documents\CODEX-Projects\drink_pos\data\drink_pos_dev.db;data;transactions;640;"{""details"": ""+1x Bier gross à € 2,50"", ""id"": 640, ""person_id"": 5, ""timestamp"": ""2026-05-05 21:22:46"", ""total"": 2.5, ""type"": ""CONSUME""}"
2026-05-08_224617;C:\Users\Dani\Documents\CODEX-Projects\drink_pos\data\drink_pos_dev.db;data;transactions;641;"{""details"": ""+1x Bier klein à € 1,80"", ""id"": 641, ""person_id"": 5, ""timestamp"": ""2026-05-05 21:22:47"", ""total"": 1.8, ""type"": ""CONSUME""}"
2026-05-08_224617;C:\Users\Dani\Documents\CODEX-Projects\drink_pos\data\drink_pos_dev.db;data;transactions;642;"{""details"": ""+1x Bier klein à € 1,80"", ""id"": 642, ""person_id"": 5, ""timestamp"": ""2026-05-05 21:22:47"", ""total"": 1.8, ""type"": ""CONSUME""}"
2026-05-08_224617;C:\Users\Dani\Documents\CODEX-Projects\drink_pos\data\drink_pos_dev.db;data;transactions;643;"{""details"": ""+1x Bier klein à € 1,80"", ""id"": 643, ""person_id"": 5, ""timestamp"": ""2026-05-05 21:22:47"", ""total"": 1.8, ""type"": ""CONSUME""}"
2026-05-08_224617;C:\Users\Dani\Documents\CODEX-Projects\drink_pos\data\drink_pos_dev.db;data;transactions;644;"{""details"": ""+1x Bier klein à € 1,80"", ""id"": 644, ""person_id"": 5, ""timestamp"": ""2026-05-05 21:22:47"", ""total"": 1.8, ""type"": ""CONSUME""}"
2026-05-08_224617;C:\Users\Dani\Documents\CODEX-Projects\drink_pos\data\drink_pos_dev.db;data;transactions;645;"{""details"": ""+1x Limo à € 1,00"", ""id"": 645, ""person_id"": 5, ""timestamp"": ""2026-05-05 21:22:56"", ""total"": 1.0, ""type"": ""CONSUME""}"
2026-05-08_224617;C:\Users\Dani\Documents\CODEX-Projects\drink_pos\data\drink_pos_dev.db;data;transactions;646;"{""details"": ""+1x Limo à € 1,00"", ""id"": 646, ""person_id"": 5, ""timestamp"": ""2026-05-05 21:22:56"", ""total"": 1.0, ""type"": ""CONSUME""}"
2026-05-08_224617;C:\Users\Dani\Documents\CODEX-Projects\drink_pos\data\drink_pos_dev.db;data;transactions;647;"{""details"": ""+1x Limo à € 1,00"", ""id"": 647, ""person_id"": 5, ""timestamp"": ""2026-05-05 21:22:57"", ""total"": 1.0, ""type"": ""CONSUME""}"
2026-05-08_224617;C:\Users\Dani\Documents\CODEX-Projects\drink_pos\data\drink_pos_dev.db;data;transactions;648;"{""details"": ""+1x Limo à € 1,00"", ""id"": 648, ""person_id"": 5, ""timestamp"": ""2026-05-05 21:22:57"", ""total"": 1.0, ""type"": ""CONSUME""}"
2026-05-08_224617;C:\Users\Dani\Documents\CODEX-Projects\drink_pos\data\drink_pos_dev.db;data;transactions;649;"{""details"": ""Bar bezahlt von Borufka Peter: 6x Bier gross à € 2,50 (2026-05-05), 5x Bier gross à € 2,50 (2026-05-05), 11x Bier klein à € 1,80 (2026-05-05), 4x Bier klein à € 1,80 (2026-05-05), 6x Limo à € 1,00 (2026-05-05), 4x Limo à € 1,00 (2026-05-05), 9x Drink des Monats à € 3,00 (2026-05-05)"", ""id"": 649, ""person_id"": 5, ""timestamp"": ""2026-05-05 21:23:09"", ""total"": 91.5, ""type"": ""PAID_CASH""}"
2026-05-08_224617;C:\Users\Dani\Documents\CODEX-Projects\drink_pos\data\drink_pos_dev.db;data;transactions;650;"{""details"": ""Artikel archiviert/gelöscht: Drink des Monats; aktuell offene Menge bleibt zahlbar: 0"", ""id"": 650, ""person_id"": null, ""timestamp"": ""2026-05-05 21:23:25"", ""total"": 0.0, ""type"": ""ITEM_DELETED""}"
2026-05-08_224617;C:\Users\Dani\Documents\CODEX-Projects\drink_pos\data\drink_pos_dev.db;data;transactions;651;"{""details"": ""Gesamtpreis in Standardansicht ausgeblendet; Gesamtsumme im Personen-Popup ausgeblendet; Strich-Krackeligkeit auf Stufe 10 gesetzt; Namensgröße auf 15,5px gesetzt; Größe der Gesamtauflistung auf 105% gesetzt; Beschriftung der Gesamtauflistung ausgeblendet; Text der Gesamtauflistung geändert: Du heasch gsoffa:; Strichlistengröße auf 125% gesetzt; Sync-/Verbindungsanzeige eingeblendet; Sync-/Verbindungsanzeige auf 180% gesetzt; Löschanfragen für Benutzer aktiviert; App-Hintergrundfarbe auf #ff0000 gesetzt; Personen-Hintergrundfarbe auf #8080ff gesetzt; Personen-Rahmenfarbe auf #bfdbfe gesetzt; Personen-Rahmendicke auf 2px gesetzt; Personen-Abstand auf 10px gesetzt"", ""id"": 651, ""person_id"": null, ""timestamp"": ""2026-05-05 21:26:42"", ""total"": 0.0, ""type"": ""SETTINGS_UPDATED""}"
2026-05-08_224617;C:\Users\Dani\Documents\CODEX-Projects\drink_pos\data\drink_pos_dev.db;data;transactions;652;"{""details"": ""Gesamtpreis in Standardansicht eingeblendet; Gesamtsumme im Personen-Popup eingeblendet; Strich-Krackeligkeit auf Stufe 4 gesetzt; Namensgröße auf 15,5px gesetzt; Größe der Gesamtauflistung auf 100% gesetzt; Beschriftung der Gesamtauflistung eingeblendet; Text der Gesamtauflistung geändert: Gesamt:; Strichlistengröße auf 100% gesetzt; Sync-/Verbindungsanzeige eingeblendet; Sync-/Verbindungsanzeige auf 100% gesetzt; Löschanfragen für Benutzer aktiviert; App-Hintergrundfarbe auf #f3f4f6 gesetzt; Personen-Hintergrundfarbe auf #ffffff gesetzt; Personen-Rahmenfarbe auf #bfdbfe gesetzt; Personen-Rahmendicke auf 2px gesetzt; Personen-Abstand auf 10px gesetzt"", ""id"": 652, ""person_id"": null, ""timestamp"": ""2026-05-05 21:27:00"", ""total"": 0.0, ""type"": ""SETTINGS_UPDATED""}"
2026-05-08_224617;C:\Users\Dani\Documents\CODEX-Projects\drink_pos\data\drink_pos_dev.db;data;transactions;653;"{""details"": ""Runde selbst bestätigt: +1x 1 Runde"", ""id"": 653, ""person_id"": 32, ""timestamp"": ""2026-05-05 22:21:04"", ""total"": 40.0, ""type"": ""ROUND_REQUEST_APPROVED""}"
2026-05-08_224617;C:\Users\Dani\Documents\CODEX-Projects\drink_pos\data\drink_pos_dev.db;data;transactions;654;"{""details"": ""+1x Limo à € 1,00"", ""id"": 654, ""person_id"": 1, ""timestamp"": ""2026-05-05 22:21:21"", ""total"": 1.0, ""type"": ""CONSUME""}"
2026-05-08_224617;C:\Users\Dani\Documents\CODEX-Projects\drink_pos\data\drink_pos_dev.db;data;transactions;655;"{""details"": ""+1x Limo à € 1,00"", ""id"": 655, ""person_id"": 1, ""timestamp"": ""2026-05-05 22:21:21"", ""total"": 1.0, ""type"": ""CONSUME""}"
2026-05-08_224617;C:\Users\Dani\Documents\CODEX-Projects\drink_pos\data\drink_pos_dev.db;data;transactions;656;"{""details"": ""+1x Limo à € 1,00"", ""id"": 656, ""person_id"": 1, ""timestamp"": ""2026-05-05 22:21:22"", ""total"": 1.0, ""type"": ""CONSUME""}"
2026-05-08_224617;C:\Users\Dani\Documents\CODEX-Projects\drink_pos\data\drink_pos_dev.db;data;transactions;657;"{""details"": ""+1x Limo à € 1,00"", ""id"": 657, ""person_id"": 1, ""timestamp"": ""2026-05-05 22:21:22"", ""total"": 1.0, ""type"": ""CONSUME""}"
2026-05-08_224617;C:\Users\Dani\Documents\CODEX-Projects\drink_pos\data\drink_pos_dev.db;data;transactions;658;"{""details"": ""+1x Limo à € 1,00"", ""id"": 658, ""person_id"": 1, ""timestamp"": ""2026-05-05 22:21:22"", ""total"": 1.0, ""type"": ""CONSUME""}"
2026-05-08_224617;C:\Users\Dani\Documents\CODEX-Projects\drink_pos\data\drink_pos_dev.db;data;transactions;659;"{""details"": ""+1x Limo à € 1,00"", ""id"": 659, ""person_id"": 1, ""timestamp"": ""2026-05-05 22:21:22"", ""total"": 1.0, ""type"": ""CONSUME""}"
2026-05-08_224617;C:\Users\Dani\Documents\CODEX-Projects\drink_pos\data\drink_pos_dev.db;data;transactions;660;"{""details"": ""+1x Bier klein à € 1,80"", ""id"": 660, ""person_id"": 2, ""timestamp"": ""2026-05-05 22:21:24"", ""total"": 1.8, ""type"": ""CONSUME""}"
2026-05-08_224617;C:\Users\Dani\Documents\CODEX-Projects\drink_pos\data\drink_pos_dev.db;data;transactions;661;"{""details"": ""+1x Bier gross à € 2,50"", ""id"": 661, ""person_id"": 2, ""timestamp"": ""2026-05-05 22:21:24"", ""total"": 2.5, ""type"": ""CONSUME""}"
2026-05-08_224617;C:\Users\Dani\Documents\CODEX-Projects\drink_pos\data\drink_pos_dev.db;data;transactions;662;"{""details"": ""+1x Limo à € 1,00"", ""id"": 662, ""person_id"": 3, ""timestamp"": ""2026-05-05 22:21:27"", ""total"": 1.0, ""type"": ""CONSUME""}"
2026-05-08_224617;C:\Users\Dani\Documents\CODEX-Projects\drink_pos\data\drink_pos_dev.db;data;transactions;663;"{""details"": ""+1x Bier gross à € 2,50"", ""id"": 663, ""person_id"": 3, ""timestamp"": ""2026-05-05 22:21:28"", ""total"": 2.5, ""type"": ""CONSUME""}"
2026-05-08_224617;C:\Users\Dani\Documents\CODEX-Projects\drink_pos\data\drink_pos_dev.db;data;transactions;664;"{""details"": ""+1x Bier klein à € 1,80"", ""id"": 664, ""person_id"": 4, ""timestamp"": ""2026-05-05 22:21:34"", ""total"": 1.8, ""type"": ""CONSUME""}"
2026-05-08_224617;C:\Users\Dani\Documents\CODEX-Projects\drink_pos\data\drink_pos_dev.db;data;transactions;665;"{""details"": ""+1x Bier klein à € 1,80"", ""id"": 665, ""person_id"": 4, ""timestamp"": ""2026-05-05 22:21:34"", ""total"": 1.8, ""type"": ""CONSUME""}"
2026-05-08_224617;C:\Users\Dani\Documents\CODEX-Projects\drink_pos\data\drink_pos_dev.db;data;transactions;666;"{""details"": ""+1x Bier klein à € 1,80"", ""id"": 666, ""person_id"": 4, ""timestamp"": ""2026-05-05 22:21:34"", ""total"": 1.8, ""type"": ""CONSUME""}"
2026-05-08_224617;C:\Users\Dani\Documents\CODEX-Projects\drink_pos\data\drink_pos_dev.db;data;transactions;667;"{""details"": ""+1x Bier klein à € 1,80"", ""id"": 667, ""person_id"": 4, ""timestamp"": ""2026-05-05 22:21:34"", ""total"": 1.8, ""type"": ""CONSUME""}"
2026-05-08_224617;C:\Users\Dani\Documents\CODEX-Projects\drink_pos\data\drink_pos_dev.db;data;transactions;668;"{""details"": ""+1x Bier klein à € 1,80"", ""id"": 668, ""person_id"": 4, ""timestamp"": ""2026-05-05 22:21:35"", ""total"": 1.8, ""type"": ""CONSUME""}"
2026-05-08_224617;C:\Users\Dani\Documents\CODEX-Projects\drink_pos\data\drink_pos_dev.db;data;transactions;669;"{""details"": ""+1x Bier klein à € 1,80"", ""id"": 669, ""person_id"": 4, ""timestamp"": ""2026-05-05 22:21:35"", ""total"": 1.8, ""type"": ""CONSUME""}"
2026-05-08_224617;C:\Users\Dani\Documents\CODEX-Projects\drink_pos\data\drink_pos_dev.db;data;transactions;670;"{""details"": ""+1x Bier klein à € 1,80"", ""id"": 670, ""person_id"": 4, ""timestamp"": ""2026-05-05 22:21:35"", ""total"": 1.8, ""type"": ""CONSUME""}"
2026-05-08_224617;C:\Users\Dani\Documents\CODEX-Projects\drink_pos\data\drink_pos_dev.db;data;transactions;671;"{""details"": ""+1x Limo à € 1,00"", ""id"": 671, ""person_id"": 5, ""timestamp"": ""2026-05-05 22:21:39"", ""total"": 1.0, ""type"": ""CONSUME""}"
2026-05-08_224617;C:\Users\Dani\Documents\CODEX-Projects\drink_pos\data\drink_pos_dev.db;data;transactions;672;"{""details"": ""+1x Bier klein à € 1,80"", ""id"": 672, ""person_id"": 5, ""timestamp"": ""2026-05-05 22:21:41"", ""total"": 1.8, ""type"": ""CONSUME""}"
2026-05-08_224617;C:\Users\Dani\Documents\CODEX-Projects\drink_pos\data\drink_pos_dev.db;data;transactions;673;"{""details"": ""Automatisch bei Kassensturz; bezahlt von Müller Katharina: Basile Leonardo: -1x Limo | Basile Riccardo: -1x Bier klein | Beran Paula: -1x Limo | Bischof Leonie: -1x Bier klein | Borufka Peter: -1x Limo | Rundenpreis € 40,00; EK abgezogen € 3,35; Gewinn EK->Rundenpreis € 36,65; VK abgezogen € 6,60; Gewinn/Verlust VK->Rundenpreis € 33,40"", ""id"": 673, ""person_id"": null, ""timestamp"": ""2026-05-05 22:30:38"", ""total"": 6.6, ""type"": ""ROUND_DEDUCTED""}"
2026-05-08_224617;C:\Users\Dani\Documents\CODEX-Projects\drink_pos\data\drink_pos_dev.db;data;transactions;674;"{""details"": ""Automatisch bei Kassensturz; bezahlt von Lampert Rosalie: Basile Leonardo: -1x Limo | Basile Riccardo: -1x Bier gross | Beran Paula: -1x Bier gross | Bischof Leonie: -1x Bier klein | Borufka Peter: -1x Bier klein | Rundenpreis € 40,00; EK abgezogen € 5,25; Gewinn EK->Rundenpreis € 34,75; VK abgezogen € 9,60; Gewinn/Verlust VK->Rundenpreis € 30,40"", ""id"": 674, ""person_id"": null, ""timestamp"": ""2026-05-05 22:30:38"", ""total"": 9.6, ""type"": ""ROUND_DEDUCTED""}"
2026-05-08_224617;C:\Users\Dani\Documents\CODEX-Projects\drink_pos\data\drink_pos_dev.db;data;transactions;675;"{""details"": ""Kassensturz: 11 Striche auf offene Rechnungen übertragen; Summe € 93,00"", ""id"": 675, ""person_id"": null, ""timestamp"": ""2026-05-05 22:30:38"", ""total"": 93.0, ""type"": ""CASHUP""}"
2026-05-08_224617;C:\Users\Dani\Documents\CODEX-Projects\drink_pos\data\drink_pos_dev.db;data;transactions;676;"{""details"": ""+1x Bier klein à € 1,80"", ""id"": 676, ""person_id"": 33, ""timestamp"": ""2026-05-06 20:21:01"", ""total"": 1.8, ""type"": ""CONSUME""}"
2026-05-08_224617;C:\Users\Dani\Documents\CODEX-Projects\drink_pos\data\drink_pos_dev.db;data;transactions;677;"{""details"": ""+1x Bier gross à € 2,50"", ""id"": 677, ""person_id"": 33, ""timestamp"": ""2026-05-06 20:21:02"", ""total"": 2.5, ""type"": ""CONSUME""}"
2026-05-08_224617;C:\Users\Dani\Documents\CODEX-Projects\drink_pos\data\drink_pos_dev.db;data;transactions;678;"{""details"": ""+1x Limo à € 1,00"", ""id"": 678, ""person_id"": 33, ""timestamp"": ""2026-05-06 20:21:02"", ""total"": 1.0, ""type"": ""CONSUME""}"
2026-05-08_224617;C:\Users\Dani\Documents\CODEX-Projects\drink_pos\data\drink_pos_dev.db;data;transactions;679;"{""details"": ""Kassensturz: 3 Striche auf offene Rechnungen übertragen; Summe € 5,30"", ""id"": 679, ""person_id"": null, ""timestamp"": ""2026-05-06 20:21:59"", ""total"": 5.3, ""type"": ""CASHUP""}"
2026-05-08_224617;C:\Users\Dani\Documents\CODEX-Projects\drink_pos\data\drink_pos_dev.db;data;transactions;680;"{""details"": ""Müller Katharina: +3x Bier gross | Fetz Lena: +3x Bier gross | Fetz Lena: +3x Bier klein | Fetz Lena: +2x Limo | Schweiger Christoph: +2x Bier klein | Schweiger Christoph: +2x Limo | Schedler Simon: +3x Bier gross | Schedler Simon: +1x Bier klein | Schedler Simon: +1x Limo | Huber Nadine: +2x Bier gross | Huber Nadine: +3x Bier klein | Huber Nadine: +2x Limo | Sandholzer Markus: +3x Bier gross | Sandholzer Markus: +2x Limo | Petrovic Laurin: +3x Bier gross | Petrovic Laurin: +3x Bier klein | Petrovic Laurin: +2x Limo | Giesinger Clara: +3x Bier klein | Giesinger Clara: +1x Limo | Müller Robert: +3x Bier klein | Müller Robert: +1x Limo | Ender Patrik: +2x Bier gross | Ender Patrik: +2x Bier klein | Ender Patrik: +1x Limo | Borufka Peter: +1x Bier gross | Borufka Peter: +1x Bier klein | Borufka Peter: +1x Limo | Öhlinger Johanna: +2x Bier gross | Öhlinger Johanna: +2x Limo"", ""id"": 680, ""person_id"": null, ""timestamp"": ""2026-05-06 20:22:02"", ""total"": 0.0, ""type"": ""DEBUG_TEST_DATA""}"
2026-05-08_224617;C:\Users\Dani\Documents\CODEX-Projects\drink_pos\data\drink_pos_dev.db;data;transactions;681;"{""details"": ""+1x Bier klein à € 1,80"", ""id"": 681, ""person_id"": 33, ""timestamp"": ""2026-05-06 20:23:56"", ""total"": 1.8, ""type"": ""CONSUME""}"
2026-05-08_224617;C:\Users\Dani\Documents\CODEX-Projects\drink_pos\data\drink_pos_dev.db;data;transactions;682;"{""details"": ""+1x Bier klein à € 1,80"", ""id"": 682, ""person_id"": 34, ""timestamp"": ""2026-05-06 20:24:00"", ""total"": 1.8, ""type"": ""CONSUME""}"
2026-05-08_224617;C:\Users\Dani\Documents\CODEX-Projects\drink_pos\data\drink_pos_dev.db;data;transactions;683;"{""details"": ""+1x Bier klein à € 1,80"", ""id"": 683, ""person_id"": 34, ""timestamp"": ""2026-05-06 20:24:01"", ""total"": 1.8, ""type"": ""CONSUME""}"
2026-05-08_224617;C:\Users\Dani\Documents\CODEX-Projects\drink_pos\data\drink_pos_dev.db;data;transactions;684;"{""details"": ""+1x Bier gross à € 2,50"", ""id"": 684, ""person_id"": 34, ""timestamp"": ""2026-05-06 20:24:02"", ""total"": 2.5, ""type"": ""CONSUME""}"
2026-05-08_224617;C:\Users\Dani\Documents\CODEX-Projects\drink_pos\data\drink_pos_dev.db;data;transactions;685;"{""details"": ""+1x Limo à € 1,00"", ""id"": 685, ""person_id"": 34, ""timestamp"": ""2026-05-06 20:24:03"", ""total"": 1.0, ""type"": ""CONSUME""}"
2026-05-08_224617;C:\Users\Dani\Documents\CODEX-Projects\drink_pos\data\drink_pos_dev.db;data;transactions;686;"{""details"": ""+1x Bier gross à € 2,50"", ""id"": 686, ""person_id"": 2, ""timestamp"": ""2026-05-06 20:24:07"", ""total"": 2.5, ""type"": ""CONSUME""}"
2026-05-08_224617;C:\Users\Dani\Documents\CODEX-Projects\drink_pos\data\drink_pos_dev.db;data;transactions;687;"{""details"": ""+1x Bier klein à € 1,80"", ""id"": 687, ""person_id"": 2, ""timestamp"": ""2026-05-06 20:24:08"", ""total"": 1.8, ""type"": ""CONSUME""}"
2026-05-08_224617;C:\Users\Dani\Documents\CODEX-Projects\drink_pos\data\drink_pos_dev.db;data;transactions;688;"{""details"": ""+1x Limo à € 1,00"", ""id"": 688, ""person_id"": 2, ""timestamp"": ""2026-05-06 20:24:09"", ""total"": 1.0, ""type"": ""CONSUME""}"
2026-05-08_224617;C:\Users\Dani\Documents\CODEX-Projects\drink_pos\data\drink_pos_dev.db;data;transactions;689;"{""details"": ""+1x Bier klein à € 1,80"", ""id"": 689, ""person_id"": 2, ""timestamp"": ""2026-05-06 20:24:09"", ""total"": 1.8, ""type"": ""CONSUME""}"
2026-05-08_224617;C:\Users\Dani\Documents\CODEX-Projects\drink_pos\data\drink_pos_dev.db;data;transactions;690;"{""details"": ""+1x Bier klein à € 1,80"", ""id"": 690, ""person_id"": 34, ""timestamp"": ""2026-05-06 20:24:25"", ""total"": 1.8, ""type"": ""CONSUME""}"
2026-05-08_224617;C:\Users\Dani\Documents\CODEX-Projects\drink_pos\data\drink_pos_dev.db;data;transactions;691;"{""details"": ""+1x Bier klein à € 1,80"", ""id"": 691, ""person_id"": 1, ""timestamp"": ""2026-05-06 20:24:39"", ""total"": 1.8, ""type"": ""CONSUME""}"
2026-05-08_224617;C:\Users\Dani\Documents\CODEX-Projects\drink_pos\data\drink_pos_dev.db;data;transactions;692;"{""details"": ""+1x Bier gross à € 2,50"", ""id"": 692, ""person_id"": 1, ""timestamp"": ""2026-05-06 20:24:41"", ""total"": 2.5, ""type"": ""CONSUME""}"
2026-05-08_224617;C:\Users\Dani\Documents\CODEX-Projects\drink_pos\data\drink_pos_dev.db;data;transactions;693;"{""details"": ""+1x Bier klein à € 1,80"", ""id"": 693, ""person_id"": 1, ""timestamp"": ""2026-05-06 20:24:41"", ""total"": 1.8, ""type"": ""CONSUME""}"
2026-05-08_224617;C:\Users\Dani\Documents\CODEX-Projects\drink_pos\data\drink_pos_dev.db;data;transactions;694;"{""details"": ""+1x Bier gross à € 2,50"", ""id"": 694, ""person_id"": 1, ""timestamp"": ""2026-05-06 20:24:42"", ""total"": 2.5, ""type"": ""CONSUME""}"
2026-05-08_224617;C:\Users\Dani\Documents\CODEX-Projects\drink_pos\data\drink_pos_dev.db;data;transactions;695;"{""details"": ""+1x Bier klein à € 1,80"", ""id"": 695, ""person_id"": 1, ""timestamp"": ""2026-05-06 20:24:42"", ""total"": 1.8, ""type"": ""CONSUME""}"
2026-05-08_224617;C:\Users\Dani\Documents\CODEX-Projects\drink_pos\data\drink_pos_dev.db;data;transactions;696;"{""details"": ""+1x Limo à € 1,00"", ""id"": 696, ""person_id"": 1, ""timestamp"": ""2026-05-06 20:24:42"", ""total"": 1.0, ""type"": ""CONSUME""}"
2026-05-08_224617;C:\Users\Dani\Documents\CODEX-Projects\drink_pos\data\drink_pos_dev.db;data;transactions;697;"{""details"": ""+1x Bier klein à € 1,80"", ""id"": 697, ""person_id"": 1, ""timestamp"": ""2026-05-06 20:24:43"", ""total"": 1.8, ""type"": ""CONSUME""}"
2026-05-08_224617;C:\Users\Dani\Documents\CODEX-Projects\drink_pos\data\drink_pos_dev.db;data;transactions;698;"{""details"": ""+1x Bier gross à € 2,50"", ""id"": 698, ""person_id"": 1, ""timestamp"": ""2026-05-06 20:24:43"", ""total"": 2.5, ""type"": ""CONSUME""}"
2026-05-08_224617;C:\Users\Dani\Documents\CODEX-Projects\drink_pos\data\drink_pos_dev.db;data;transactions;699;"{""details"": ""+1x Bier klein à € 1,80"", ""id"": 699, ""person_id"": 1, ""timestamp"": ""2026-05-06 20:24:44"", ""total"": 1.8, ""type"": ""CONSUME""}"
2026-05-08_224617;C:\Users\Dani\Documents\CODEX-Projects\drink_pos\data\drink_pos_dev.db;data;transactions;700;"{""details"": ""+1x Limo à € 1,00"", ""id"": 700, ""person_id"": 1, ""timestamp"": ""2026-05-06 20:24:44"", ""total"": 1.0, ""type"": ""CONSUME""}"
2026-05-08_224617;C:\Users\Dani\Documents\CODEX-Projects\drink_pos\data\drink_pos_dev.db;data;transactions;701;"{""details"": ""+1x Bier klein à € 1,80"", ""id"": 701, ""person_id"": 1, ""timestamp"": ""2026-05-06 20:24:45"", ""total"": 1.8, ""type"": ""CONSUME""}"
2026-05-08_224617;C:\Users\Dani\Documents\CODEX-Projects\drink_pos\data\drink_pos_dev.db;data;transactions;702;"{""details"": ""+1x Bier gross à € 2,50"", ""id"": 702, ""person_id"": 1, ""timestamp"": ""2026-05-06 20:24:45"", ""total"": 2.5, ""type"": ""CONSUME""}"
2026-05-08_224617;C:\Users\Dani\Documents\CODEX-Projects\drink_pos\data\drink_pos_dev.db;data;transactions;703;"{""details"": ""+1x Bier klein à € 1,80"", ""id"": 703, ""person_id"": 1, ""timestamp"": ""2026-05-06 20:24:45"", ""total"": 1.8, ""type"": ""CONSUME""}"
2026-05-08_224617;C:\Users\Dani\Documents\CODEX-Projects\drink_pos\data\drink_pos_dev.db;data;transactions;704;"{""details"": ""+1x Limo à € 1,00"", ""id"": 704, ""person_id"": 1, ""timestamp"": ""2026-05-06 20:24:46"", ""total"": 1.0, ""type"": ""CONSUME""}"
2026-05-08_224617;C:\Users\Dani\Documents\CODEX-Projects\drink_pos\data\drink_pos_dev.db;data;transactions;705;"{""details"": ""+1x Bier klein à € 1,80"", ""id"": 705, ""person_id"": 1, ""timestamp"": ""2026-05-06 20:24:46"", ""total"": 1.8, ""type"": ""CONSUME""}"
2026-05-08_224617;C:\Users\Dani\Documents\CODEX-Projects\drink_pos\data\drink_pos_dev.db;data;transactions;706;"{""details"": ""+1x Bier gross à € 2,50"", ""id"": 706, ""person_id"": 1, ""timestamp"": ""2026-05-06 20:24:46"", ""total"": 2.5, ""type"": ""CONSUME""}"
2026-05-08_224617;C:\Users\Dani\Documents\CODEX-Projects\drink_pos\data\drink_pos_dev.db;data;transactions;707;"{""details"": ""+1x Bier klein à € 1,80"", ""id"": 707, ""person_id"": 1, ""timestamp"": ""2026-05-06 20:24:47"", ""total"": 1.8, ""type"": ""CONSUME""}"
2026-05-08_224617;C:\Users\Dani\Documents\CODEX-Projects\drink_pos\data\drink_pos_dev.db;data;transactions;708;"{""details"": ""+1x Limo à € 1,00"", ""id"": 708, ""person_id"": 1, ""timestamp"": ""2026-05-06 20:24:47"", ""total"": 1.0, ""type"": ""CONSUME""}"
2026-05-08_224617;C:\Users\Dani\Documents\CODEX-Projects\drink_pos\data\drink_pos_dev.db;data;transactions;709;"{""details"": ""+1x Bier klein à € 1,80"", ""id"": 709, ""person_id"": 1, ""timestamp"": ""2026-05-06 20:24:47"", ""total"": 1.8, ""type"": ""CONSUME""}"
2026-05-08_224617;C:\Users\Dani\Documents\CODEX-Projects\drink_pos\data\drink_pos_dev.db;data;transactions;710;"{""details"": ""+1x Bier gross à € 2,50"", ""id"": 710, ""person_id"": 1, ""timestamp"": ""2026-05-06 20:24:48"", ""total"": 2.5, ""type"": ""CONSUME""}"
2026-05-08_224617;C:\Users\Dani\Documents\CODEX-Projects\drink_pos\data\drink_pos_dev.db;data;transactions;711;"{""details"": ""+1x Bier klein à € 1,80"", ""id"": 711, ""person_id"": 1, ""timestamp"": ""2026-05-06 20:25:46"", ""total"": 1.8, ""type"": ""CONSUME""}"
2026-05-08_224617;C:\Users\Dani\Documents\CODEX-Projects\drink_pos\data\drink_pos_dev.db;data;transactions;712;"{""details"": ""+1x Bier klein à € 1,80"", ""id"": 712, ""person_id"": 1, ""timestamp"": ""2026-05-06 20:26:08"", ""total"": 1.8, ""type"": ""CONSUME""}"
2026-05-08_224617;C:\Users\Dani\Documents\CODEX-Projects\drink_pos\data\drink_pos_dev.db;data;transactions;713;"{""details"": ""+1x Bier gross à € 2,50"", ""id"": 713, ""person_id"": 1, ""timestamp"": ""2026-05-06 20:26:09"", ""total"": 2.5, ""type"": ""CONSUME""}"
2026-05-08_224617;C:\Users\Dani\Documents\CODEX-Projects\drink_pos\data\drink_pos_dev.db;data;transactions;714;"{""details"": ""+1x Bier klein à € 1,80"", ""id"": 714, ""person_id"": 1, ""timestamp"": ""2026-05-06 20:26:10"", ""total"": 1.8, ""type"": ""CONSUME""}"
2026-05-08_224617;C:\Users\Dani\Documents\CODEX-Projects\drink_pos\data\drink_pos_dev.db;data;transactions;715;"{""details"": ""+1x Limo à € 1,00"", ""id"": 715, ""person_id"": 1, ""timestamp"": ""2026-05-06 20:26:10"", ""total"": 1.0, ""type"": ""CONSUME""}"
2026-05-08_224617;C:\Users\Dani\Documents\CODEX-Projects\drink_pos\data\drink_pos_dev.db;data;transactions;716;"{""details"": ""+1x Limo à € 1,00"", ""id"": 716, ""person_id"": 1, ""timestamp"": ""2026-05-06 20:26:11"", ""total"": 1.0, ""type"": ""CONSUME""}"
2026-05-08_224617;C:\Users\Dani\Documents\CODEX-Projects\drink_pos\data\drink_pos_dev.db;data;transactions;717;"{""details"": ""+1x Limo à € 1,00"", ""id"": 717, ""person_id"": 1, ""timestamp"": ""2026-05-06 20:26:11"", ""total"": 1.0, ""type"": ""CONSUME""}"
2026-05-08_224617;C:\Users\Dani\Documents\CODEX-Projects\drink_pos\data\drink_pos_dev.db;data;transactions;718;"{""details"": ""+1x Limo à € 1,00"", ""id"": 718, ""person_id"": 1, ""timestamp"": ""2026-05-06 20:26:11"", ""total"": 1.0, ""type"": ""CONSUME""}"
2026-05-08_224617;C:\Users\Dani\Documents\CODEX-Projects\drink_pos\data\drink_pos_dev.db;data;transactions;719;"{""details"": ""+1x Limo à € 1,00"", ""id"": 719, ""person_id"": 1, ""timestamp"": ""2026-05-06 20:26:12"", ""total"": 1.0, ""type"": ""CONSUME""}"
2026-05-08_224617;C:\Users\Dani\Documents\CODEX-Projects\drink_pos\data\drink_pos_dev.db;data;transactions;720;"{""details"": ""+1x Limo à € 1,00"", ""id"": 720, ""person_id"": 1, ""timestamp"": ""2026-05-06 20:26:12"", ""total"": 1.0, ""type"": ""CONSUME""}"
2026-05-08_224617;C:\Users\Dani\Documents\CODEX-Projects\drink_pos\data\drink_pos_dev.db;data;transactions;721;"{""details"": ""+1x Limo à € 1,00"", ""id"": 721, ""person_id"": 1, ""timestamp"": ""2026-05-06 20:26:12"", ""total"": 1.0, ""type"": ""CONSUME""}"
2026-05-08_224617;C:\Users\Dani\Documents\CODEX-Projects\drink_pos\data\drink_pos_dev.db;data;transactions;722;"{""details"": ""+1x Limo à € 1,00"", ""id"": 722, ""person_id"": 1, ""timestamp"": ""2026-05-06 20:26:12"", ""total"": 1.0, ""type"": ""CONSUME""}"
2026-05-08_224617;C:\Users\Dani\Documents\CODEX-Projects\drink_pos\data\drink_pos_dev.db;data;transactions;723;"{""details"": ""+1x Limo à € 1,00"", ""id"": 723, ""person_id"": 1, ""timestamp"": ""2026-05-06 20:26:12"", ""total"": 1.0, ""type"": ""CONSUME""}"
2026-05-08_224617;C:\Users\Dani\Documents\CODEX-Projects\drink_pos\data\drink_pos_dev.db;data;transactions;724;"{""details"": ""+1x Limo à € 1,00"", ""id"": 724, ""person_id"": 1, ""timestamp"": ""2026-05-06 20:26:12"", ""total"": 1.0, ""type"": ""CONSUME""}"
2026-05-08_224617;C:\Users\Dani\Documents\CODEX-Projects\drink_pos\data\drink_pos_dev.db;data;transactions;725;"{""details"": ""+1x Limo à € 1,00"", ""id"": 725, ""person_id"": 1, ""timestamp"": ""2026-05-06 20:26:12"", ""total"": 1.0, ""type"": ""CONSUME""}"
2026-05-08_224617;C:\Users\Dani\Documents\CODEX-Projects\drink_pos\data\drink_pos_dev.db;data;transactions;726;"{""details"": ""+1x Limo à € 1,00"", ""id"": 726, ""person_id"": 1, ""timestamp"": ""2026-05-06 20:26:13"", ""total"": 1.0, ""type"": ""CONSUME""}"
2026-05-08_224617;C:\Users\Dani\Documents\CODEX-Projects\drink_pos\data\drink_pos_dev.db;data;transactions;727;"{""details"": ""+1x Limo à € 1,00"", ""id"": 727, ""person_id"": 1, ""timestamp"": ""2026-05-06 20:26:13"", ""total"": 1.0, ""type"": ""CONSUME""}"
2026-05-08_224617;C:\Users\Dani\Documents\CODEX-Projects\drink_pos\data\drink_pos_dev.db;data;transactions;728;"{""details"": ""+1x Limo à € 1,00"", ""id"": 728, ""person_id"": 1, ""timestamp"": ""2026-05-06 20:26:13"", ""total"": 1.0, ""type"": ""CONSUME""}"
2026-05-08_224617;C:\Users\Dani\Documents\CODEX-Projects\drink_pos\data\drink_pos_dev.db;data;transactions;729;"{""details"": ""+1x Limo à € 1,00"", ""id"": 729, ""person_id"": 1, ""timestamp"": ""2026-05-06 20:26:13"", ""total"": 1.0, ""type"": ""CONSUME""}"
2026-05-08_224617;C:\Users\Dani\Documents\CODEX-Projects\drink_pos\data\drink_pos_dev.db;data;transactions;730;"{""details"": ""+1x Limo à € 1,00"", ""id"": 730, ""person_id"": 1, ""timestamp"": ""2026-05-06 20:26:13"", ""total"": 1.0, ""type"": ""CONSUME""}"
2026-05-08_224617;C:\Users\Dani\Documents\CODEX-Projects\drink_pos\data\drink_pos_dev.db;data;transactions;731;"{""details"": ""+1x Limo à € 1,00"", ""id"": 731, ""person_id"": 1, ""timestamp"": ""2026-05-06 20:26:14"", ""total"": 1.0, ""type"": ""CONSUME""}"
2026-05-08_224617;C:\Users\Dani\Documents\CODEX-Projects\drink_pos\data\drink_pos_dev.db;data;transactions;732;"{""details"": ""+1x Limo à € 1,00"", ""id"": 732, ""person_id"": 1, ""timestamp"": ""2026-05-06 20:26:14"", ""total"": 1.0, ""type"": ""CONSUME""}"
2026-05-08_224617;C:\Users\Dani\Documents\CODEX-Projects\drink_pos\data\drink_pos_dev.db;data;transactions;733;"{""details"": ""+1x Limo à € 1,00"", ""id"": 733, ""person_id"": 1, ""timestamp"": ""2026-05-06 20:26:14"", ""total"": 1.0, ""type"": ""CONSUME""}"
2026-05-08_224617;C:\Users\Dani\Documents\CODEX-Projects\drink_pos\data\drink_pos_dev.db;data;transactions;734;"{""details"": ""+1x Limo à € 1,00"", ""id"": 734, ""person_id"": 1, ""timestamp"": ""2026-05-06 20:26:14"", ""total"": 1.0, ""type"": ""CONSUME""}"
2026-05-08_224617;C:\Users\Dani\Documents\CODEX-Projects\drink_pos\data\drink_pos_dev.db;data;transactions;735;"{""details"": ""+1x Limo à € 1,00"", ""id"": 735, ""person_id"": 1, ""timestamp"": ""2026-05-06 20:26:14"", ""total"": 1.0, ""type"": ""CONSUME""}"
2026-05-08_224617;C:\Users\Dani\Documents\CODEX-Projects\drink_pos\data\drink_pos_dev.db;data;transactions;736;"{""details"": ""+1x Bier klein à € 1,80"", ""id"": 736, ""person_id"": 1, ""timestamp"": ""2026-05-06 20:26:15"", ""total"": 1.8, ""type"": ""CONSUME""}"
2026-05-08_224617;C:\Users\Dani\Documents\CODEX-Projects\drink_pos\data\drink_pos_dev.db;data;transactions;737;"{""details"": ""+1x Bier klein à € 1,80"", ""id"": 737, ""person_id"": 1, ""timestamp"": ""2026-05-06 20:26:15"", ""total"": 1.8, ""type"": ""CONSUME""}"
2026-05-08_224617;C:\Users\Dani\Documents\CODEX-Projects\drink_pos\data\drink_pos_dev.db;data;transactions;738;"{""details"": ""+1x Bier klein à € 1,80"", ""id"": 738, ""person_id"": 1, ""timestamp"": ""2026-05-06 20:26:15"", ""total"": 1.8, ""type"": ""CONSUME""}"
2026-05-08_224617;C:\Users\Dani\Documents\CODEX-Projects\drink_pos\data\drink_pos_dev.db;data;transactions;739;"{""details"": ""+1x Bier klein à € 1,80"", ""id"": 739, ""person_id"": 1, ""timestamp"": ""2026-05-06 20:26:15"", ""total"": 1.8, ""type"": ""CONSUME""}"
2026-05-08_224617;C:\Users\Dani\Documents\CODEX-Projects\drink_pos\data\drink_pos_dev.db;data;transactions;740;"{""details"": ""+1x Bier klein à € 1,80"", ""id"": 740, ""person_id"": 1, ""timestamp"": ""2026-05-06 20:26:15"", ""total"": 1.8, ""type"": ""CONSUME""}"
2026-05-08_224617;C:\Users\Dani\Documents\CODEX-Projects\drink_pos\data\drink_pos_dev.db;data;transactions;741;"{""details"": ""+1x Bier klein à € 1,80"", ""id"": 741, ""person_id"": 1, ""timestamp"": ""2026-05-06 20:26:15"", ""total"": 1.8, ""type"": ""CONSUME""}"
2026-05-08_224617;C:\Users\Dani\Documents\CODEX-Projects\drink_pos\data\drink_pos_dev.db;data;transactions;742;"{""details"": ""+1x Bier klein à € 1,80"", ""id"": 742, ""person_id"": 1, ""timestamp"": ""2026-05-06 20:26:16"", ""total"": 1.8, ""type"": ""CONSUME""}"
2026-05-08_224617;C:\Users\Dani\Documents\CODEX-Projects\drink_pos\data\drink_pos_dev.db;data;transactions;743;"{""details"": ""+1x Bier klein à € 1,80"", ""id"": 743, ""person_id"": 1, ""timestamp"": ""2026-05-06 20:26:16"", ""total"": 1.8, ""type"": ""CONSUME""}"
2026-05-08_224617;C:\Users\Dani\Documents\CODEX-Projects\drink_pos\data\drink_pos_dev.db;data;transactions;744;"{""details"": ""+1x Bier klein à € 1,80"", ""id"": 744, ""person_id"": 1, ""timestamp"": ""2026-05-06 20:26:16"", ""total"": 1.8, ""type"": ""CONSUME""}"
2026-05-08_224617;C:\Users\Dani\Documents\CODEX-Projects\drink_pos\data\drink_pos_dev.db;data;transactions;745;"{""details"": ""+1x Bier klein à € 1,80"", ""id"": 745, ""person_id"": 36, ""timestamp"": ""2026-05-06 20:26:33"", ""total"": 1.8, ""type"": ""CONSUME""}"
2026-05-08_224617;C:\Users\Dani\Documents\CODEX-Projects\drink_pos\data\drink_pos_dev.db;data;transactions;746;"{""details"": ""+1x Limo à € 1,00"", ""id"": 746, ""person_id"": 36, ""timestamp"": ""2026-05-06 20:26:33"", ""total"": 1.0, ""type"": ""CONSUME""}"
2026-05-08_224617;C:\Users\Dani\Documents\CODEX-Projects\drink_pos\data\drink_pos_dev.db;data;transactions;747;"{""details"": ""+1x Bier gross à € 2,50"", ""id"": 747, ""person_id"": 36, ""timestamp"": ""2026-05-06 20:26:34"", ""total"": 2.5, ""type"": ""CONSUME""}"
2026-05-08_224617;C:\Users\Dani\Documents\CODEX-Projects\drink_pos\data\drink_pos_dev.db;data;transactions;748;"{""details"": ""+1x Bier klein à € 1,80"", ""id"": 748, ""person_id"": 35, ""timestamp"": ""2026-05-06 20:26:36"", ""total"": 1.8, ""type"": ""CONSUME""}"
2026-05-08_224617;C:\Users\Dani\Documents\CODEX-Projects\drink_pos\data\drink_pos_dev.db;data;transactions;749;"{""details"": ""Löschanfrage: -1x Bier klein"", ""id"": 749, ""person_id"": 35, ""timestamp"": ""2026-05-06 20:26:41"", ""total"": 0.0, ""type"": ""CHANGE_REQUEST""}"
2026-05-08_224617;C:\Users\Dani\Documents\CODEX-Projects\drink_pos\data\drink_pos_dev.db;data;transactions;750;"{""details"": ""Bestätigt: -1x Bier klein"", ""id"": 750, ""person_id"": 35, ""timestamp"": ""2026-05-06 20:26:47"", ""total"": 0.0, ""type"": ""CHANGE_APPROVED""}"
2026-05-08_224617;C:\Users\Dani\Documents\CODEX-Projects\drink_pos\data\drink_pos_dev.db;data;transactions;751;"{""details"": ""Runde selbst bestätigt: +1x 1 Runde"", ""id"": 751, ""person_id"": 39, ""timestamp"": ""2026-05-06 20:27:05"", ""total"": 40.0, ""type"": ""ROUND_REQUEST_APPROVED""}"
2026-05-08_224617;C:\Users\Dani\Documents\CODEX-Projects\drink_pos\data\drink_pos_dev.db;data;transactions;752;"{""details"": ""Automatisch bei Kassensturz; bezahlt von Martin Manfred: Basile Leonardo: -1x Limo | Basile Riccardo: -1x Limo | Borufka Peter: -1x Limo | Ender Patrik: -1x Limo | Fetz Lena: -1x Limo | Giesinger Clara: -1x Limo | Huber Nadine: -1x Limo | Loacker Benjamin: -1x Bier klein | Loacker Johannes: -1x Limo | Märk Carmen: -1x Limo | Müller Katharina: -1x Bier gross | Müller Robert: -1x Limo | Petrovic Laurin: -1x Limo | Sandholzer Markus: -1x Limo | Schedler Simon: -1x Limo | Schweiger Christoph: -1x Limo | Öhlinger Johanna: -1x Limo | Rundenpreis € 40,00; EK abgezogen € 9,15; Gewinn EK->Rundenpreis € 30,85; VK abgezogen € 19,30; Gewinn/Verlust VK->Rundenpreis € 20,70"", ""id"": 752, ""person_id"": null, ""timestamp"": ""2026-05-06 20:27:37"", ""total"": 19.3, ""type"": ""ROUND_DEDUCTED""}"
2026-05-08_224617;C:\Users\Dani\Documents\CODEX-Projects\drink_pos\data\drink_pos_dev.db;data;transactions;753;"{""details"": ""Kassensturz: 111 Striche auf offene Rechnungen übertragen; Summe € 235,70"", ""id"": 753, ""person_id"": null, ""timestamp"": ""2026-05-06 20:27:37"", ""total"": 235.7, ""type"": ""CASHUP""}"
2026-05-08_224617;C:\Users\Dani\Documents\CODEX-Projects\drink_pos\data\drink_pos_dev.db;data;transactions;754;"{""details"": ""Miller Sarah: +1x Bier gross | Miller Sarah: +2x Bier klein | Miller Sarah: +1x Limo | Willinigg Mathias: +2x Bier gross | Willinigg Mathias: +1x Limo | Huber Nadine: +1x Bier gross | Huber Nadine: +2x Bier klein | Huber Nadine: +3x Limo | Egle Helmut: +1x Bier klein | Egle Helmut: +2x Limo | Fend Annabell: +1x Bier gross | Fend Annabell: +3x Bier klein | Bischof Leonie: +1x Bier gross | Bischof Leonie: +2x Bier klein | Bischof Leonie: +2x Limo | Loacker Johannes: +1x Bier gross | Loacker Johannes: +3x Bier klein | Loacker Johannes: +2x Limo | Kishazy Csongor: +2x Bier gross | Kishazy Csongor: +3x Bier klein | Miller Mirijam: +1x Bier gross | Miller Mirijam: +3x Limo | Öhlinger Grete: +2x Bier gross | Öhlinger Grete: +3x Bier klein | Öhlinger Grete: +3x Limo | Fetz Clemens: +2x Bier gross | Fetz Clemens: +2x Bier klein | Fetz Clemens: +1x Limo | Giesinger Clara: +2x Bier klein | Giesinger Clara: +3x Limo"", ""id"": 754, ""person_id"": null, ""timestamp"": ""2026-05-06 20:27:43"", ""total"": 0.0, ""type"": ""DEBUG_TEST_DATA""}"
2026-05-08_224617;C:\Users\Dani\Documents\CODEX-Projects\drink_pos\data\drink_pos_dev.db;data;transactions;755;"{""details"": ""Ender Carola: +1x Bier gross | Ender Carola: +3x Limo | Müller Robert: +2x Bier gross | Müller Robert: +2x Limo | Beran Paula: +3x Bier klein | Beran Paula: +3x Limo | Kathan Angela: +3x Bier gross | Kathan Angela: +2x Bier klein | Kathan Angela: +1x Limo | Loacker Nikolas: +3x Bier klein | Loacker Nikolas: +2x Limo | Scherrer Michael: +2x Bier gross | Scherrer Michael: +3x Bier klein | Fitz Jakob: +3x Bier klein | Loacker Benjamin: +3x Bier gross | Loacker Benjamin: +1x Bier klein | Öhlinger Johanna: +3x Bier klein | Öhlinger Johanna: +2x Limo | Purkhart Sebastian: +2x Bier gross | Purkhart Sebastian: +1x Bier klein | Jenny Anna: +2x Bier klein"", ""id"": 755, ""person_id"": null, ""timestamp"": ""2026-05-06 20:27:44"", ""total"": 0.0, ""type"": ""DEBUG_TEST_DATA""}"
2026-05-08_224617;C:\Users\Dani\Documents\CODEX-Projects\drink_pos\data\drink_pos_dev.db;data;transactions;756;"{""details"": ""Scherrer Michael: +1x Bier klein | Öhlinger Grete: +3x Bier gross | Öhlinger Grete: +3x Limo | Müller Katharina: +1x Bier gross | Müller Katharina: +2x Bier klein | Müller Katharina: +1x Limo | Egle Helmut: +2x Bier gross | Egle Helmut: +1x Limo | Schedler Simon: +2x Bier gross | Schönfelder Hannah: +3x Bier gross | Schönfelder Hannah: +2x Bier klein | Schönfelder Hannah: +2x Limo | Borufka Peter: +1x Bier klein | Purkhart Sebastian: +2x Bier klein | Rützler Andreas: +2x Bier klein | Rützler Andreas: +3x Limo | Fritz Ramona: +2x Bier gross | Fritz Ramona: +2x Bier klein | Fritz Ramona: +3x Limo | Basile Riccardo: +2x Bier gross | Basile Riccardo: +3x Bier klein | Basile Riccardo: +2x Limo | Ender Carola: +3x Bier gross | Ender Carola: +3x Bier klein | Ender Carola: +1x Limo"", ""id"": 756, ""person_id"": null, ""timestamp"": ""2026-05-06 20:27:46"", ""total"": 0.0, ""type"": ""DEBUG_TEST_DATA""}"
2026-05-08_224617;C:\Users\Dani\Documents\CODEX-Projects\drink_pos\data\drink_pos_dev.db;data;transactions;757;"{""details"": ""Fend Nevio: +3x Bier klein | Fend Nevio: +3x Limo | Gau Sophia: +1x Bier gross | Gau Sophia: +1x Bier klein | Gau Sophia: +3x Limo | Klien Milena: +1x Bier klein | Klien Milena: +2x Limo | Miller Sarah: +3x Bier gross | Purkhart Sebastian: +3x Bier gross | Purkhart Sebastian: +3x Bier klein | Purkhart Sebastian: +3x Limo | Schwarz Eliana: +2x Bier gross | Schwarz Eliana: +3x Bier klein | Schwarz Eliana: +1x Limo | Koller Sarah: +3x Limo | Ratz David: +2x Bier klein | Ratz David: +2x Limo | Klien Lorena: +1x Bier gross | Klien Lorena: +3x Bier klein | Klien Lorena: +1x Limo | Martin Manfred: +2x Bier klein | Martin Manfred: +3x Limo | Sandholzer Markus: +2x Bier gross | Sandholzer Markus: +3x Bier klein | Sandholzer Markus: +3x Limo"", ""id"": 757, ""person_id"": null, ""timestamp"": ""2026-05-06 20:27:48"", ""total"": 0.0, ""type"": ""DEBUG_TEST_DATA""}"
2026-05-08_224617;C:\Users\Dani\Documents\CODEX-Projects\drink_pos\data\drink_pos_dev.db;data;transactions;758;"{""details"": ""+1x 1 Runde à € 40,00"", ""id"": 758, ""person_id"": 38, ""timestamp"": ""2026-05-06 20:27:54"", ""total"": 40.0, ""type"": ""CONSUME""}"
2026-05-08_224617;C:\Users\Dani\Documents\CODEX-Projects\drink_pos\data\drink_pos_dev.db;data;transactions;759;"{""details"": ""+1x Bier klein à € 1,80"", ""id"": 759, ""person_id"": 32, ""timestamp"": ""2026-05-06 20:29:04"", ""total"": 1.8, ""type"": ""CONSUME""}"
2026-05-08_224617;C:\Users\Dani\Documents\CODEX-Projects\drink_pos\data\drink_pos_dev.db;data;transactions;760;"{""details"": ""+1x Bier gross à € 2,50"", ""id"": 760, ""person_id"": 32, ""timestamp"": ""2026-05-06 20:29:05"", ""total"": 2.5, ""type"": ""CONSUME""}"
2026-05-08_224617;C:\Users\Dani\Documents\CODEX-Projects\drink_pos\data\drink_pos_dev.db;data;transactions;761;"{""details"": ""+1x Bier klein à € 1,80"", ""id"": 761, ""person_id"": 32, ""timestamp"": ""2026-05-06 20:29:06"", ""total"": 1.8, ""type"": ""CONSUME""}"
2026-05-08_224617;C:\Users\Dani\Documents\CODEX-Projects\drink_pos\data\drink_pos_dev.db;data;transactions;762;"{""details"": ""+1x Limo à € 1,00"", ""id"": 762, ""person_id"": 32, ""timestamp"": ""2026-05-06 20:29:06"", ""total"": 1.0, ""type"": ""CONSUME""}"
2026-05-08_224617;C:\Users\Dani\Documents\CODEX-Projects\drink_pos\data\drink_pos_dev.db;data;transactions;763;"{""details"": ""+1x Bier klein à € 1,80"", ""id"": 763, ""person_id"": 32, ""timestamp"": ""2026-05-06 20:29:07"", ""total"": 1.8, ""type"": ""CONSUME""}"
2026-05-08_224617;C:\Users\Dani\Documents\CODEX-Projects\drink_pos\data\drink_pos_dev.db;data;transactions;764;"{""details"": ""+1x Bier gross à € 2,50"", ""id"": 764, ""person_id"": 32, ""timestamp"": ""2026-05-06 20:29:07"", ""total"": 2.5, ""type"": ""CONSUME""}"
2026-05-08_224617;C:\Users\Dani\Documents\CODEX-Projects\drink_pos\data\drink_pos_dev.db;data;transactions;765;"{""details"": ""+1x Bier gross à € 2,50"", ""id"": 765, ""person_id"": 32, ""timestamp"": ""2026-05-06 20:29:10"", ""total"": 2.5, ""type"": ""CONSUME""}"
2026-05-08_224617;C:\Users\Dani\Documents\CODEX-Projects\drink_pos\data\drink_pos_dev.db;data;transactions;766;"{""details"": ""+1x Bier klein à € 1,80"", ""id"": 766, ""person_id"": 32, ""timestamp"": ""2026-05-06 20:29:11"", ""total"": 1.8, ""type"": ""CONSUME""}"
2026-05-08_224617;C:\Users\Dani\Documents\CODEX-Projects\drink_pos\data\drink_pos_dev.db;data;transactions;767;"{""details"": ""Verbindung verloren · Seite: Kasse · Geraet: PC Windows  2560x1355  Win32 · Client-Zeit: 2026-05-07T16:53:57.367Z · letzter Sync Client: 2026-05-07T04:19:33.988Z · Server nicht erreichbar."", ""id"": 767, ""person_id"": null, ""timestamp"": ""2026-05-07 18:53:57"", ""total"": 0.0, ""type"": ""CONNECTION_LOST""}"
2026-05-08_224617;C:\Users\Dani\Documents\CODEX-Projects\drink_pos\data\drink_pos_dev.db;data;transactions;768;"{""details"": ""Verbindung aufgenommen · Seite: Kasse · Geraet: PC Windows  2560x1355  Win32 · Client-Zeit: 2026-05-07T16:53:57.612Z · letzter Sync Client: 2026-05-07T16:53:57.611Z · Verbindung zum Server wieder erreichbar."", ""id"": 768, ""person_id"": null, ""timestamp"": ""2026-05-07 18:53:57"", ""total"": 0.0, ""type"": ""CONNECTION_RESTORED""}"
2026-05-08_224617;C:\Users\Dani\Documents\CODEX-Projects\drink_pos\data\drink_pos_dev.db;data;transactions;769;"{""details"": ""Synchronisiert · Seite: Kasse · Geraet: PC Windows  2560x1355  Win32 · Client-Zeit: 2026-05-07T16:53:58.074Z · letzter Sync Client: 2026-05-07T16:53:58.074Z · Manuelle oder Wiederverbindungs-Synchronisierung abgeschlossen."", ""id"": 769, ""person_id"": null, ""timestamp"": ""2026-05-07 18:53:58"", ""total"": 0.0, ""type"": ""SYNC_COMPLETED""}"
2026-05-08_224617;C:\Users\Dani\Documents\CODEX-Projects\drink_pos\data\drink_pos_dev.db;data;transactions;770;"{""details"": ""Automatisch bei Kassensturz; bezahlt von Märk Matthias: Basile Riccardo: -1x Limo | Beran Paula: -1x Limo | Bischof Leonie: -1x Limo | Borufka Peter: -1x Bier klein | Egle Helmut: -1x Limo | Ender Carola: -1x Limo | Fend Annabell: -1x Bier klein | Fend Nevio: -1x Limo | Fetz Clemens: -1x Limo | Fitz Jakob: -1x Bier klein | Fritz Ramona: -1x Limo | Gau Sophia: -1x Limo | Giesinger Clara: -1x Limo | Huber Nadine: -1x Limo | Jenny Anna: -1x Bier klein | Kathan Angela: -1x Limo | Kishazy Csongor: -1x Bier klein | Klien Lorena: -1x Limo | Klien Milena: -1x Limo | Koller Sarah: -1x Limo | Lampert Rosalie: -1x Limo | Loacker Benjamin: -1x Bier klein | Loacker Johannes: -1x Limo | Loacker Nikolas: -1x Limo | Martin Manfred: -1x Limo | Miller Mirijam: -1x Limo | Miller Sarah: -1x Limo | Müller Katharina: -1x Limo | Müller Robert: -1x Limo | Purkhart Sebastian: -1x Limo | Ratz David: -1x Limo | Rützler Andreas: -1x Limo | Sandholzer Markus: -1x Limo | Schedler Simon: -1x Bier gross | Scherrer Michael: -1x Bier klein | Schwarz Eliana: -1x Limo | Schönfelder Hannah: -1x Limo | Willinigg Mathias: -1x Limo | Öhlinger Grete: -1x Limo | Öhlinger Johanna: -1x Limo | Rundenpreis € 40,00; EK abgezogen € 22,80; Gewinn EK->Rundenpreis € 17,20; VK abgezogen € 47,10; Gewinn/Verlust VK->Rundenpreis € -7,10"", ""id"": 770, ""person_id"": null, ""timestamp"": ""2026-05-08 21:06:04"", ""total"": 47.1, ""type"": ""ROUND_DEDUCTED""}"
2026-05-08_224617;C:\Users\Dani\Documents\CODEX-Projects\drink_pos\data\drink_pos_dev.db;data;transactions;771;"{""details"": ""Kassensturz: 183 Striche auf offene Rechnungen übertragen; Summe € 374,50"", ""id"": 771, ""person_id"": null, ""timestamp"": ""2026-05-08 21:06:04"", ""total"": 374.5, ""type"": ""CASHUP""}"
2026-05-08_224617;C:\Users\Dani\Documents\CODEX-Projects\drink_pos\data\drink_pos_dev.db;data;transactions;772;"{""details"": ""Tschütscher Christian: +1x Bier gross | Tschütscher Christian: +3x Bier klein | Tschütscher Christian: +2x Limo | Jäger Nathalie: +3x Bier gross | Jäger Nathalie: +3x Bier klein | Jenny Anna: +1x Limo | Klien Milena: +1x Limo | Ender Patrik: +2x Bier gross | Ender Patrik: +1x Limo | Märk Christoph: +1x Bier gross | Märk Christoph: +1x Bier klein | Märk Christoph: +2x Limo | Kaufmann Theresia: +3x Bier gross | Kaufmann Theresia: +2x Bier klein | Kaufmann Theresia: +3x Limo | Kathan Angela: +1x Bier klein | Kathan Angela: +3x Limo | Ender Carola: +1x Bier gross | Ender Carola: +2x Bier klein | Martin Manfred: +1x Bier gross | Martin Manfred: +1x Bier klein | Basile Leonardo: +1x Bier gross | Basile Leonardo: +2x Bier klein | Giesinger Clara: +1x Bier gross"", ""id"": 772, ""person_id"": null, ""timestamp"": ""2026-05-08 21:06:11"", ""total"": 0.0, ""type"": ""DEBUG_TEST_DATA""}"
2026-05-08_224617;C:\Users\Dani\Documents\CODEX-Projects\drink_pos\data\drink_pos_dev.db;data;transactions;773;"{""details"": ""Loacker Johannes: +1x Bier gross | Loacker Johannes: +3x Bier klein | Schnetzer Marina: +3x Bier gross | Schnetzer Marina: +3x Bier klein | Märk Matthias: +1x Bier gross | Märk Matthias: +1x Bier klein | Märk Matthias: +1x Limo | Scherrer Michael: +3x Bier klein | Scherrer Michael: +1x Limo | Loacker Benjamin: +3x Bier gross | Loacker Benjamin: +1x Bier klein | Loacker Benjamin: +2x Limo | Petrovic Laurin: +1x Bier klein | Martin Manfred: +1x Bier gross | Martin Manfred: +2x Limo | Schedler Simon: +2x Bier gross | Schedler Simon: +3x Bier klein | Jenny Anna: +1x Limo | Schweiger Christoph: +2x Bier gross | Schweiger Christoph: +3x Limo | Basile Leonardo: +3x Bier gross | Basile Leonardo: +2x Bier klein | Huber Nadine: +1x Bier gross | Huber Nadine: +3x Bier klein"", ""id"": 773, ""person_id"": null, ""timestamp"": ""2026-05-08 21:06:17"", ""total"": 0.0, ""type"": ""DEBUG_TEST_DATA""}"
2026-05-08_224617;C:\Users\Dani\Documents\CODEX-Projects\drink_pos\data\drink_pos_dev.db;data;transactions;774;"{""details"": ""Buchungsfeedback aktiviert; Buchungsfeedback auf deutlich gesetzt; Buchungsfeedback-Dauer auf 1400 ms gesetzt"", ""id"": 774, ""person_id"": null, ""timestamp"": ""2026-05-08 21:10:49"", ""total"": 0.0, ""type"": ""SETTINGS_UPDATED""}"
2026-05-08_224617;C:\Users\Dani\Documents\CODEX-Projects\drink_pos\data\drink_pos_dev.db;data;transactions;775;"{""details"": ""Buchungsfeedback oberhalb der Getränkebuttons; Feiereffekt auf nur bei Bedingungen gesetzt; Feiereffekt bei Runden aktiviert; Feiereffekt bei Grenzwert aktiviert; Feiereffekt-Grenzwert auf € 50,00 gesetzt; Feierlicher Ton aktiviert"", ""id"": 775, ""person_id"": null, ""timestamp"": ""2026-05-08 21:18:49"", ""total"": 0.0, ""type"": ""SETTINGS_UPDATED""}"
2026-05-08_224617;C:\Users\Dani\Documents\CODEX-Projects\drink_pos\data\drink_pos_dev.db;data;transactions;776;"{""details"": ""Buchungsfeedback-Animationsintensität auf 150% gesetzt"", ""id"": 776, ""person_id"": null, ""timestamp"": ""2026-05-08 22:39:57"", ""total"": 0.0, ""type"": ""SETTINGS_UPDATED""}"
2026-05-08_224617;C:\Users\Dani\Documents\CODEX-Projects\drink_pos\data\drink_pos_dev.db;data;transactions;777;"{""details"": ""Gesamtpreis in Standardansicht eingeblendet; Gesamtsumme im Personen-Popup eingeblendet; Strich-Krackeligkeit auf Stufe 4 gesetzt; Namensgröße auf 15,5px gesetzt; Größe der Gesamtauflistung auf 100% gesetzt; Beschriftung der Gesamtauflistung eingeblendet; Text der Gesamtauflistung geändert: Gesamt:; Strichlistengröße auf 100% gesetzt; Sync-/Verbindungsanzeige eingeblendet; Sync-/Verbindungsanzeige auf 100% gesetzt; Löschanfragen für Benutzer aktiviert; App-Hintergrundfarbe auf #f3f4f6 gesetzt; Personen-Hintergrundfarbe auf #ffffff gesetzt; Personen-Rahmenfarbe auf #bfdbfe gesetzt; Personen-Rahmendicke auf 2px gesetzt; Personen-Abstand auf 10px gesetzt; Buchungsfeedback aktiviert; Buchungsfeedback auf deutlich gesetzt; Buchungsfeedback-Dauer auf 1400 ms gesetzt; Buchungsfeedback-Animationsintensität auf 200% gesetzt; Buchungsfeedback oberhalb der Getränkebuttons; Feiereffekt auf nur bei Bedingungen gesetzt; Feiereffekt bei Runden aktiviert; Feiereffekt bei Grenzwert aktiviert; Feiereffekt-Grenzwert auf € 50,00 gesetzt; Feierlicher Ton aktiviert"", ""id"": 777, ""person_id"": null, ""timestamp"": ""2026-05-08 22:42:25"", ""total"": 0.0, ""type"": ""SETTINGS_UPDATED""}"
2026-05-08_224617;C:\Users\Dani\Documents\CODEX-Projects\drink_pos\data\drink_pos_dev.db;data;transactions;778;"{""details"": ""+1x Bier gross à € 2,50"", ""id"": 778, ""person_id"": 38, ""timestamp"": ""2026-05-08 22:42:48"", ""total"": 2.5, ""type"": ""CONSUME""}"
2026-05-08_224617;C:\Users\Dani\Documents\CODEX-Projects\drink_pos\data\drink_pos_dev.db;data;transactions;779;"{""details"": ""+1x Bier gross à € 2,50"", ""id"": 779, ""person_id"": 38, ""timestamp"": ""2026-05-08 22:42:50"", ""total"": 2.5, ""type"": ""CONSUME""}"
2026-05-08_224617;C:\Users\Dani\Documents\CODEX-Projects\drink_pos\data\drink_pos_dev.db;data;transactions;780;"{""details"": ""+1x Bier klein à € 1,80"", ""id"": 780, ""person_id"": 36, ""timestamp"": ""2026-05-08 22:42:54"", ""total"": 1.8, ""type"": ""CONSUME""}"
2026-05-08_224617;C:\Users\Dani\Documents\CODEX-Projects\drink_pos\data\drink_pos_dev.db;data;transactions;781;"{""details"": ""Runde selbst bestätigt: +1x 1 Runde"", ""id"": 781, ""person_id"": 4, ""timestamp"": ""2026-05-08 22:43:07"", ""total"": 40.0, ""type"": ""ROUND_REQUEST_APPROVED""}"
2026-05-08_224617;C:\Users\Dani\Documents\CODEX-Projects\drink_pos\data\drink_pos_dev.db;data;transactions;782;"{""details"": ""+1x Bier klein à € 1,80"", ""id"": 782, ""person_id"": 4, ""timestamp"": ""2026-05-08 22:43:11"", ""total"": 1.8, ""type"": ""CONSUME""}"
2026-05-08_224617;C:\Users\Dani\Documents\CODEX-Projects\drink_pos\data\drink_pos_dev.db;data;transactions;783;"{""details"": ""+1x Bier gross à € 2,50"", ""id"": 783, ""person_id"": 4, ""timestamp"": ""2026-05-08 22:43:13"", ""total"": 2.5, ""type"": ""CONSUME""}"
2026-05-08_224617;C:\Users\Dani\Documents\CODEX-Projects\drink_pos\data\drink_pos_dev.db;data;transactions;784;"{""details"": ""+1x Bier gross à € 2,50"", ""id"": 784, ""person_id"": 4, ""timestamp"": ""2026-05-08 22:43:16"", ""total"": 2.5, ""type"": ""CONSUME""}"
2026-05-08_224617;C:\Users\Dani\Documents\CODEX-Projects\drink_pos\data\drink_pos_dev.db;data;transactions;785;"{""details"": ""+1x Bier gross à € 2,50"", ""id"": 785, ""person_id"": 4, ""timestamp"": ""2026-05-08 22:44:23"", ""total"": 2.5, ""type"": ""CONSUME""}"
2026-05-08_224617;C:\Users\Dani\Documents\CODEX-Projects\drink_pos\data\drink_pos_dev.db;data;transactions;786;"{""details"": ""+1x Bier gross à € 2,50"", ""id"": 786, ""person_id"": 4, ""timestamp"": ""2026-05-08 22:44:25"", ""total"": 2.5, ""type"": ""CONSUME""}"
2026-05-08_224617;C:\Users\Dani\Documents\CODEX-Projects\drink_pos\data\drink_pos_dev.db;data;transactions;787;"{""details"": ""+1x Bier gross à € 2,50"", ""id"": 787, ""person_id"": 4, ""timestamp"": ""2026-05-08 22:44:27"", ""total"": 2.5, ""type"": ""CONSUME""}"
2026-05-08_224617;C:\Users\Dani\Documents\CODEX-Projects\drink_pos\data\drink_pos_dev.db;data;transactions;788;"{""details"": ""+1x Bier klein à € 1,80"", ""id"": 788, ""person_id"": 4, ""timestamp"": ""2026-05-08 22:44:29"", ""total"": 1.8, ""type"": ""CONSUME""}"
2026-05-08_224617;C:\Users\Dani\Documents\CODEX-Projects\drink_pos\data\drink_pos_dev.db;data;transactions;789;"{""details"": ""+1x Bier gross à € 2,50"", ""id"": 789, ""person_id"": 4, ""timestamp"": ""2026-05-08 22:44:30"", ""total"": 2.5, ""type"": ""CONSUME""}"
2026-05-08_224617;C:\Users\Dani\Documents\CODEX-Projects\drink_pos\data\drink_pos_dev.db;data;transactions;790;"{""details"": ""+1x Bier gross à € 2,50"", ""id"": 790, ""person_id"": 4, ""timestamp"": ""2026-05-08 22:44:33"", ""total"": 2.5, ""type"": ""CONSUME""}"
2026-05-08_224617;C:\Users\Dani\Documents\CODEX-Projects\drink_pos\data\drink_pos_dev.db;data;transactions;791;"{""details"": ""+1x Bier gross à € 2,50"", ""id"": 791, ""person_id"": 4, ""timestamp"": ""2026-05-08 22:44:35"", ""total"": 2.5, ""type"": ""CONSUME""}"
2026-05-08_224617;C:\Users\Dani\Documents\CODEX-Projects\drink_pos\data\drink_pos_dev.db;data;transactions;792;"{""details"": ""+1x Bier gross à € 2,50"", ""id"": 792, ""person_id"": 4, ""timestamp"": ""2026-05-08 22:44:37"", ""total"": 2.5, ""type"": ""CONSUME""}"
2026-05-08_224617;C:\Users\Dani\Documents\CODEX-Projects\drink_pos\data\drink_pos_dev.db;data;transactions;793;"{""details"": ""+1x Bier gross à € 2,50"", ""id"": 793, ""person_id"": 4, ""timestamp"": ""2026-05-08 22:44:37"", ""total"": 2.5, ""type"": ""CONSUME""}"
2026-05-08_224617;C:\Users\Dani\Documents\CODEX-Projects\drink_pos\data\drink_pos_dev.db;data;transactions;794;"{""details"": ""+1x Bier gross à € 2,50"", ""id"": 794, ""person_id"": 4, ""timestamp"": ""2026-05-08 22:44:38"", ""total"": 2.5, ""type"": ""CONSUME""}"
2026-05-08_224617;C:\Users\Dani\Documents\CODEX-Projects\drink_pos\data\drink_pos_dev.db;data;transactions;795;"{""details"": ""+1x Bier gross à € 2,50"", ""id"": 795, ""person_id"": 4, ""timestamp"": ""2026-05-08 22:44:40"", ""total"": 2.5, ""type"": ""CONSUME""}"
2026-05-08_224617;C:\Users\Dani\Documents\CODEX-Projects\drink_pos\data\drink_pos_dev.db;data;transactions;796;"{""details"": ""+1x Bier gross à € 2,50"", ""id"": 796, ""person_id"": 4, ""timestamp"": ""2026-05-08 22:44:41"", ""total"": 2.5, ""type"": ""CONSUME""}"
2026-05-08_224617;C:\Users\Dani\Documents\CODEX-Projects\drink_pos\data\drink_pos_dev.db;data;transactions;797;"{""details"": ""+1x Bier gross à € 2,50"", ""id"": 797, ""person_id"": 4, ""timestamp"": ""2026-05-08 22:44:42"", ""total"": 2.5, ""type"": ""CONSUME""}"
2026-05-08_224617;C:\Users\Dani\Documents\CODEX-Projects\drink_pos\data\drink_pos_dev.db;data;transactions;798;"{""details"": ""+1x Bier klein à € 1,80"", ""id"": 798, ""person_id"": 4, ""timestamp"": ""2026-05-08 22:44:42"", ""total"": 1.8, ""type"": ""CONSUME""}"
2026-05-08_224617;C:\Users\Dani\Documents\CODEX-Projects\drink_pos\data\drink_pos_dev.db;data;transactions;799;"{""details"": ""+1x Limo à € 1,00"", ""id"": 799, ""person_id"": 4, ""timestamp"": ""2026-05-08 22:44:43"", ""total"": 1.0, ""type"": ""CONSUME""}"
2026-05-08_224617;C:\Users\Dani\Documents\CODEX-Projects\drink_pos\data\drink_pos_dev.db;data;transactions;800;"{""details"": ""+1x Limo à € 1,00"", ""id"": 800, ""person_id"": 4, ""timestamp"": ""2026-05-08 22:44:43"", ""total"": 1.0, ""type"": ""CONSUME""}"
2026-05-08_224617;C:\Users\Dani\Documents\CODEX-Projects\drink_pos\data\drink_pos_dev.db;data;transactions;801;"{""details"": ""+1x Bier klein à € 1,80"", ""id"": 801, ""person_id"": 4, ""timestamp"": ""2026-05-08 22:44:44"", ""total"": 1.8, ""type"": ""CONSUME""}"
2026-05-08_224617;C:\Users\Dani\Documents\CODEX-Projects\drink_pos\data\drink_pos_dev.db;data;transactions;802;"{""details"": ""+1x Bier gross à € 2,50"", ""id"": 802, ""person_id"": 4, ""timestamp"": ""2026-05-08 22:44:44"", ""total"": 2.5, ""type"": ""CONSUME""}"
2026-05-08_224617;C:\Users\Dani\Documents\CODEX-Projects\drink_pos\data\drink_pos_dev.db;data;transactions;803;"{""details"": ""+1x Bier klein à € 1,80"", ""id"": 803, ""person_id"": 4, ""timestamp"": ""2026-05-08 22:44:44"", ""total"": 1.8, ""type"": ""CONSUME""}"
2026-05-08_224617;C:\Users\Dani\Documents\CODEX-Projects\drink_pos\data\drink_pos_dev.db;data;transactions;804;"{""details"": ""+1x Bier gross à € 2,50"", ""id"": 804, ""person_id"": 4, ""timestamp"": ""2026-05-08 22:44:45"", ""total"": 2.5, ""type"": ""CONSUME""}"
2026-05-08_224617;C:\Users\Dani\Documents\CODEX-Projects\drink_pos\data\drink_pos_dev.db;data;transactions;805;"{""details"": ""Automatisch bei Kassensturz; bezahlt von Bischof Leonie: Basile Leonardo: -1x Bier klein | Bischof Leonie: -1x Limo | Ender Carola: -1x Bier klein | Ender Patrik: -1x Limo | Giesinger Clara: -1x Bier gross | Huber Nadine: -1x Bier klein | Jenny Anna: -1x Limo | Jäger Nathalie: -1x Bier klein | Kathan Angela: -1x Limo | Kaufmann Theresia: -1x Limo | Klien Milena: -1x Limo | Loacker Benjamin: -1x Limo | Loacker Johannes: -1x Bier klein | Martin Manfred: -1x Limo | Märk Carmen: -1x Bier klein | Märk Christoph: -1x Limo | Märk Matthias: -1x Limo | Petrovic Laurin: -1x Bier klein | Schedler Simon: -1x Bier klein | Scherrer Michael: -1x Limo | Schnetzer Marina: -1x Bier klein | Schweiger Christoph: -1x Limo | Tschütscher Christian: -1x Limo | Rundenpreis € 40,00; EK abgezogen € 16,25; Gewinn EK->Rundenpreis € 23,75; VK abgezogen € 31,70; Gewinn/Verlust VK->Rundenpreis € 8,30"", ""id"": 805, ""person_id"": null, ""timestamp"": ""2026-05-08 22:44:52"", ""total"": 31.7, ""type"": ""ROUND_DEDUCTED""}"
2026-05-08_224617;C:\Users\Dani\Documents\CODEX-Projects\drink_pos\data\drink_pos_dev.db;data;transactions;806;"{""details"": ""Kassensturz: 93 Striche auf offene Rechnungen übertragen; Summe € 229,60"", ""id"": 806, ""person_id"": null, ""timestamp"": ""2026-05-08 22:44:52"", ""total"": 229.6, ""type"": ""CASHUP""}"
2026-05-08_224617;C:\Users\Dani\Documents\CODEX-Projects\drink_pos\data\drink_pos_dev.db;data;transactions;807;"{""details"": ""+1x Bier gross à € 2,50"", ""id"": 807, ""person_id"": 32, ""timestamp"": ""2026-05-08 22:44:55"", ""total"": 2.5, ""type"": ""CONSUME""}"
2026-05-08_224617;C:\Users\Dani\Documents\CODEX-Projects\drink_pos\data\drink_pos_dev.db;data;transactions;808;"{""details"": ""+1x Bier gross à € 2,50"", ""id"": 808, ""person_id"": 32, ""timestamp"": ""2026-05-08 22:44:56"", ""total"": 2.5, ""type"": ""CONSUME""}"
2026-05-08_224617;C:\Users\Dani\Documents\CODEX-Projects\drink_pos\data\drink_pos_dev.db;data;transactions;809;"{""details"": ""+1x Bier gross à € 2,50"", ""id"": 809, ""person_id"": 32, ""timestamp"": ""2026-05-08 22:44:57"", ""total"": 2.5, ""type"": ""CONSUME""}"
2026-05-08_224617;C:\Users\Dani\Documents\CODEX-Projects\drink_pos\data\drink_pos_dev.db;data;transactions;810;"{""details"": ""+1x Bier gross à € 2,50"", ""id"": 810, ""person_id"": 32, ""timestamp"": ""2026-05-08 22:44:58"", ""total"": 2.5, ""type"": ""CONSUME""}"
2026-05-08_224617;C:\Users\Dani\Documents\CODEX-Projects\drink_pos\data\drink_pos_dev.db;data;transactions;811;"{""details"": ""+1x 1 Runde à € 40,00"", ""id"": 811, ""person_id"": 32, ""timestamp"": ""2026-05-08 22:45:04"", ""total"": 40.0, ""type"": ""CONSUME""}"
2026-05-08_224617;C:\Users\Dani\Documents\CODEX-Projects\drink_pos\data\drink_pos_dev.db;data;transactions;812;"{""details"": ""+1x 1 Runde à € 40,00"", ""id"": 812, ""person_id"": 32, ""timestamp"": ""2026-05-08 22:45:06"", ""total"": 40.0, ""type"": ""CONSUME""}"
2026-05-08_224617;C:\Users\Dani\Documents\CODEX-Projects\drink_pos\data\drink_pos_dev.db;data;transactions;813;"{""details"": ""+1x 1 Runde à € 40,00"", ""id"": 813, ""person_id"": 32, ""timestamp"": ""2026-05-08 22:45:08"", ""total"": 40.0, ""type"": ""CONSUME""}"
2026-05-08_224617;C:\Users\Dani\Documents\CODEX-Projects\drink_pos\data\drink_pos_dev.db;summary;transaction_items;count;"{""columns"": [""id"", ""transaction_id"", ""person_id"", ""item_id"", ""item_name_snapshot"", ""item_short_label_snapshot"", ""quantity"", ""unit_price_eur"", ""unit_purchase_price_eur"", ""total_eur"", ""purchase_total_eur"", ""profit_eur"", ""kind"", ""timestamp""], ""exists"": true, ""row_count"": 585}"
2026-05-08_224617;C:\Users\Dani\Documents\CODEX-Projects\drink_pos\data\drink_pos_dev.db;data;transaction_items;1;"{""id"": 1, ""item_id"": 1, ""item_name_snapshot"": ""Bier gross"", ""item_short_label_snapshot"": ""Gross"", ""kind"": ""CONSUME"", ""person_id"": 32, ""profit_eur"": 1.1, ""purchase_total_eur"": 1.4, ""quantity"": 1, ""timestamp"": ""2026-05-05 16:31:00"", ""total_eur"": 2.5, ""transaction_id"": 1, ""unit_price_eur"": 2.5, ""unit_purchase_price_eur"": 1.4}"
2026-05-08_224617;C:\Users\Dani\Documents\CODEX-Projects\drink_pos\data\drink_pos_dev.db;data;transaction_items;2;"{""id"": 2, ""item_id"": 2, ""item_name_snapshot"": ""Bier klein"", ""item_short_label_snapshot"": ""Klein"", ""kind"": ""CONSUME"", ""person_id"": 32, ""profit_eur"": 0.8, ""purchase_total_eur"": 1.0, ""quantity"": 1, ""timestamp"": ""2026-05-05 16:31:01"", ""total_eur"": 1.8, ""transaction_id"": 2, ""unit_price_eur"": 1.8, ""unit_purchase_price_eur"": 1.0}"
2026-05-08_224617;C:\Users\Dani\Documents\CODEX-Projects\drink_pos\data\drink_pos_dev.db;data;transaction_items;3;"{""id"": 3, ""item_id"": 3, ""item_name_snapshot"": ""Limo"", ""item_short_label_snapshot"": ""Limo"", ""kind"": ""CONSUME"", ""person_id"": 32, ""profit_eur"": 0.55, ""purchase_total_eur"": 0.45, ""quantity"": 1, ""timestamp"": ""2026-05-05 16:31:01"", ""total_eur"": 1.0, ""transaction_id"": 3, ""unit_price_eur"": 1.0, ""unit_purchase_price_eur"": 0.45}"
2026-05-08_224617;C:\Users\Dani\Documents\CODEX-Projects\drink_pos\data\drink_pos_dev.db;data;transaction_items;4;"{""id"": 4, ""item_id"": 1, ""item_name_snapshot"": ""Bier gross"", ""item_short_label_snapshot"": ""Gross"", ""kind"": ""CONSUME"", ""person_id"": 1, ""profit_eur"": 1.1, ""purchase_total_eur"": 1.4, ""quantity"": 1, ""timestamp"": ""2026-05-05 16:31:36"", ""total_eur"": 2.5, ""transaction_id"": 8, ""unit_price_eur"": 2.5, ""unit_purchase_price_eur"": 1.4}"
2026-05-08_224617;C:\Users\Dani\Documents\CODEX-Projects\drink_pos\data\drink_pos_dev.db;data;transaction_items;5;"{""id"": 5, ""item_id"": 2, ""item_name_snapshot"": ""Bier klein"", ""item_short_label_snapshot"": ""Klein"", ""kind"": ""CONSUME"", ""person_id"": 1, ""profit_eur"": 0.8, ""purchase_total_eur"": 1.0, ""quantity"": 1, ""timestamp"": ""2026-05-05 16:31:37"", ""total_eur"": 1.8, ""transaction_id"": 9, ""unit_price_eur"": 1.8, ""unit_purchase_price_eur"": 1.0}"
2026-05-08_224617;C:\Users\Dani\Documents\CODEX-Projects\drink_pos\data\drink_pos_dev.db;data;transaction_items;6;"{""id"": 6, ""item_id"": 3, ""item_name_snapshot"": ""Limo"", ""item_short_label_snapshot"": ""Limo"", ""kind"": ""CONSUME"", ""person_id"": 1, ""profit_eur"": 0.55, ""purchase_total_eur"": 0.45, ""quantity"": 1, ""timestamp"": ""2026-05-05 16:31:37"", ""total_eur"": 1.0, ""transaction_id"": 10, ""unit_price_eur"": 1.0, ""unit_purchase_price_eur"": 0.45}"
2026-05-08_224617;C:\Users\Dani\Documents\CODEX-Projects\drink_pos\data\drink_pos_dev.db;data;transaction_items;7;"{""id"": 7, ""item_id"": 2, ""item_name_snapshot"": ""Bier klein"", ""item_short_label_snapshot"": ""Klein"", ""kind"": ""CONSUME"", ""person_id"": 1, ""profit_eur"": 0.8, ""purchase_total_eur"": 1.0, ""quantity"": 1, ""timestamp"": ""2026-05-05 16:31:37"", ""total_eur"": 1.8, ""transaction_id"": 11, ""unit_price_eur"": 1.8, ""unit_purchase_price_eur"": 1.0}"
2026-05-08_224617;C:\Users\Dani\Documents\CODEX-Projects\drink_pos\data\drink_pos_dev.db;data;transaction_items;8;"{""id"": 8, ""item_id"": 2, ""item_name_snapshot"": ""Bier klein"", ""item_short_label_snapshot"": ""Klein"", ""kind"": ""CONSUME"", ""person_id"": 1, ""profit_eur"": 0.8, ""purchase_total_eur"": 1.0, ""quantity"": 1, ""timestamp"": ""2026-05-05 16:31:37"", ""total_eur"": 1.8, ""transaction_id"": 12, ""unit_price_eur"": 1.8, ""unit_purchase_price_eur"": 1.0}"
2026-05-08_224617;C:\Users\Dani\Documents\CODEX-Projects\drink_pos\data\drink_pos_dev.db;data;transaction_items;9;"{""id"": 9, ""item_id"": 2, ""item_name_snapshot"": ""Bier klein"", ""item_short_label_snapshot"": ""Klein"", ""kind"": ""CONSUME"", ""person_id"": 1, ""profit_eur"": 0.8, ""purchase_total_eur"": 1.0, ""quantity"": 1, ""timestamp"": ""2026-05-05 16:31:37"", ""total_eur"": 1.8, ""transaction_id"": 13, ""unit_price_eur"": 1.8, ""unit_purchase_price_eur"": 1.0}"
2026-05-08_224617;C:\Users\Dani\Documents\CODEX-Projects\drink_pos\data\drink_pos_dev.db;data;transaction_items;10;"{""id"": 10, ""item_id"": 2, ""item_name_snapshot"": ""Bier klein"", ""item_short_label_snapshot"": ""Klein"", ""kind"": ""CONSUME"", ""person_id"": 1, ""profit_eur"": 0.8, ""purchase_total_eur"": 1.0, ""quantity"": 1, ""timestamp"": ""2026-05-05 16:31:38"", ""total_eur"": 1.8, ""transaction_id"": 14, ""unit_price_eur"": 1.8, ""unit_purchase_price_eur"": 1.0}"
2026-05-08_224617;C:\Users\Dani\Documents\CODEX-Projects\drink_pos\data\drink_pos_dev.db;data;transaction_items;11;"{""id"": 11, ""item_id"": 2, ""item_name_snapshot"": ""Bier klein"", ""item_short_label_snapshot"": ""Klein"", ""kind"": ""CONSUME"", ""person_id"": 1, ""profit_eur"": 0.8, ""purchase_total_eur"": 1.0, ""quantity"": 1, ""timestamp"": ""2026-05-05 16:31:38"", ""total_eur"": 1.8, ""transaction_id"": 15, ""unit_price_eur"": 1.8, ""unit_purchase_price_eur"": 1.0}"
2026-05-08_224617;C:\Users\Dani\Documents\CODEX-Projects\drink_pos\data\drink_pos_dev.db;data;transaction_items;12;"{""id"": 12, ""item_id"": 2, ""item_name_snapshot"": ""Bier klein"", ""item_short_label_snapshot"": ""Klein"", ""kind"": ""CONSUME"", ""person_id"": 1, ""profit_eur"": 0.8, ""purchase_total_eur"": 1.0, ""quantity"": 1, ""timestamp"": ""2026-05-05 16:31:38"", ""total_eur"": 1.8, ""transaction_id"": 16, ""unit_price_eur"": 1.8, ""unit_purchase_price_eur"": 1.0}"
2026-05-08_224617;C:\Users\Dani\Documents\CODEX-Projects\drink_pos\data\drink_pos_dev.db;data;transaction_items;13;"{""id"": 13, ""item_id"": 3, ""item_name_snapshot"": ""Limo"", ""item_short_label_snapshot"": ""Limo"", ""kind"": ""CONSUME"", ""person_id"": 1, ""profit_eur"": 0.55, ""purchase_total_eur"": 0.45, ""quantity"": 1, ""timestamp"": ""2026-05-05 16:31:38"", ""total_eur"": 1.0, ""transaction_id"": 17, ""unit_price_eur"": 1.0, ""unit_purchase_price_eur"": 0.45}"
2026-05-08_224617;C:\Users\Dani\Documents\CODEX-Projects\drink_pos\data\drink_pos_dev.db;data;transaction_items;14;"{""id"": 14, ""item_id"": 3, ""item_name_snapshot"": ""Limo"", ""item_short_label_snapshot"": ""Limo"", ""kind"": ""CONSUME"", ""person_id"": 1, ""profit_eur"": 0.55, ""purchase_total_eur"": 0.45, ""quantity"": 1, ""timestamp"": ""2026-05-05 16:31:38"", ""total_eur"": 1.0, ""transaction_id"": 18, ""unit_price_eur"": 1.0, ""unit_purchase_price_eur"": 0.45}"
2026-05-08_224617;C:\Users\Dani\Documents\CODEX-Projects\drink_pos\data\drink_pos_dev.db;data;transaction_items;15;"{""id"": 15, ""item_id"": 3, ""item_name_snapshot"": ""Limo"", ""item_short_label_snapshot"": ""Limo"", ""kind"": ""CONSUME"", ""person_id"": 1, ""profit_eur"": 0.55, ""purchase_total_eur"": 0.45, ""quantity"": 1, ""timestamp"": ""2026-05-05 16:31:39"", ""total_eur"": 1.0, ""transaction_id"": 19, ""unit_price_eur"": 1.0, ""unit_purchase_price_eur"": 0.45}"
2026-05-08_224617;C:\Users\Dani\Documents\CODEX-Projects\drink_pos\data\drink_pos_dev.db;data;transaction_items;16;"{""id"": 16, ""item_id"": 3, ""item_name_snapshot"": ""Limo"", ""item_short_label_snapshot"": ""Limo"", ""kind"": ""CONSUME"", ""person_id"": 1, ""profit_eur"": 0.55, ""purchase_total_eur"": 0.45, ""quantity"": 1, ""timestamp"": ""2026-05-05 16:31:39"", ""total_eur"": 1.0, ""transaction_id"": 20, ""unit_price_eur"": 1.0, ""unit_purchase_price_eur"": 0.45}"
2026-05-08_224617;C:\Users\Dani\Documents\CODEX-Projects\drink_pos\data\drink_pos_dev.db;data;transaction_items;17;"{""id"": 17, ""item_id"": 3, ""item_name_snapshot"": ""Limo"", ""item_short_label_snapshot"": ""Limo"", ""kind"": ""CONSUME"", ""person_id"": 1, ""profit_eur"": 0.55, ""purchase_total_eur"": 0.45, ""quantity"": 1, ""timestamp"": ""2026-05-05 16:31:39"", ""total_eur"": 1.0, ""transaction_id"": 21, ""unit_price_eur"": 1.0, ""unit_purchase_price_eur"": 0.45}"
2026-05-08_224617;C:\Users\Dani\Documents\CODEX-Projects\drink_pos\data\drink_pos_dev.db;data;transaction_items;18;"{""id"": 18, ""item_id"": 1, ""item_name_snapshot"": ""Bier gross"", ""item_short_label_snapshot"": ""Gross"", ""kind"": ""CONSUME"", ""person_id"": 1, ""profit_eur"": 1.1, ""purchase_total_eur"": 1.4, ""quantity"": 1, ""timestamp"": ""2026-05-05 16:31:40"", ""total_eur"": 2.5, ""transaction_id"": 22, ""unit_price_eur"": 2.5, ""unit_purchase_price_eur"": 1.4}"
2026-05-08_224617;C:\Users\Dani\Documents\CODEX-Projects\drink_pos\data\drink_pos_dev.db;data;transaction_items;19;"{""id"": 19, ""item_id"": 1, ""item_name_snapshot"": ""Bier gross"", ""item_short_label_snapshot"": ""Gross"", ""kind"": ""CONSUME"", ""person_id"": 1, ""profit_eur"": 1.1, ""purchase_total_eur"": 1.4, ""quantity"": 1, ""timestamp"": ""2026-05-05 16:31:40"", ""total_eur"": 2.5, ""transaction_id"": 23, ""unit_price_eur"": 2.5, ""unit_purchase_price_eur"": 1.4}"
2026-05-08_224617;C:\Users\Dani\Documents\CODEX-Projects\drink_pos\data\drink_pos_dev.db;data;transaction_items;20;"{""id"": 20, ""item_id"": 1, ""item_name_snapshot"": ""Bier gross"", ""item_short_label_snapshot"": ""Gross"", ""kind"": ""CONSUME"", ""person_id"": 1, ""profit_eur"": 1.1, ""purchase_total_eur"": 1.4, ""quantity"": 1, ""timestamp"": ""2026-05-05 16:31:40"", ""total_eur"": 2.5, ""transaction_id"": 24, ""unit_price_eur"": 2.5, ""unit_purchase_price_eur"": 1.4}"
2026-05-08_224617;C:\Users\Dani\Documents\CODEX-Projects\drink_pos\data\drink_pos_dev.db;data;transaction_items;21;"{""id"": 21, ""item_id"": 1, ""item_name_snapshot"": ""Bier gross"", ""item_short_label_snapshot"": ""Gross"", ""kind"": ""CONSUME"", ""person_id"": 1, ""profit_eur"": 1.1, ""purchase_total_eur"": 1.4, ""quantity"": 1, ""timestamp"": ""2026-05-05 16:31:40"", ""total_eur"": 2.5, ""transaction_id"": 25, ""unit_price_eur"": 2.5, ""unit_purchase_price_eur"": 1.4}"
2026-05-08_224617;C:\Users\Dani\Documents\CODEX-Projects\drink_pos\data\drink_pos_dev.db;data;transaction_items;22;"{""id"": 22, ""item_id"": 1, ""item_name_snapshot"": ""Bier gross"", ""item_short_label_snapshot"": ""Gross"", ""kind"": ""CONSUME"", ""person_id"": 1, ""profit_eur"": 1.1, ""purchase_total_eur"": 1.4, ""quantity"": 1, ""timestamp"": ""2026-05-05 16:31:40"", ""total_eur"": 2.5, ""transaction_id"": 26, ""unit_price_eur"": 2.5, ""unit_purchase_price_eur"": 1.4}"
2026-05-08_224617;C:\Users\Dani\Documents\CODEX-Projects\drink_pos\data\drink_pos_dev.db;data;transaction_items;23;"{""id"": 23, ""item_id"": 4, ""item_name_snapshot"": ""1 Runde"", ""item_short_label_snapshot"": ""Runde"", ""kind"": ""ROUND_REQUEST_APPROVED"", ""person_id"": 1, ""profit_eur"": 10.0, ""purchase_total_eur"": 0.0, ""quantity"": 1, ""timestamp"": ""2026-05-05 16:32:58"", ""total_eur"": 10.0, ""transaction_id"": 33, ""unit_price_eur"": 10.0, ""unit_purchase_price_eur"": 0.0}"
2026-05-08_224617;C:\Users\Dani\Documents\CODEX-Projects\drink_pos\data\drink_pos_dev.db;data;transaction_items;24;"{""id"": 24, ""item_id"": 1, ""item_name_snapshot"": ""Bier gross"", ""item_short_label_snapshot"": ""Gross"", ""kind"": ""PAID_CASH"", ""person_id"": 1, ""profit_eur"": 6.6, ""purchase_total_eur"": 8.4, ""quantity"": 6, ""timestamp"": ""2026-05-05 16:33:04"", ""total_eur"": 15.0, ""transaction_id"": 34, ""unit_price_eur"": 2.5, ""unit_purchase_price_eur"": 1.4}"
2026-05-08_224617;C:\Users\Dani\Documents\CODEX-Projects\drink_pos\data\drink_pos_dev.db;data;transaction_items;25;"{""id"": 25, ""item_id"": 2, ""item_name_snapshot"": ""Bier klein"", ""item_short_label_snapshot"": ""Klein"", ""kind"": ""PAID_CASH"", ""person_id"": 1, ""profit_eur"": 5.6, ""purchase_total_eur"": 7.0, ""quantity"": 7, ""timestamp"": ""2026-05-05 16:33:04"", ""total_eur"": 12.6, ""transaction_id"": 34, ""unit_price_eur"": 1.8, ""unit_purchase_price_eur"": 1.0}"
2026-05-08_224617;C:\Users\Dani\Documents\CODEX-Projects\drink_pos\data\drink_pos_dev.db;data;transaction_items;26;"{""id"": 26, ""item_id"": 3, ""item_name_snapshot"": ""Limo"", ""item_short_label_snapshot"": ""Limo"", ""kind"": ""PAID_CASH"", ""person_id"": 1, ""profit_eur"": 3.3, ""purchase_total_eur"": 2.7, ""quantity"": 6, ""timestamp"": ""2026-05-05 16:33:04"", ""total_eur"": 6.0, ""transaction_id"": 34, ""unit_price_eur"": 1.0, ""unit_purchase_price_eur"": 0.45}"
2026-05-08_224617;C:\Users\Dani\Documents\CODEX-Projects\drink_pos\data\drink_pos_dev.db;data;transaction_items;27;"{""id"": 27, ""item_id"": 4, ""item_name_snapshot"": ""1 Runde"", ""item_short_label_snapshot"": ""Runde"", ""kind"": ""PAID_CASH"", ""person_id"": 1, ""profit_eur"": 10.0, ""purchase_total_eur"": 0.0, ""quantity"": 1, ""timestamp"": ""2026-05-05 16:33:04"", ""total_eur"": 10.0, ""transaction_id"": 34, ""unit_price_eur"": 10.0, ""unit_purchase_price_eur"": 0.0}"
2026-05-08_224617;C:\Users\Dani\Documents\CODEX-Projects\drink_pos\data\drink_pos_dev.db;data;transaction_items;28;"{""id"": 28, ""item_id"": 1, ""item_name_snapshot"": ""Bier gross"", ""item_short_label_snapshot"": ""Gross"", ""kind"": ""CONSUME"", ""person_id"": 1, ""profit_eur"": 1.1, ""purchase_total_eur"": 1.4, ""quantity"": 1, ""timestamp"": ""2026-05-05 16:33:07"", ""total_eur"": 2.5, ""transaction_id"": 35, ""unit_price_eur"": 2.5, ""unit_purchase_price_eur"": 1.4}"
2026-05-08_224617;C:\Users\Dani\Documents\CODEX-Projects\drink_pos\data\drink_pos_dev.db;data;transaction_items;29;"{""id"": 29, ""item_id"": 1, ""item_name_snapshot"": ""Bier gross"", ""item_short_label_snapshot"": ""Gross"", ""kind"": ""CONSUME"", ""person_id"": 4, ""profit_eur"": 1.1, ""purchase_total_eur"": 1.4, ""quantity"": 1, ""timestamp"": ""2026-05-05 16:41:14"", ""total_eur"": 2.5, ""transaction_id"": 64, ""unit_price_eur"": 2.5, ""unit_purchase_price_eur"": 1.4}"
2026-05-08_224617;C:\Users\Dani\Documents\CODEX-Projects\drink_pos\data\drink_pos_dev.db;data;transaction_items;30;"{""id"": 30, ""item_id"": 2, ""item_name_snapshot"": ""Bier klein"", ""item_short_label_snapshot"": ""Klein"", ""kind"": ""CONSUME"", ""person_id"": 4, ""profit_eur"": 0.8, ""purchase_total_eur"": 1.0, ""quantity"": 1, ""timestamp"": ""2026-05-05 16:41:15"", ""total_eur"": 1.8, ""transaction_id"": 65, ""unit_price_eur"": 1.8, ""unit_purchase_price_eur"": 1.0}"
2026-05-08_224617;C:\Users\Dani\Documents\CODEX-Projects\drink_pos\data\drink_pos_dev.db;data;transaction_items;31;"{""id"": 31, ""item_id"": 3, ""item_name_snapshot"": ""Limo"", ""item_short_label_snapshot"": ""Limo"", ""kind"": ""CONSUME"", ""person_id"": 4, ""profit_eur"": 0.55, ""purchase_total_eur"": 0.45, ""quantity"": 1, ""timestamp"": ""2026-05-05 16:41:15"", ""total_eur"": 1.0, ""transaction_id"": 66, ""unit_price_eur"": 1.0, ""unit_purchase_price_eur"": 0.45}"
2026-05-08_224617;C:\Users\Dani\Documents\CODEX-Projects\drink_pos\data\drink_pos_dev.db;data;transaction_items;32;"{""id"": 32, ""item_id"": 1, ""item_name_snapshot"": ""Bier gross"", ""item_short_label_snapshot"": ""Gross"", ""kind"": ""CONSUME"", ""person_id"": 4, ""profit_eur"": 1.1, ""purchase_total_eur"": 1.4, ""quantity"": 1, ""timestamp"": ""2026-05-05 16:41:17"", ""total_eur"": 2.5, ""transaction_id"": 67, ""unit_price_eur"": 2.5, ""unit_purchase_price_eur"": 1.4}"
2026-05-08_224617;C:\Users\Dani\Documents\CODEX-Projects\drink_pos\data\drink_pos_dev.db;data;transaction_items;33;"{""id"": 33, ""item_id"": 1, ""item_name_snapshot"": ""Bier gross"", ""item_short_label_snapshot"": ""Gross"", ""kind"": ""CONSUME"", ""person_id"": 4, ""profit_eur"": 1.1, ""purchase_total_eur"": 1.4, ""quantity"": 1, ""timestamp"": ""2026-05-05 16:41:17"", ""total_eur"": 2.5, ""transaction_id"": 68, ""unit_price_eur"": 2.5, ""unit_purchase_price_eur"": 1.4}"
2026-05-08_224617;C:\Users\Dani\Documents\CODEX-Projects\drink_pos\data\drink_pos_dev.db;data;transaction_items;34;"{""id"": 34, ""item_id"": 1, ""item_name_snapshot"": ""Bier gross"", ""item_short_label_snapshot"": ""Gross"", ""kind"": ""CONSUME"", ""person_id"": 4, ""profit_eur"": 1.1, ""purchase_total_eur"": 1.4, ""quantity"": 1, ""timestamp"": ""2026-05-05 16:41:17"", ""total_eur"": 2.5, ""transaction_id"": 69, ""unit_price_eur"": 2.5, ""unit_purchase_price_eur"": 1.4}"
2026-05-08_224617;C:\Users\Dani\Documents\CODEX-Projects\drink_pos\data\drink_pos_dev.db;data;transaction_items;35;"{""id"": 35, ""item_id"": 1, ""item_name_snapshot"": ""Bier gross"", ""item_short_label_snapshot"": ""Gross"", ""kind"": ""CONSUME"", ""person_id"": 4, ""profit_eur"": 1.1, ""purchase_total_eur"": 1.4, ""quantity"": 1, ""timestamp"": ""2026-05-05 16:41:17"", ""total_eur"": 2.5, ""transaction_id"": 70, ""unit_price_eur"": 2.5, ""unit_purchase_price_eur"": 1.4}"
2026-05-08_224617;C:\Users\Dani\Documents\CODEX-Projects\drink_pos\data\drink_pos_dev.db;data;transaction_items;36;"{""id"": 36, ""item_id"": 1, ""item_name_snapshot"": ""Bier gross"", ""item_short_label_snapshot"": ""Gross"", ""kind"": ""CONSUME"", ""person_id"": 4, ""profit_eur"": 1.1, ""purchase_total_eur"": 1.4, ""quantity"": 1, ""timestamp"": ""2026-05-05 16:41:17"", ""total_eur"": 2.5, ""transaction_id"": 71, ""unit_price_eur"": 2.5, ""unit_purchase_price_eur"": 1.4}"
2026-05-08_224617;C:\Users\Dani\Documents\CODEX-Projects\drink_pos\data\drink_pos_dev.db;data;transaction_items;37;"{""id"": 37, ""item_id"": 1, ""item_name_snapshot"": ""Bier gross"", ""item_short_label_snapshot"": ""Gross"", ""kind"": ""CONSUME"", ""person_id"": 4, ""profit_eur"": 1.1, ""purchase_total_eur"": 1.4, ""quantity"": 1, ""timestamp"": ""2026-05-05 16:41:18"", ""total_eur"": 2.5, ""transaction_id"": 72, ""unit_price_eur"": 2.5, ""unit_purchase_price_eur"": 1.4}"
2026-05-08_224617;C:\Users\Dani\Documents\CODEX-Projects\drink_pos\data\drink_pos_dev.db;data;transaction_items;38;"{""id"": 38, ""item_id"": 1, ""item_name_snapshot"": ""Bier gross"", ""item_short_label_snapshot"": ""Gross"", ""kind"": ""CONSUME"", ""person_id"": 4, ""profit_eur"": 1.1, ""purchase_total_eur"": 1.4, ""quantity"": 1, ""timestamp"": ""2026-05-05 16:41:18"", ""total_eur"": 2.5, ""transaction_id"": 73, ""unit_price_eur"": 2.5, ""unit_purchase_price_eur"": 1.4}"
2026-05-08_224617;C:\Users\Dani\Documents\CODEX-Projects\drink_pos\data\drink_pos_dev.db;data;transaction_items;39;"{""id"": 39, ""item_id"": 1, ""item_name_snapshot"": ""Bier gross"", ""item_short_label_snapshot"": ""Gross"", ""kind"": ""CONSUME"", ""person_id"": 4, ""profit_eur"": 1.1, ""purchase_total_eur"": 1.4, ""quantity"": 1, ""timestamp"": ""2026-05-05 16:41:18"", ""total_eur"": 2.5, ""transaction_id"": 74, ""unit_price_eur"": 2.5, ""unit_purchase_price_eur"": 1.4}"
2026-05-08_224617;C:\Users\Dani\Documents\CODEX-Projects\drink_pos\data\drink_pos_dev.db;data;transaction_items;40;"{""id"": 40, ""item_id"": 1, ""item_name_snapshot"": ""Bier gross"", ""item_short_label_snapshot"": ""Gross"", ""kind"": ""CONSUME"", ""person_id"": 4, ""profit_eur"": 1.1, ""purchase_total_eur"": 1.4, ""quantity"": 1, ""timestamp"": ""2026-05-05 16:41:18"", ""total_eur"": 2.5, ""transaction_id"": 75, ""unit_price_eur"": 2.5, ""unit_purchase_price_eur"": 1.4}"
2026-05-08_224617;C:\Users\Dani\Documents\CODEX-Projects\drink_pos\data\drink_pos_dev.db;data;transaction_items;41;"{""id"": 41, ""item_id"": 1, ""item_name_snapshot"": ""Bier gross"", ""item_short_label_snapshot"": ""Gross"", ""kind"": ""CONSUME"", ""person_id"": 4, ""profit_eur"": 1.1, ""purchase_total_eur"": 1.4, ""quantity"": 1, ""timestamp"": ""2026-05-05 16:41:18"", ""total_eur"": 2.5, ""transaction_id"": 76, ""unit_price_eur"": 2.5, ""unit_purchase_price_eur"": 1.4}"
2026-05-08_224617;C:\Users\Dani\Documents\CODEX-Projects\drink_pos\data\drink_pos_dev.db;data;transaction_items;42;"{""id"": 42, ""item_id"": 1, ""item_name_snapshot"": ""Bier gross"", ""item_short_label_snapshot"": ""Gross"", ""kind"": ""CONSUME"", ""person_id"": 4, ""profit_eur"": 1.1, ""purchase_total_eur"": 1.4, ""quantity"": 1, ""timestamp"": ""2026-05-05 16:41:18"", ""total_eur"": 2.5, ""transaction_id"": 77, ""unit_price_eur"": 2.5, ""unit_purchase_price_eur"": 1.4}"
2026-05-08_224617;C:\Users\Dani\Documents\CODEX-Projects\drink_pos\data\drink_pos_dev.db;data;transaction_items;43;"{""id"": 43, ""item_id"": 1, ""item_name_snapshot"": ""Bier gross"", ""item_short_label_snapshot"": ""Gross"", ""kind"": ""CONSUME"", ""person_id"": 4, ""profit_eur"": 1.1, ""purchase_total_eur"": 1.4, ""quantity"": 1, ""timestamp"": ""2026-05-05 16:41:19"", ""total_eur"": 2.5, ""transaction_id"": 78, ""unit_price_eur"": 2.5, ""unit_purchase_price_eur"": 1.4}"
2026-05-08_224617;C:\Users\Dani\Documents\CODEX-Projects\drink_pos\data\drink_pos_dev.db;data;transaction_items;44;"{""id"": 44, ""item_id"": 1, ""item_name_snapshot"": ""Bier gross"", ""item_short_label_snapshot"": ""Gross"", ""kind"": ""CONSUME"", ""person_id"": 4, ""profit_eur"": 1.1, ""purchase_total_eur"": 1.4, ""quantity"": 1, ""timestamp"": ""2026-05-05 16:41:19"", ""total_eur"": 2.5, ""transaction_id"": 79, ""unit_price_eur"": 2.5, ""unit_purchase_price_eur"": 1.4}"
2026-05-08_224617;C:\Users\Dani\Documents\CODEX-Projects\drink_pos\data\drink_pos_dev.db;data;transaction_items;45;"{""id"": 45, ""item_id"": 1, ""item_name_snapshot"": ""Bier gross"", ""item_short_label_snapshot"": ""Gross"", ""kind"": ""CONSUME"", ""person_id"": 4, ""profit_eur"": 1.1, ""purchase_total_eur"": 1.4, ""quantity"": 1, ""timestamp"": ""2026-05-05 16:41:19"", ""total_eur"": 2.5, ""transaction_id"": 80, ""unit_price_eur"": 2.5, ""unit_purchase_price_eur"": 1.4}"
2026-05-08_224617;C:\Users\Dani\Documents\CODEX-Projects\drink_pos\data\drink_pos_dev.db;data;transaction_items;46;"{""id"": 46, ""item_id"": 1, ""item_name_snapshot"": ""Bier gross"", ""item_short_label_snapshot"": ""Gross"", ""kind"": ""CONSUME"", ""person_id"": 4, ""profit_eur"": 1.1, ""purchase_total_eur"": 1.4, ""quantity"": 1, ""timestamp"": ""2026-05-05 16:41:19"", ""total_eur"": 2.5, ""transaction_id"": 81, ""unit_price_eur"": 2.5, ""unit_purchase_price_eur"": 1.4}"
2026-05-08_224617;C:\Users\Dani\Documents\CODEX-Projects\drink_pos\data\drink_pos_dev.db;data;transaction_items;47;"{""id"": 47, ""item_id"": 1, ""item_name_snapshot"": ""Bier gross"", ""item_short_label_snapshot"": ""Gross"", ""kind"": ""CONSUME"", ""person_id"": 4, ""profit_eur"": 1.1, ""purchase_total_eur"": 1.4, ""quantity"": 1, ""timestamp"": ""2026-05-05 16:41:19"", ""total_eur"": 2.5, ""transaction_id"": 82, ""unit_price_eur"": 2.5, ""unit_purchase_price_eur"": 1.4}"
2026-05-08_224617;C:\Users\Dani\Documents\CODEX-Projects\drink_pos\data\drink_pos_dev.db;data;transaction_items;48;"{""id"": 48, ""item_id"": 1, ""item_name_snapshot"": ""Bier gross"", ""item_short_label_snapshot"": ""Gross"", ""kind"": ""CONSUME"", ""person_id"": 4, ""profit_eur"": 1.1, ""purchase_total_eur"": 1.4, ""quantity"": 1, ""timestamp"": ""2026-05-05 16:41:19"", ""total_eur"": 2.5, ""transaction_id"": 83, ""unit_price_eur"": 2.5, ""unit_purchase_price_eur"": 1.4}"
2026-05-08_224617;C:\Users\Dani\Documents\CODEX-Projects\drink_pos\data\drink_pos_dev.db;data;transaction_items;49;"{""id"": 49, ""item_id"": 1, ""item_name_snapshot"": ""Bier gross"", ""item_short_label_snapshot"": ""Gross"", ""kind"": ""CONSUME"", ""person_id"": 4, ""profit_eur"": 1.1, ""purchase_total_eur"": 1.4, ""quantity"": 1, ""timestamp"": ""2026-05-05 16:41:20"", ""total_eur"": 2.5, ""transaction_id"": 84, ""unit_price_eur"": 2.5, ""unit_purchase_price_eur"": 1.4}"
2026-05-08_224617;C:\Users\Dani\Documents\CODEX-Projects\drink_pos\data\drink_pos_dev.db;data;transaction_items;50;"{""id"": 50, ""item_id"": 1, ""item_name_snapshot"": ""Bier gross"", ""item_short_label_snapshot"": ""Gross"", ""kind"": ""CONSUME"", ""person_id"": 4, ""profit_eur"": 1.1, ""purchase_total_eur"": 1.4, ""quantity"": 1, ""timestamp"": ""2026-05-05 16:41:20"", ""total_eur"": 2.5, ""transaction_id"": 85, ""unit_price_eur"": 2.5, ""unit_purchase_price_eur"": 1.4}"
2026-05-08_224617;C:\Users\Dani\Documents\CODEX-Projects\drink_pos\data\drink_pos_dev.db;data;transaction_items;51;"{""id"": 51, ""item_id"": 1, ""item_name_snapshot"": ""Bier gross"", ""item_short_label_snapshot"": ""Gross"", ""kind"": ""CONSUME"", ""person_id"": 4, ""profit_eur"": 1.1, ""purchase_total_eur"": 1.4, ""quantity"": 1, ""timestamp"": ""2026-05-05 16:41:20"", ""total_eur"": 2.5, ""transaction_id"": 86, ""unit_price_eur"": 2.5, ""unit_purchase_price_eur"": 1.4}"
2026-05-08_224617;C:\Users\Dani\Documents\CODEX-Projects\drink_pos\data\drink_pos_dev.db;data;transaction_items;52;"{""id"": 52, ""item_id"": 1, ""item_name_snapshot"": ""Bier gross"", ""item_short_label_snapshot"": ""Gross"", ""kind"": ""CONSUME"", ""person_id"": 4, ""profit_eur"": 1.1, ""purchase_total_eur"": 1.4, ""quantity"": 1, ""timestamp"": ""2026-05-05 16:41:20"", ""total_eur"": 2.5, ""transaction_id"": 87, ""unit_price_eur"": 2.5, ""unit_purchase_price_eur"": 1.4}"
2026-05-08_224617;C:\Users\Dani\Documents\CODEX-Projects\drink_pos\data\drink_pos_dev.db;data;transaction_items;53;"{""id"": 53, ""item_id"": 1, ""item_name_snapshot"": ""Bier gross"", ""item_short_label_snapshot"": ""Gross"", ""kind"": ""CONSUME"", ""person_id"": 4, ""profit_eur"": 1.1, ""purchase_total_eur"": 1.4, ""quantity"": 1, ""timestamp"": ""2026-05-05 16:41:20"", ""total_eur"": 2.5, ""transaction_id"": 88, ""unit_price_eur"": 2.5, ""unit_purchase_price_eur"": 1.4}"
2026-05-08_224617;C:\Users\Dani\Documents\CODEX-Projects\drink_pos\data\drink_pos_dev.db;data;transaction_items;54;"{""id"": 54, ""item_id"": 1, ""item_name_snapshot"": ""Bier gross"", ""item_short_label_snapshot"": ""Gross"", ""kind"": ""CONSUME"", ""person_id"": 4, ""profit_eur"": 1.1, ""purchase_total_eur"": 1.4, ""quantity"": 1, ""timestamp"": ""2026-05-05 16:41:20"", ""total_eur"": 2.5, ""transaction_id"": 89, ""unit_price_eur"": 2.5, ""unit_purchase_price_eur"": 1.4}"
2026-05-08_224617;C:\Users\Dani\Documents\CODEX-Projects\drink_pos\data\drink_pos_dev.db;data;transaction_items;55;"{""id"": 55, ""item_id"": 2, ""item_name_snapshot"": ""Bier klein"", ""item_short_label_snapshot"": ""Klein"", ""kind"": ""CONSUME"", ""person_id"": 1, ""profit_eur"": 0.8, ""purchase_total_eur"": 1.0, ""quantity"": 1, ""timestamp"": ""2026-05-05 16:41:24"", ""total_eur"": 1.8, ""transaction_id"": 90, ""unit_price_eur"": 1.8, ""unit_purchase_price_eur"": 1.0}"
2026-05-08_224617;C:\Users\Dani\Documents\CODEX-Projects\drink_pos\data\drink_pos_dev.db;data;transaction_items;56;"{""id"": 56, ""item_id"": 2, ""item_name_snapshot"": ""Bier klein"", ""item_short_label_snapshot"": ""Klein"", ""kind"": ""CONSUME"", ""person_id"": 1, ""profit_eur"": 0.8, ""purchase_total_eur"": 1.0, ""quantity"": 1, ""timestamp"": ""2026-05-05 16:41:25"", ""total_eur"": 1.8, ""transaction_id"": 91, ""unit_price_eur"": 1.8, ""unit_purchase_price_eur"": 1.0}"
2026-05-08_224617;C:\Users\Dani\Documents\CODEX-Projects\drink_pos\data\drink_pos_dev.db;data;transaction_items;57;"{""id"": 57, ""item_id"": 2, ""item_name_snapshot"": ""Bier klein"", ""item_short_label_snapshot"": ""Klein"", ""kind"": ""CONSUME"", ""person_id"": 1, ""profit_eur"": 0.8, ""purchase_total_eur"": 1.0, ""quantity"": 1, ""timestamp"": ""2026-05-05 16:41:25"", ""total_eur"": 1.8, ""transaction_id"": 92, ""unit_price_eur"": 1.8, ""unit_purchase_price_eur"": 1.0}"
2026-05-08_224617;C:\Users\Dani\Documents\CODEX-Projects\drink_pos\data\drink_pos_dev.db;data;transaction_items;58;"{""id"": 58, ""item_id"": 2, ""item_name_snapshot"": ""Bier klein"", ""item_short_label_snapshot"": ""Klein"", ""kind"": ""CONSUME"", ""person_id"": 1, ""profit_eur"": 0.8, ""purchase_total_eur"": 1.0, ""quantity"": 1, ""timestamp"": ""2026-05-05 16:41:25"", ""total_eur"": 1.8, ""transaction_id"": 93, ""unit_price_eur"": 1.8, ""unit_purchase_price_eur"": 1.0}"
2026-05-08_224617;C:\Users\Dani\Documents\CODEX-Projects\drink_pos\data\drink_pos_dev.db;data;transaction_items;59;"{""id"": 59, ""item_id"": 2, ""item_name_snapshot"": ""Bier klein"", ""item_short_label_snapshot"": ""Klein"", ""kind"": ""CONSUME"", ""person_id"": 1, ""profit_eur"": 0.8, ""purchase_total_eur"": 1.0, ""quantity"": 1, ""timestamp"": ""2026-05-05 16:41:25"", ""total_eur"": 1.8, ""transaction_id"": 94, ""unit_price_eur"": 1.8, ""unit_purchase_price_eur"": 1.0}"
2026-05-08_224617;C:\Users\Dani\Documents\CODEX-Projects\drink_pos\data\drink_pos_dev.db;data;transaction_items;60;"{""id"": 60, ""item_id"": 2, ""item_name_snapshot"": ""Bier klein"", ""item_short_label_snapshot"": ""Klein"", ""kind"": ""CONSUME"", ""person_id"": 1, ""profit_eur"": 0.8, ""purchase_total_eur"": 1.0, ""quantity"": 1, ""timestamp"": ""2026-05-05 16:41:25"", ""total_eur"": 1.8, ""transaction_id"": 95, ""unit_price_eur"": 1.8, ""unit_purchase_price_eur"": 1.0}"
2026-05-08_224617;C:\Users\Dani\Documents\CODEX-Projects\drink_pos\data\drink_pos_dev.db;data;transaction_items;61;"{""id"": 61, ""item_id"": 2, ""item_name_snapshot"": ""Bier klein"", ""item_short_label_snapshot"": ""Klein"", ""kind"": ""CONSUME"", ""person_id"": 1, ""profit_eur"": 0.8, ""purchase_total_eur"": 1.0, ""quantity"": 1, ""timestamp"": ""2026-05-05 16:41:25"", ""total_eur"": 1.8, ""transaction_id"": 96, ""unit_price_eur"": 1.8, ""unit_purchase_price_eur"": 1.0}"
2026-05-08_224617;C:\Users\Dani\Documents\CODEX-Projects\drink_pos\data\drink_pos_dev.db;data;transaction_items;62;"{""id"": 62, ""item_id"": 2, ""item_name_snapshot"": ""Bier klein"", ""item_short_label_snapshot"": ""Klein"", ""kind"": ""CONSUME"", ""person_id"": 1, ""profit_eur"": 0.8, ""purchase_total_eur"": 1.0, ""quantity"": 1, ""timestamp"": ""2026-05-05 16:41:26"", ""total_eur"": 1.8, ""transaction_id"": 97, ""unit_price_eur"": 1.8, ""unit_purchase_price_eur"": 1.0}"
2026-05-08_224617;C:\Users\Dani\Documents\CODEX-Projects\drink_pos\data\drink_pos_dev.db;data;transaction_items;63;"{""id"": 63, ""item_id"": 2, ""item_name_snapshot"": ""Bier klein"", ""item_short_label_snapshot"": ""Klein"", ""kind"": ""CONSUME"", ""person_id"": 1, ""profit_eur"": 0.8, ""purchase_total_eur"": 1.0, ""quantity"": 1, ""timestamp"": ""2026-05-05 16:41:26"", ""total_eur"": 1.8, ""transaction_id"": 98, ""unit_price_eur"": 1.8, ""unit_purchase_price_eur"": 1.0}"
2026-05-08_224617;C:\Users\Dani\Documents\CODEX-Projects\drink_pos\data\drink_pos_dev.db;data;transaction_items;64;"{""id"": 64, ""item_id"": 2, ""item_name_snapshot"": ""Bier klein"", ""item_short_label_snapshot"": ""Klein"", ""kind"": ""CONSUME"", ""person_id"": 1, ""profit_eur"": 0.8, ""purchase_total_eur"": 1.0, ""quantity"": 1, ""timestamp"": ""2026-05-05 16:41:26"", ""total_eur"": 1.8, ""transaction_id"": 99, ""unit_price_eur"": 1.8, ""unit_purchase_price_eur"": 1.0}"
2026-05-08_224617;C:\Users\Dani\Documents\CODEX-Projects\drink_pos\data\drink_pos_dev.db;data;transaction_items;65;"{""id"": 65, ""item_id"": 2, ""item_name_snapshot"": ""Bier klein"", ""item_short_label_snapshot"": ""Klein"", ""kind"": ""CONSUME"", ""person_id"": 1, ""profit_eur"": 0.8, ""purchase_total_eur"": 1.0, ""quantity"": 1, ""timestamp"": ""2026-05-05 16:41:26"", ""total_eur"": 1.8, ""transaction_id"": 100, ""unit_price_eur"": 1.8, ""unit_purchase_price_eur"": 1.0}"
2026-05-08_224617;C:\Users\Dani\Documents\CODEX-Projects\drink_pos\data\drink_pos_dev.db;data;transaction_items;66;"{""id"": 66, ""item_id"": 2, ""item_name_snapshot"": ""Bier klein"", ""item_short_label_snapshot"": ""Klein"", ""kind"": ""CONSUME"", ""person_id"": 1, ""profit_eur"": 0.8, ""purchase_total_eur"": 1.0, ""quantity"": 1, ""timestamp"": ""2026-05-05 16:41:26"", ""total_eur"": 1.8, ""transaction_id"": 101, ""unit_price_eur"": 1.8, ""unit_purchase_price_eur"": 1.0}"
2026-05-08_224617;C:\Users\Dani\Documents\CODEX-Projects\drink_pos\data\drink_pos_dev.db;data;transaction_items;67;"{""id"": 67, ""item_id"": 2, ""item_name_snapshot"": ""Bier klein"", ""item_short_label_snapshot"": ""Klein"", ""kind"": ""CONSUME"", ""person_id"": 1, ""profit_eur"": 0.8, ""purchase_total_eur"": 1.0, ""quantity"": 1, ""timestamp"": ""2026-05-05 16:41:26"", ""total_eur"": 1.8, ""transaction_id"": 102, ""unit_price_eur"": 1.8, ""unit_purchase_price_eur"": 1.0}"
2026-05-08_224617;C:\Users\Dani\Documents\CODEX-Projects\drink_pos\data\drink_pos_dev.db;data;transaction_items;68;"{""id"": 68, ""item_id"": 2, ""item_name_snapshot"": ""Bier klein"", ""item_short_label_snapshot"": ""Klein"", ""kind"": ""CONSUME"", ""person_id"": 1, ""profit_eur"": 0.8, ""purchase_total_eur"": 1.0, ""quantity"": 1, ""timestamp"": ""2026-05-05 16:41:27"", ""total_eur"": 1.8, ""transaction_id"": 103, ""unit_price_eur"": 1.8, ""unit_purchase_price_eur"": 1.0}"
2026-05-08_224617;C:\Users\Dani\Documents\CODEX-Projects\drink_pos\data\drink_pos_dev.db;data;transaction_items;69;"{""id"": 69, ""item_id"": 3, ""item_name_snapshot"": ""Limo"", ""item_short_label_snapshot"": ""Limo"", ""kind"": ""CONSUME"", ""person_id"": 1, ""profit_eur"": 0.55, ""purchase_total_eur"": 0.45, ""quantity"": 1, ""timestamp"": ""2026-05-05 16:41:32"", ""total_eur"": 1.0, ""transaction_id"": 105, ""unit_price_eur"": 1.0, ""unit_purchase_price_eur"": 0.45}"
2026-05-08_224617;C:\Users\Dani\Documents\CODEX-Projects\drink_pos\data\drink_pos_dev.db;data;transaction_items;70;"{""id"": 70, ""item_id"": 3, ""item_name_snapshot"": ""Limo"", ""item_short_label_snapshot"": ""Limo"", ""kind"": ""CONSUME"", ""person_id"": 1, ""profit_eur"": 0.55, ""purchase_total_eur"": 0.45, ""quantity"": 1, ""timestamp"": ""2026-05-05 16:41:33"", ""total_eur"": 1.0, ""transaction_id"": 106, ""unit_price_eur"": 1.0, ""unit_purchase_price_eur"": 0.45}"
2026-05-08_224617;C:\Users\Dani\Documents\CODEX-Projects\drink_pos\data\drink_pos_dev.db;data;transaction_items;71;"{""id"": 71, ""item_id"": 3, ""item_name_snapshot"": ""Limo"", ""item_short_label_snapshot"": ""Limo"", ""kind"": ""CONSUME"", ""person_id"": 1, ""profit_eur"": 0.55, ""purchase_total_eur"": 0.45, ""quantity"": 1, ""timestamp"": ""2026-05-05 16:41:33"", ""total_eur"": 1.0, ""transaction_id"": 107, ""unit_price_eur"": 1.0, ""unit_purchase_price_eur"": 0.45}"
2026-05-08_224617;C:\Users\Dani\Documents\CODEX-Projects\drink_pos\data\drink_pos_dev.db;data;transaction_items;72;"{""id"": 72, ""item_id"": 3, ""item_name_snapshot"": ""Limo"", ""item_short_label_snapshot"": ""Limo"", ""kind"": ""CONSUME"", ""person_id"": 1, ""profit_eur"": 0.55, ""purchase_total_eur"": 0.45, ""quantity"": 1, ""timestamp"": ""2026-05-05 16:41:33"", ""total_eur"": 1.0, ""transaction_id"": 108, ""unit_price_eur"": 1.0, ""unit_purchase_price_eur"": 0.45}"
2026-05-08_224617;C:\Users\Dani\Documents\CODEX-Projects\drink_pos\data\drink_pos_dev.db;data;transaction_items;73;"{""id"": 73, ""item_id"": 3, ""item_name_snapshot"": ""Limo"", ""item_short_label_snapshot"": ""Limo"", ""kind"": ""CONSUME"", ""person_id"": 1, ""profit_eur"": 0.55, ""purchase_total_eur"": 0.45, ""quantity"": 1, ""timestamp"": ""2026-05-05 16:41:33"", ""total_eur"": 1.0, ""transaction_id"": 109, ""unit_price_eur"": 1.0, ""unit_purchase_price_eur"": 0.45}"
2026-05-08_224617;C:\Users\Dani\Documents\CODEX-Projects\drink_pos\data\drink_pos_dev.db;data;transaction_items;74;"{""id"": 74, ""item_id"": 3, ""item_name_snapshot"": ""Limo"", ""item_short_label_snapshot"": ""Limo"", ""kind"": ""CONSUME"", ""person_id"": 1, ""profit_eur"": 0.55, ""purchase_total_eur"": 0.45, ""quantity"": 1, ""timestamp"": ""2026-05-05 16:41:33"", ""total_eur"": 1.0, ""transaction_id"": 110, ""unit_price_eur"": 1.0, ""unit_purchase_price_eur"": 0.45}"
2026-05-08_224617;C:\Users\Dani\Documents\CODEX-Projects\drink_pos\data\drink_pos_dev.db;data;transaction_items;75;"{""id"": 75, ""item_id"": 3, ""item_name_snapshot"": ""Limo"", ""item_short_label_snapshot"": ""Limo"", ""kind"": ""CONSUME"", ""person_id"": 1, ""profit_eur"": 0.55, ""purchase_total_eur"": 0.45, ""quantity"": 1, ""timestamp"": ""2026-05-05 16:41:33"", ""total_eur"": 1.0, ""transaction_id"": 111, ""unit_price_eur"": 1.0, ""unit_purchase_price_eur"": 0.45}"
2026-05-08_224617;C:\Users\Dani\Documents\CODEX-Projects\drink_pos\data\drink_pos_dev.db;data;transaction_items;76;"{""id"": 76, ""item_id"": 3, ""item_name_snapshot"": ""Limo"", ""item_short_label_snapshot"": ""Limo"", ""kind"": ""CONSUME"", ""person_id"": 1, ""profit_eur"": 0.55, ""purchase_total_eur"": 0.45, ""quantity"": 1, ""timestamp"": ""2026-05-05 16:41:34"", ""total_eur"": 1.0, ""transaction_id"": 112, ""unit_price_eur"": 1.0, ""unit_purchase_price_eur"": 0.45}"
2026-05-08_224617;C:\Users\Dani\Documents\CODEX-Projects\drink_pos\data\drink_pos_dev.db;data;transaction_items;77;"{""id"": 77, ""item_id"": 3, ""item_name_snapshot"": ""Limo"", ""item_short_label_snapshot"": ""Limo"", ""kind"": ""CONSUME"", ""person_id"": 1, ""profit_eur"": 0.55, ""purchase_total_eur"": 0.45, ""quantity"": 1, ""timestamp"": ""2026-05-05 16:41:34"", ""total_eur"": 1.0, ""transaction_id"": 113, ""unit_price_eur"": 1.0, ""unit_purchase_price_eur"": 0.45}"
2026-05-08_224617;C:\Users\Dani\Documents\CODEX-Projects\drink_pos\data\drink_pos_dev.db;data;transaction_items;78;"{""id"": 78, ""item_id"": 3, ""item_name_snapshot"": ""Limo"", ""item_short_label_snapshot"": ""Limo"", ""kind"": ""CONSUME"", ""person_id"": 1, ""profit_eur"": 0.55, ""purchase_total_eur"": 0.45, ""quantity"": 1, ""timestamp"": ""2026-05-05 16:41:34"", ""total_eur"": 1.0, ""transaction_id"": 114, ""unit_price_eur"": 1.0, ""unit_purchase_price_eur"": 0.45}"
2026-05-08_224617;C:\Users\Dani\Documents\CODEX-Projects\drink_pos\data\drink_pos_dev.db;data;transaction_items;79;"{""id"": 79, ""item_id"": 3, ""item_name_snapshot"": ""Limo"", ""item_short_label_snapshot"": ""Limo"", ""kind"": ""CONSUME"", ""person_id"": 1, ""profit_eur"": 0.55, ""purchase_total_eur"": 0.45, ""quantity"": 1, ""timestamp"": ""2026-05-05 16:41:34"", ""total_eur"": 1.0, ""transaction_id"": 115, ""unit_price_eur"": 1.0, ""unit_purchase_price_eur"": 0.45}"
2026-05-08_224617;C:\Users\Dani\Documents\CODEX-Projects\drink_pos\data\drink_pos_dev.db;data;transaction_items;80;"{""id"": 80, ""item_id"": 3, ""item_name_snapshot"": ""Limo"", ""item_short_label_snapshot"": ""Limo"", ""kind"": ""CONSUME"", ""person_id"": 1, ""profit_eur"": 0.55, ""purchase_total_eur"": 0.45, ""quantity"": 1, ""timestamp"": ""2026-05-05 16:41:34"", ""total_eur"": 1.0, ""transaction_id"": 116, ""unit_price_eur"": 1.0, ""unit_purchase_price_eur"": 0.45}"
2026-05-08_224617;C:\Users\Dani\Documents\CODEX-Projects\drink_pos\data\drink_pos_dev.db;data;transaction_items;81;"{""id"": 81, ""item_id"": 3, ""item_name_snapshot"": ""Limo"", ""item_short_label_snapshot"": ""Limo"", ""kind"": ""CONSUME"", ""person_id"": 1, ""profit_eur"": 0.55, ""purchase_total_eur"": 0.45, ""quantity"": 1, ""timestamp"": ""2026-05-05 16:41:34"", ""total_eur"": 1.0, ""transaction_id"": 117, ""unit_price_eur"": 1.0, ""unit_purchase_price_eur"": 0.45}"
2026-05-08_224617;C:\Users\Dani\Documents\CODEX-Projects\drink_pos\data\drink_pos_dev.db;data;transaction_items;82;"{""id"": 82, ""item_id"": 3, ""item_name_snapshot"": ""Limo"", ""item_short_label_snapshot"": ""Limo"", ""kind"": ""CONSUME"", ""person_id"": 1, ""profit_eur"": 0.55, ""purchase_total_eur"": 0.45, ""quantity"": 1, ""timestamp"": ""2026-05-05 16:41:35"", ""total_eur"": 1.0, ""transaction_id"": 118, ""unit_price_eur"": 1.0, ""unit_purchase_price_eur"": 0.45}"
2026-05-08_224617;C:\Users\Dani\Documents\CODEX-Projects\drink_pos\data\drink_pos_dev.db;data;transaction_items;83;"{""id"": 83, ""item_id"": 3, ""item_name_snapshot"": ""Limo"", ""item_short_label_snapshot"": ""Limo"", ""kind"": ""CONSUME"", ""person_id"": 1, ""profit_eur"": 0.55, ""purchase_total_eur"": 0.45, ""quantity"": 1, ""timestamp"": ""2026-05-05 16:41:35"", ""total_eur"": 1.0, ""transaction_id"": 119, ""unit_price_eur"": 1.0, ""unit_purchase_price_eur"": 0.45}"
2026-05-08_224617;C:\Users\Dani\Documents\CODEX-Projects\drink_pos\data\drink_pos_dev.db;data;transaction_items;84;"{""id"": 84, ""item_id"": 3, ""item_name_snapshot"": ""Limo"", ""item_short_label_snapshot"": ""Limo"", ""kind"": ""CONSUME"", ""person_id"": 1, ""profit_eur"": 0.55, ""purchase_total_eur"": 0.45, ""quantity"": 1, ""timestamp"": ""2026-05-05 16:41:35"", ""total_eur"": 1.0, ""transaction_id"": 120, ""unit_price_eur"": 1.0, ""unit_purchase_price_eur"": 0.45}"
2026-05-08_224617;C:\Users\Dani\Documents\CODEX-Projects\drink_pos\data\drink_pos_dev.db;data;transaction_items;85;"{""id"": 85, ""item_id"": 3, ""item_name_snapshot"": ""Limo"", ""item_short_label_snapshot"": ""Limo"", ""kind"": ""CONSUME"", ""person_id"": 34, ""profit_eur"": 0.55, ""purchase_total_eur"": 0.45, ""quantity"": 1, ""timestamp"": ""2026-05-05 16:44:51"", ""total_eur"": 1.0, ""transaction_id"": 128, ""unit_price_eur"": 1.0, ""unit_purchase_price_eur"": 0.45}"
2026-05-08_224617;C:\Users\Dani\Documents\CODEX-Projects\drink_pos\data\drink_pos_dev.db;data;transaction_items;86;"{""id"": 86, ""item_id"": 3, ""item_name_snapshot"": ""Limo"", ""item_short_label_snapshot"": ""Limo"", ""kind"": ""CONSUME"", ""person_id"": 34, ""profit_eur"": 0.55, ""purchase_total_eur"": 0.45, ""quantity"": 1, ""timestamp"": ""2026-05-05 16:44:52"", ""total_eur"": 1.0, ""transaction_id"": 129, ""unit_price_eur"": 1.0, ""unit_purchase_price_eur"": 0.45}"
2026-05-08_224617;C:\Users\Dani\Documents\CODEX-Projects\drink_pos\data\drink_pos_dev.db;data;transaction_items;87;"{""id"": 87, ""item_id"": 3, ""item_name_snapshot"": ""Limo"", ""item_short_label_snapshot"": ""Limo"", ""kind"": ""CONSUME"", ""person_id"": 34, ""profit_eur"": 0.55, ""purchase_total_eur"": 0.45, ""quantity"": 1, ""timestamp"": ""2026-05-05 16:44:52"", ""total_eur"": 1.0, ""transaction_id"": 130, ""unit_price_eur"": 1.0, ""unit_purchase_price_eur"": 0.45}"
2026-05-08_224617;C:\Users\Dani\Documents\CODEX-Projects\drink_pos\data\drink_pos_dev.db;data;transaction_items;88;"{""id"": 88, ""item_id"": 3, ""item_name_snapshot"": ""Limo"", ""item_short_label_snapshot"": ""Limo"", ""kind"": ""CONSUME"", ""person_id"": 34, ""profit_eur"": 0.55, ""purchase_total_eur"": 0.45, ""quantity"": 1, ""timestamp"": ""2026-05-05 16:44:52"", ""total_eur"": 1.0, ""transaction_id"": 131, ""unit_price_eur"": 1.0, ""unit_purchase_price_eur"": 0.45}"
2026-05-08_224617;C:\Users\Dani\Documents\CODEX-Projects\drink_pos\data\drink_pos_dev.db;data;transaction_items;89;"{""id"": 89, ""item_id"": 2, ""item_name_snapshot"": ""Bier klein"", ""item_short_label_snapshot"": ""Klein"", ""kind"": ""CONSUME"", ""person_id"": 34, ""profit_eur"": 0.8, ""purchase_total_eur"": 1.0, ""quantity"": 1, ""timestamp"": ""2026-05-05 16:44:52"", ""total_eur"": 1.8, ""transaction_id"": 132, ""unit_price_eur"": 1.8, ""unit_purchase_price_eur"": 1.0}"
2026-05-08_224617;C:\Users\Dani\Documents\CODEX-Projects\drink_pos\data\drink_pos_dev.db;data;transaction_items;90;"{""id"": 90, ""item_id"": 2, ""item_name_snapshot"": ""Bier klein"", ""item_short_label_snapshot"": ""Klein"", ""kind"": ""CONSUME"", ""person_id"": 34, ""profit_eur"": 0.8, ""purchase_total_eur"": 1.0, ""quantity"": 1, ""timestamp"": ""2026-05-05 16:44:53"", ""total_eur"": 1.8, ""transaction_id"": 133, ""unit_price_eur"": 1.8, ""unit_purchase_price_eur"": 1.0}"
2026-05-08_224617;C:\Users\Dani\Documents\CODEX-Projects\drink_pos\data\drink_pos_dev.db;data;transaction_items;91;"{""id"": 91, ""item_id"": 2, ""item_name_snapshot"": ""Bier klein"", ""item_short_label_snapshot"": ""Klein"", ""kind"": ""CONSUME"", ""person_id"": 34, ""profit_eur"": 0.8, ""purchase_total_eur"": 1.0, ""quantity"": 1, ""timestamp"": ""2026-05-05 16:44:53"", ""total_eur"": 1.8, ""transaction_id"": 134, ""unit_price_eur"": 1.8, ""unit_purchase_price_eur"": 1.0}"
2026-05-08_224617;C:\Users\Dani\Documents\CODEX-Projects\drink_pos\data\drink_pos_dev.db;data;transaction_items;92;"{""id"": 92, ""item_id"": 1, ""item_name_snapshot"": ""Bier gross"", ""item_short_label_snapshot"": ""Gross"", ""kind"": ""CONSUME"", ""person_id"": 37, ""profit_eur"": 1.1, ""purchase_total_eur"": 1.4, ""quantity"": 1, ""timestamp"": ""2026-05-05 16:44:55"", ""total_eur"": 2.5, ""transaction_id"": 135, ""unit_price_eur"": 2.5, ""unit_purchase_price_eur"": 1.4}"
2026-05-08_224617;C:\Users\Dani\Documents\CODEX-Projects\drink_pos\data\drink_pos_dev.db;data;transaction_items;93;"{""id"": 93, ""item_id"": 1, ""item_name_snapshot"": ""Bier gross"", ""item_short_label_snapshot"": ""Gross"", ""kind"": ""CONSUME"", ""person_id"": 37, ""profit_eur"": 1.1, ""purchase_total_eur"": 1.4, ""quantity"": 1, ""timestamp"": ""2026-05-05 16:44:55"", ""total_eur"": 2.5, ""transaction_id"": 136, ""unit_price_eur"": 2.5, ""unit_purchase_price_eur"": 1.4}"
2026-05-08_224617;C:\Users\Dani\Documents\CODEX-Projects\drink_pos\data\drink_pos_dev.db;data;transaction_items;94;"{""id"": 94, ""item_id"": 1, ""item_name_snapshot"": ""Bier gross"", ""item_short_label_snapshot"": ""Gross"", ""kind"": ""CONSUME"", ""person_id"": 37, ""profit_eur"": 1.1, ""purchase_total_eur"": 1.4, ""quantity"": 1, ""timestamp"": ""2026-05-05 16:44:55"", ""total_eur"": 2.5, ""transaction_id"": 137, ""unit_price_eur"": 2.5, ""unit_purchase_price_eur"": 1.4}"
2026-05-08_224617;C:\Users\Dani\Documents\CODEX-Projects\drink_pos\data\drink_pos_dev.db;data;transaction_items;95;"{""id"": 95, ""item_id"": 1, ""item_name_snapshot"": ""Bier gross"", ""item_short_label_snapshot"": ""Gross"", ""kind"": ""CONSUME"", ""person_id"": 37, ""profit_eur"": 1.1, ""purchase_total_eur"": 1.4, ""quantity"": 1, ""timestamp"": ""2026-05-05 16:44:55"", ""total_eur"": 2.5, ""transaction_id"": 138, ""unit_price_eur"": 2.5, ""unit_purchase_price_eur"": 1.4}"
2026-05-08_224617;C:\Users\Dani\Documents\CODEX-Projects\drink_pos\data\drink_pos_dev.db;data;transaction_items;96;"{""id"": 96, ""item_id"": 1, ""item_name_snapshot"": ""Bier gross"", ""item_short_label_snapshot"": ""Gross"", ""kind"": ""CONSUME"", ""person_id"": 37, ""profit_eur"": 1.1, ""purchase_total_eur"": 1.4, ""quantity"": 1, ""timestamp"": ""2026-05-05 16:44:56"", ""total_eur"": 2.5, ""transaction_id"": 139, ""unit_price_eur"": 2.5, ""unit_purchase_price_eur"": 1.4}"
2026-05-08_224617;C:\Users\Dani\Documents\CODEX-Projects\drink_pos\data\drink_pos_dev.db;data;transaction_items;97;"{""id"": 97, ""item_id"": 1, ""item_name_snapshot"": ""Bier gross"", ""item_short_label_snapshot"": ""Gross"", ""kind"": ""CONSUME"", ""person_id"": 37, ""profit_eur"": 1.1, ""purchase_total_eur"": 1.4, ""quantity"": 1, ""timestamp"": ""2026-05-05 16:44:56"", ""total_eur"": 2.5, ""transaction_id"": 140, ""unit_price_eur"": 2.5, ""unit_purchase_price_eur"": 1.4}"
2026-05-08_224617;C:\Users\Dani\Documents\CODEX-Projects\drink_pos\data\drink_pos_dev.db;data;transaction_items;98;"{""id"": 98, ""item_id"": 1, ""item_name_snapshot"": ""Bier gross"", ""item_short_label_snapshot"": ""Gross"", ""kind"": ""CONSUME"", ""person_id"": 35, ""profit_eur"": 1.1, ""purchase_total_eur"": 1.4, ""quantity"": 1, ""timestamp"": ""2026-05-05 16:45:02"", ""total_eur"": 2.5, ""transaction_id"": 145, ""unit_price_eur"": 2.5, ""unit_purchase_price_eur"": 1.4}"
2026-05-08_224617;C:\Users\Dani\Documents\CODEX-Projects\drink_pos\data\drink_pos_dev.db;data;transaction_items;99;"{""id"": 99, ""item_id"": 1, ""item_name_snapshot"": ""Bier gross"", ""item_short_label_snapshot"": ""Gross"", ""kind"": ""CONSUME"", ""person_id"": 35, ""profit_eur"": 1.1, ""purchase_total_eur"": 1.4, ""quantity"": 1, ""timestamp"": ""2026-05-05 16:45:02"", ""total_eur"": 2.5, ""transaction_id"": 146, ""unit_price_eur"": 2.5, ""unit_purchase_price_eur"": 1.4}"
2026-05-08_224617;C:\Users\Dani\Documents\CODEX-Projects\drink_pos\data\drink_pos_dev.db;data;transaction_items;100;"{""id"": 100, ""item_id"": 1, ""item_name_snapshot"": ""Bier gross"", ""item_short_label_snapshot"": ""Gross"", ""kind"": ""CONSUME"", ""person_id"": 35, ""profit_eur"": 1.1, ""purchase_total_eur"": 1.4, ""quantity"": 1, ""timestamp"": ""2026-05-05 16:45:07"", ""total_eur"": 2.5, ""transaction_id"": 148, ""unit_price_eur"": 2.5, ""unit_purchase_price_eur"": 1.4}"
2026-05-08_224617;C:\Users\Dani\Documents\CODEX-Projects\drink_pos\data\drink_pos_dev.db;data;transaction_items;101;"{""id"": 101, ""item_id"": 1, ""item_name_snapshot"": ""Bier gross"", ""item_short_label_snapshot"": ""Gross"", ""kind"": ""CONSUME"", ""person_id"": 35, ""profit_eur"": 1.1, ""purchase_total_eur"": 1.4, ""quantity"": 1, ""timestamp"": ""2026-05-05 16:45:07"", ""total_eur"": 2.5, ""transaction_id"": 149, ""unit_price_eur"": 2.5, ""unit_purchase_price_eur"": 1.4}"
2026-05-08_224617;C:\Users\Dani\Documents\CODEX-Projects\drink_pos\data\drink_pos_dev.db;data;transaction_items;102;"{""id"": 102, ""item_id"": 1, ""item_name_snapshot"": ""Bier gross"", ""item_short_label_snapshot"": ""Gross"", ""kind"": ""CONSUME"", ""person_id"": 36, ""profit_eur"": 1.1, ""purchase_total_eur"": 1.4, ""quantity"": 1, ""timestamp"": ""2026-05-05 16:45:09"", ""total_eur"": 2.5, ""transaction_id"": 150, ""unit_price_eur"": 2.5, ""unit_purchase_price_eur"": 1.4}"
2026-05-08_224617;C:\Users\Dani\Documents\CODEX-Projects\drink_pos\data\drink_pos_dev.db;data;transaction_items;103;"{""id"": 103, ""item_id"": 1, ""item_name_snapshot"": ""Bier gross"", ""item_short_label_snapshot"": ""Gross"", ""kind"": ""CONSUME"", ""person_id"": 36, ""profit_eur"": 1.1, ""purchase_total_eur"": 1.4, ""quantity"": 1, ""timestamp"": ""2026-05-05 16:45:09"", ""total_eur"": 2.5, ""transaction_id"": 151, ""unit_price_eur"": 2.5, ""unit_purchase_price_eur"": 1.4}"
2026-05-08_224617;C:\Users\Dani\Documents\CODEX-Projects\drink_pos\data\drink_pos_dev.db;data;transaction_items;104;"{""id"": 104, ""item_id"": 1, ""item_name_snapshot"": ""Bier gross"", ""item_short_label_snapshot"": ""Gross"", ""kind"": ""CONSUME"", ""person_id"": 36, ""profit_eur"": 1.1, ""purchase_total_eur"": 1.4, ""quantity"": 1, ""timestamp"": ""2026-05-05 16:45:12"", ""total_eur"": 2.5, ""transaction_id"": 152, ""unit_price_eur"": 2.5, ""unit_purchase_price_eur"": 1.4}"
2026-05-08_224617;C:\Users\Dani\Documents\CODEX-Projects\drink_pos\data\drink_pos_dev.db;data;transaction_items;105;"{""id"": 105, ""item_id"": 1, ""item_name_snapshot"": ""Bier gross"", ""item_short_label_snapshot"": ""Gross"", ""kind"": ""CONSUME"", ""person_id"": 36, ""profit_eur"": 1.1, ""purchase_total_eur"": 1.4, ""quantity"": 1, ""timestamp"": ""2026-05-05 16:45:12"", ""total_eur"": 2.5, ""transaction_id"": 153, ""unit_price_eur"": 2.5, ""unit_purchase_price_eur"": 1.4}"
2026-05-08_224617;C:\Users\Dani\Documents\CODEX-Projects\drink_pos\data\drink_pos_dev.db;data;transaction_items;106;"{""id"": 106, ""item_id"": 2, ""item_name_snapshot"": ""Bier klein"", ""item_short_label_snapshot"": ""Klein"", ""kind"": ""CONSUME"", ""person_id"": 32, ""profit_eur"": 0.8, ""purchase_total_eur"": 1.0, ""quantity"": 1, ""timestamp"": ""2026-05-05 16:45:47"", ""total_eur"": 1.8, ""transaction_id"": 154, ""unit_price_eur"": 1.8, ""unit_purchase_price_eur"": 1.0}"
2026-05-08_224617;C:\Users\Dani\Documents\CODEX-Projects\drink_pos\data\drink_pos_dev.db;data;transaction_items;107;"{""id"": 107, ""item_id"": 2, ""item_name_snapshot"": ""Bier klein"", ""item_short_label_snapshot"": ""Klein"", ""kind"": ""CONSUME"", ""person_id"": 32, ""profit_eur"": 0.8, ""purchase_total_eur"": 1.0, ""quantity"": 1, ""timestamp"": ""2026-05-05 16:45:49"", ""total_eur"": 1.8, ""transaction_id"": 155, ""unit_price_eur"": 1.8, ""unit_purchase_price_eur"": 1.0}"
2026-05-08_224617;C:\Users\Dani\Documents\CODEX-Projects\drink_pos\data\drink_pos_dev.db;data;transaction_items;108;"{""id"": 108, ""item_id"": 2, ""item_name_snapshot"": ""Bier klein"", ""item_short_label_snapshot"": ""Klein"", ""kind"": ""CONSUME"", ""person_id"": 32, ""profit_eur"": 0.8, ""purchase_total_eur"": 1.0, ""quantity"": 1, ""timestamp"": ""2026-05-05 16:45:49"", ""total_eur"": 1.8, ""transaction_id"": 156, ""unit_price_eur"": 1.8, ""unit_purchase_price_eur"": 1.0}"
2026-05-08_224617;C:\Users\Dani\Documents\CODEX-Projects\drink_pos\data\drink_pos_dev.db;data;transaction_items;109;"{""id"": 109, ""item_id"": 2, ""item_name_snapshot"": ""Bier klein"", ""item_short_label_snapshot"": ""Klein"", ""kind"": ""CONSUME"", ""person_id"": 32, ""profit_eur"": 0.8, ""purchase_total_eur"": 1.0, ""quantity"": 1, ""timestamp"": ""2026-05-05 16:45:49"", ""total_eur"": 1.8, ""transaction_id"": 157, ""unit_price_eur"": 1.8, ""unit_purchase_price_eur"": 1.0}"
2026-05-08_224617;C:\Users\Dani\Documents\CODEX-Projects\drink_pos\data\drink_pos_dev.db;data;transaction_items;110;"{""id"": 110, ""item_id"": 1, ""item_name_snapshot"": ""Bier gross"", ""item_short_label_snapshot"": ""Gross"", ""kind"": ""CONSUME"", ""person_id"": 32, ""profit_eur"": 1.1, ""purchase_total_eur"": 1.4, ""quantity"": 1, ""timestamp"": ""2026-05-05 16:45:50"", ""total_eur"": 2.5, ""transaction_id"": 158, ""unit_price_eur"": 2.5, ""unit_purchase_price_eur"": 1.4}"
2026-05-08_224617;C:\Users\Dani\Documents\CODEX-Projects\drink_pos\data\drink_pos_dev.db;data;transaction_items;111;"{""id"": 111, ""item_id"": 1, ""item_name_snapshot"": ""Bier gross"", ""item_short_label_snapshot"": ""Gross"", ""kind"": ""CONSUME"", ""person_id"": 32, ""profit_eur"": 1.1, ""purchase_total_eur"": 1.4, ""quantity"": 1, ""timestamp"": ""2026-05-05 16:45:50"", ""total_eur"": 2.5, ""transaction_id"": 159, ""unit_price_eur"": 2.5, ""unit_purchase_price_eur"": 1.4}"
2026-05-08_224617;C:\Users\Dani\Documents\CODEX-Projects\drink_pos\data\drink_pos_dev.db;data;transaction_items;112;"{""id"": 112, ""item_id"": 1, ""item_name_snapshot"": ""Bier gross"", ""item_short_label_snapshot"": ""Gross"", ""kind"": ""CONSUME"", ""person_id"": 32, ""profit_eur"": 1.1, ""purchase_total_eur"": 1.4, ""quantity"": 1, ""timestamp"": ""2026-05-05 16:45:50"", ""total_eur"": 2.5, ""transaction_id"": 160, ""unit_price_eur"": 2.5, ""unit_purchase_price_eur"": 1.4}"
2026-05-08_224617;C:\Users\Dani\Documents\CODEX-Projects\drink_pos\data\drink_pos_dev.db;data;transaction_items;113;"{""id"": 113, ""item_id"": 1, ""item_name_snapshot"": ""Bier gross"", ""item_short_label_snapshot"": ""Gross"", ""kind"": ""CONSUME"", ""person_id"": 32, ""profit_eur"": 1.1, ""purchase_total_eur"": 1.4, ""quantity"": 1, ""timestamp"": ""2026-05-05 16:45:51"", ""total_eur"": 2.5, ""transaction_id"": 161, ""unit_price_eur"": 2.5, ""unit_purchase_price_eur"": 1.4}"
2026-05-08_224617;C:\Users\Dani\Documents\CODEX-Projects\drink_pos\data\drink_pos_dev.db;data;transaction_items;114;"{""id"": 114, ""item_id"": 2, ""item_name_snapshot"": ""Bier klein"", ""item_short_label_snapshot"": ""Klein"", ""kind"": ""CONSUME"", ""person_id"": 32, ""profit_eur"": 0.8, ""purchase_total_eur"": 1.0, ""quantity"": 1, ""timestamp"": ""2026-05-05 16:45:51"", ""total_eur"": 1.8, ""transaction_id"": 162, ""unit_price_eur"": 1.8, ""unit_purchase_price_eur"": 1.0}"
2026-05-08_224617;C:\Users\Dani\Documents\CODEX-Projects\drink_pos\data\drink_pos_dev.db;data;transaction_items;115;"{""id"": 115, ""item_id"": 2, ""item_name_snapshot"": ""Bier klein"", ""item_short_label_snapshot"": ""Klein"", ""kind"": ""CONSUME"", ""person_id"": 32, ""profit_eur"": 0.8, ""purchase_total_eur"": 1.0, ""quantity"": 1, ""timestamp"": ""2026-05-05 16:45:51"", ""total_eur"": 1.8, ""transaction_id"": 163, ""unit_price_eur"": 1.8, ""unit_purchase_price_eur"": 1.0}"
2026-05-08_224617;C:\Users\Dani\Documents\CODEX-Projects\drink_pos\data\drink_pos_dev.db;data;transaction_items;116;"{""id"": 116, ""item_id"": 2, ""item_name_snapshot"": ""Bier klein"", ""item_short_label_snapshot"": ""Klein"", ""kind"": ""CONSUME"", ""person_id"": 32, ""profit_eur"": 0.8, ""purchase_total_eur"": 1.0, ""quantity"": 1, ""timestamp"": ""2026-05-05 16:45:52"", ""total_eur"": 1.8, ""transaction_id"": 164, ""unit_price_eur"": 1.8, ""unit_purchase_price_eur"": 1.0}"
2026-05-08_224617;C:\Users\Dani\Documents\CODEX-Projects\drink_pos\data\drink_pos_dev.db;data;transaction_items;117;"{""id"": 117, ""item_id"": 2, ""item_name_snapshot"": ""Bier klein"", ""item_short_label_snapshot"": ""Klein"", ""kind"": ""CONSUME"", ""person_id"": 32, ""profit_eur"": 0.8, ""purchase_total_eur"": 1.0, ""quantity"": 1, ""timestamp"": ""2026-05-05 16:45:52"", ""total_eur"": 1.8, ""transaction_id"": 165, ""unit_price_eur"": 1.8, ""unit_purchase_price_eur"": 1.0}"
2026-05-08_224617;C:\Users\Dani\Documents\CODEX-Projects\drink_pos\data\drink_pos_dev.db;data;transaction_items;118;"{""id"": 118, ""item_id"": 2, ""item_name_snapshot"": ""Bier klein"", ""item_short_label_snapshot"": ""Klein"", ""kind"": ""CONSUME"", ""person_id"": 32, ""profit_eur"": 0.8, ""purchase_total_eur"": 1.0, ""quantity"": 1, ""timestamp"": ""2026-05-05 16:45:52"", ""total_eur"": 1.8, ""transaction_id"": 166, ""unit_price_eur"": 1.8, ""unit_purchase_price_eur"": 1.0}"
2026-05-08_224617;C:\Users\Dani\Documents\CODEX-Projects\drink_pos\data\drink_pos_dev.db;data;transaction_items;119;"{""id"": 119, ""item_id"": 2, ""item_name_snapshot"": ""Bier klein"", ""item_short_label_snapshot"": ""Klein"", ""kind"": ""CONSUME"", ""person_id"": 32, ""profit_eur"": 0.8, ""purchase_total_eur"": 1.0, ""quantity"": 1, ""timestamp"": ""2026-05-05 16:45:52"", ""total_eur"": 1.8, ""transaction_id"": 167, ""unit_price_eur"": 1.8, ""unit_purchase_price_eur"": 1.0}"
2026-05-08_224617;C:\Users\Dani\Documents\CODEX-Projects\drink_pos\data\drink_pos_dev.db;data;transaction_items;120;"{""id"": 120, ""item_id"": 2, ""item_name_snapshot"": ""Bier klein"", ""item_short_label_snapshot"": ""Klein"", ""kind"": ""CONSUME"", ""person_id"": 32, ""profit_eur"": 0.8, ""purchase_total_eur"": 1.0, ""quantity"": 1, ""timestamp"": ""2026-05-05 16:45:52"", ""total_eur"": 1.8, ""transaction_id"": 168, ""unit_price_eur"": 1.8, ""unit_purchase_price_eur"": 1.0}"
2026-05-08_224617;C:\Users\Dani\Documents\CODEX-Projects\drink_pos\data\drink_pos_dev.db;data;transaction_items;121;"{""id"": 121, ""item_id"": 2, ""item_name_snapshot"": ""Bier klein"", ""item_short_label_snapshot"": ""Klein"", ""kind"": ""CONSUME"", ""person_id"": 32, ""profit_eur"": 0.8, ""purchase_total_eur"": 1.0, ""quantity"": 1, ""timestamp"": ""2026-05-05 16:45:52"", ""total_eur"": 1.8, ""transaction_id"": 169, ""unit_price_eur"": 1.8, ""unit_purchase_price_eur"": 1.0}"
2026-05-08_224617;C:\Users\Dani\Documents\CODEX-Projects\drink_pos\data\drink_pos_dev.db;data;transaction_items;122;"{""id"": 122, ""item_id"": 1, ""item_name_snapshot"": ""Bier gross"", ""item_short_label_snapshot"": ""Gross"", ""kind"": ""CONSUME"", ""person_id"": 32, ""profit_eur"": 1.1, ""purchase_total_eur"": 1.4, ""quantity"": 1, ""timestamp"": ""2026-05-05 16:45:53"", ""total_eur"": 2.5, ""transaction_id"": 170, ""unit_price_eur"": 2.5, ""unit_purchase_price_eur"": 1.4}"
2026-05-08_224617;C:\Users\Dani\Documents\CODEX-Projects\drink_pos\data\drink_pos_dev.db;data;transaction_items;123;"{""id"": 123, ""item_id"": 1, ""item_name_snapshot"": ""Bier gross"", ""item_short_label_snapshot"": ""Gross"", ""kind"": ""CONSUME"", ""person_id"": 32, ""profit_eur"": 1.1, ""purchase_total_eur"": 1.4, ""quantity"": 1, ""timestamp"": ""2026-05-05 16:45:53"", ""total_eur"": 2.5, ""transaction_id"": 171, ""unit_price_eur"": 2.5, ""unit_purchase_price_eur"": 1.4}"
2026-05-08_224617;C:\Users\Dani\Documents\CODEX-Projects\drink_pos\data\drink_pos_dev.db;data;transaction_items;124;"{""id"": 124, ""item_id"": 1, ""item_name_snapshot"": ""Bier gross"", ""item_short_label_snapshot"": ""Gross"", ""kind"": ""CONSUME"", ""person_id"": 32, ""profit_eur"": 1.1, ""purchase_total_eur"": 1.4, ""quantity"": 1, ""timestamp"": ""2026-05-05 16:45:53"", ""total_eur"": 2.5, ""transaction_id"": 172, ""unit_price_eur"": 2.5, ""unit_purchase_price_eur"": 1.4}"
2026-05-08_224617;C:\Users\Dani\Documents\CODEX-Projects\drink_pos\data\drink_pos_dev.db;data;transaction_items;125;"{""id"": 125, ""item_id"": 1, ""item_name_snapshot"": ""Bier gross"", ""item_short_label_snapshot"": ""Gross"", ""kind"": ""CONSUME"", ""person_id"": 32, ""profit_eur"": 1.1, ""purchase_total_eur"": 1.4, ""quantity"": 1, ""timestamp"": ""2026-05-05 16:45:53"", ""total_eur"": 2.5, ""transaction_id"": 174, ""unit_price_eur"": 2.5, ""unit_purchase_price_eur"": 1.4}"
2026-05-08_224617;C:\Users\Dani\Documents\CODEX-Projects\drink_pos\data\drink_pos_dev.db;data;transaction_items;126;"{""id"": 126, ""item_id"": 1, ""item_name_snapshot"": ""Bier gross"", ""item_short_label_snapshot"": ""Gross"", ""kind"": ""CONSUME"", ""person_id"": 32, ""profit_eur"": 1.1, ""purchase_total_eur"": 1.4, ""quantity"": 1, ""timestamp"": ""2026-05-05 16:45:53"", ""total_eur"": 2.5, ""transaction_id"": 175, ""unit_price_eur"": 2.5, ""unit_purchase_price_eur"": 1.4}"
2026-05-08_224617;C:\Users\Dani\Documents\CODEX-Projects\drink_pos\data\drink_pos_dev.db;data;transaction_items;127;"{""id"": 127, ""item_id"": 1, ""item_name_snapshot"": ""Bier gross"", ""item_short_label_snapshot"": ""Gross"", ""kind"": ""CONSUME"", ""person_id"": 32, ""profit_eur"": 1.1, ""purchase_total_eur"": 1.4, ""quantity"": 1, ""timestamp"": ""2026-05-05 16:45:53"", ""total_eur"": 2.5, ""transaction_id"": 176, ""unit_price_eur"": 2.5, ""unit_purchase_price_eur"": 1.4}"
2026-05-08_224617;C:\Users\Dani\Documents\CODEX-Projects\drink_pos\data\drink_pos_dev.db;data;transaction_items;128;"{""id"": 128, ""item_id"": 1, ""item_name_snapshot"": ""Bier gross"", ""item_short_label_snapshot"": ""Gross"", ""kind"": ""CONSUME"", ""person_id"": 32, ""profit_eur"": 1.1, ""purchase_total_eur"": 1.4, ""quantity"": 1, ""timestamp"": ""2026-05-05 16:45:54"", ""total_eur"": 2.5, ""transaction_id"": 177, ""unit_price_eur"": 2.5, ""unit_purchase_price_eur"": 1.4}"
2026-05-08_224617;C:\Users\Dani\Documents\CODEX-Projects\drink_pos\data\drink_pos_dev.db;data;transaction_items;129;"{""id"": 129, ""item_id"": 1, ""item_name_snapshot"": ""Bier gross"", ""item_short_label_snapshot"": ""Gross"", ""kind"": ""CONSUME"", ""person_id"": 32, ""profit_eur"": 1.1, ""purchase_total_eur"": 1.4, ""quantity"": 1, ""timestamp"": ""2026-05-05 16:45:54"", ""total_eur"": 2.5, ""transaction_id"": 178, ""unit_price_eur"": 2.5, ""unit_purchase_price_eur"": 1.4}"
2026-05-08_224617;C:\Users\Dani\Documents\CODEX-Projects\drink_pos\data\drink_pos_dev.db;data;transaction_items;130;"{""id"": 130, ""item_id"": 1, ""item_name_snapshot"": ""Bier gross"", ""item_short_label_snapshot"": ""Gross"", ""kind"": ""CONSUME"", ""person_id"": 32, ""profit_eur"": 1.1, ""purchase_total_eur"": 1.4, ""quantity"": 1, ""timestamp"": ""2026-05-05 16:45:54"", ""total_eur"": 2.5, ""transaction_id"": 179, ""unit_price_eur"": 2.5, ""unit_purchase_price_eur"": 1.4}"
2026-05-08_224617;C:\Users\Dani\Documents\CODEX-Projects\drink_pos\data\drink_pos_dev.db;data;transaction_items;131;"{""id"": 131, ""item_id"": 3, ""item_name_snapshot"": ""Limo"", ""item_short_label_snapshot"": ""Limo"", ""kind"": ""CONSUME"", ""person_id"": 32, ""profit_eur"": 0.55, ""purchase_total_eur"": 0.45, ""quantity"": 1, ""timestamp"": ""2026-05-05 16:45:55"", ""total_eur"": 1.0, ""transaction_id"": 180, ""unit_price_eur"": 1.0, ""unit_purchase_price_eur"": 0.45}"
2026-05-08_224617;C:\Users\Dani\Documents\CODEX-Projects\drink_pos\data\drink_pos_dev.db;data;transaction_items;132;"{""id"": 132, ""item_id"": 3, ""item_name_snapshot"": ""Limo"", ""item_short_label_snapshot"": ""Limo"", ""kind"": ""CONSUME"", ""person_id"": 32, ""profit_eur"": 0.55, ""purchase_total_eur"": 0.45, ""quantity"": 1, ""timestamp"": ""2026-05-05 16:45:55"", ""total_eur"": 1.0, ""transaction_id"": 181, ""unit_price_eur"": 1.0, ""unit_purchase_price_eur"": 0.45}"
2026-05-08_224617;C:\Users\Dani\Documents\CODEX-Projects\drink_pos\data\drink_pos_dev.db;data;transaction_items;133;"{""id"": 133, ""item_id"": 3, ""item_name_snapshot"": ""Limo"", ""item_short_label_snapshot"": ""Limo"", ""kind"": ""CONSUME"", ""person_id"": 32, ""profit_eur"": 0.55, ""purchase_total_eur"": 0.45, ""quantity"": 1, ""timestamp"": ""2026-05-05 16:45:55"", ""total_eur"": 1.0, ""transaction_id"": 182, ""unit_price_eur"": 1.0, ""unit_purchase_price_eur"": 0.45}"
2026-05-08_224617;C:\Users\Dani\Documents\CODEX-Projects\drink_pos\data\drink_pos_dev.db;data;transaction_items;134;"{""id"": 134, ""item_id"": 3, ""item_name_snapshot"": ""Limo"", ""item_short_label_snapshot"": ""Limo"", ""kind"": ""CONSUME"", ""person_id"": 32, ""profit_eur"": 0.55, ""purchase_total_eur"": 0.45, ""quantity"": 1, ""timestamp"": ""2026-05-05 16:45:55"", ""total_eur"": 1.0, ""transaction_id"": 183, ""unit_price_eur"": 1.0, ""unit_purchase_price_eur"": 0.45}"
2026-05-08_224617;C:\Users\Dani\Documents\CODEX-Projects\drink_pos\data\drink_pos_dev.db;data;transaction_items;135;"{""id"": 135, ""item_id"": 3, ""item_name_snapshot"": ""Limo"", ""item_short_label_snapshot"": ""Limo"", ""kind"": ""CONSUME"", ""person_id"": 32, ""profit_eur"": 0.55, ""purchase_total_eur"": 0.45, ""quantity"": 1, ""timestamp"": ""2026-05-05 16:45:56"", ""total_eur"": 1.0, ""transaction_id"": 184, ""unit_price_eur"": 1.0, ""unit_purchase_price_eur"": 0.45}"
2026-05-08_224617;C:\Users\Dani\Documents\CODEX-Projects\drink_pos\data\drink_pos_dev.db;data;transaction_items;136;"{""id"": 136, ""item_id"": 3, ""item_name_snapshot"": ""Limo"", ""item_short_label_snapshot"": ""Limo"", ""kind"": ""CONSUME"", ""person_id"": 32, ""profit_eur"": 0.55, ""purchase_total_eur"": 0.45, ""quantity"": 1, ""timestamp"": ""2026-05-05 16:45:56"", ""total_eur"": 1.0, ""transaction_id"": 185, ""unit_price_eur"": 1.0, ""unit_purchase_price_eur"": 0.45}"
2026-05-08_224617;C:\Users\Dani\Documents\CODEX-Projects\drink_pos\data\drink_pos_dev.db;data;transaction_items;137;"{""id"": 137, ""item_id"": 3, ""item_name_snapshot"": ""Limo"", ""item_short_label_snapshot"": ""Limo"", ""kind"": ""CONSUME"", ""person_id"": 32, ""profit_eur"": 0.55, ""purchase_total_eur"": 0.45, ""quantity"": 1, ""timestamp"": ""2026-05-05 16:45:56"", ""total_eur"": 1.0, ""transaction_id"": 186, ""unit_price_eur"": 1.0, ""unit_purchase_price_eur"": 0.45}"
2026-05-08_224617;C:\Users\Dani\Documents\CODEX-Projects\drink_pos\data\drink_pos_dev.db;data;transaction_items;138;"{""id"": 138, ""item_id"": 3, ""item_name_snapshot"": ""Limo"", ""item_short_label_snapshot"": ""Limo"", ""kind"": ""CONSUME"", ""person_id"": 32, ""profit_eur"": 0.55, ""purchase_total_eur"": 0.45, ""quantity"": 1, ""timestamp"": ""2026-05-05 16:45:56"", ""total_eur"": 1.0, ""transaction_id"": 187, ""unit_price_eur"": 1.0, ""unit_purchase_price_eur"": 0.45}"
2026-05-08_224617;C:\Users\Dani\Documents\CODEX-Projects\drink_pos\data\drink_pos_dev.db;data;transaction_items;139;"{""id"": 139, ""item_id"": 3, ""item_name_snapshot"": ""Limo"", ""item_short_label_snapshot"": ""Limo"", ""kind"": ""CONSUME"", ""person_id"": 32, ""profit_eur"": 0.55, ""purchase_total_eur"": 0.45, ""quantity"": 1, ""timestamp"": ""2026-05-05 16:45:56"", ""total_eur"": 1.0, ""transaction_id"": 188, ""unit_price_eur"": 1.0, ""unit_purchase_price_eur"": 0.45}"
2026-05-08_224617;C:\Users\Dani\Documents\CODEX-Projects\drink_pos\data\drink_pos_dev.db;data;transaction_items;140;"{""id"": 140, ""item_id"": 3, ""item_name_snapshot"": ""Limo"", ""item_short_label_snapshot"": ""Limo"", ""kind"": ""CONSUME"", ""person_id"": 32, ""profit_eur"": 0.55, ""purchase_total_eur"": 0.45, ""quantity"": 1, ""timestamp"": ""2026-05-05 16:45:56"", ""total_eur"": 1.0, ""transaction_id"": 189, ""unit_price_eur"": 1.0, ""unit_purchase_price_eur"": 0.45}"
2026-05-08_224617;C:\Users\Dani\Documents\CODEX-Projects\drink_pos\data\drink_pos_dev.db;data;transaction_items;141;"{""id"": 141, ""item_id"": 3, ""item_name_snapshot"": ""Limo"", ""item_short_label_snapshot"": ""Limo"", ""kind"": ""CONSUME"", ""person_id"": 32, ""profit_eur"": 0.55, ""purchase_total_eur"": 0.45, ""quantity"": 1, ""timestamp"": ""2026-05-05 16:45:57"", ""total_eur"": 1.0, ""transaction_id"": 190, ""unit_price_eur"": 1.0, ""unit_purchase_price_eur"": 0.45}"
2026-05-08_224617;C:\Users\Dani\Documents\CODEX-Projects\drink_pos\data\drink_pos_dev.db;data;transaction_items;142;"{""id"": 142, ""item_id"": 3, ""item_name_snapshot"": ""Limo"", ""item_short_label_snapshot"": ""Limo"", ""kind"": ""CONSUME"", ""person_id"": 32, ""profit_eur"": 0.55, ""purchase_total_eur"": 0.45, ""quantity"": 1, ""timestamp"": ""2026-05-05 16:45:57"", ""total_eur"": 1.0, ""transaction_id"": 191, ""unit_price_eur"": 1.0, ""unit_purchase_price_eur"": 0.45}"
2026-05-08_224617;C:\Users\Dani\Documents\CODEX-Projects\drink_pos\data\drink_pos_dev.db;data;transaction_items;143;"{""id"": 143, ""item_id"": 3, ""item_name_snapshot"": ""Limo"", ""item_short_label_snapshot"": ""Limo"", ""kind"": ""CONSUME"", ""person_id"": 32, ""profit_eur"": 0.55, ""purchase_total_eur"": 0.45, ""quantity"": 1, ""timestamp"": ""2026-05-05 16:45:57"", ""total_eur"": 1.0, ""transaction_id"": 192, ""unit_price_eur"": 1.0, ""unit_purchase_price_eur"": 0.45}"
2026-05-08_224617;C:\Users\Dani\Documents\CODEX-Projects\drink_pos\data\drink_pos_dev.db;data;transaction_items;144;"{""id"": 144, ""item_id"": 3, ""item_name_snapshot"": ""Limo"", ""item_short_label_snapshot"": ""Limo"", ""kind"": ""CONSUME"", ""person_id"": 32, ""profit_eur"": 0.55, ""purchase_total_eur"": 0.45, ""quantity"": 1, ""timestamp"": ""2026-05-05 16:45:57"", ""total_eur"": 1.0, ""transaction_id"": 193, ""unit_price_eur"": 1.0, ""unit_purchase_price_eur"": 0.45}"
2026-05-08_224617;C:\Users\Dani\Documents\CODEX-Projects\drink_pos\data\drink_pos_dev.db;data;transaction_items;145;"{""id"": 145, ""item_id"": 3, ""item_name_snapshot"": ""Limo"", ""item_short_label_snapshot"": ""Limo"", ""kind"": ""CONSUME"", ""person_id"": 32, ""profit_eur"": 0.55, ""purchase_total_eur"": 0.45, ""quantity"": 1, ""timestamp"": ""2026-05-05 16:45:57"", ""total_eur"": 1.0, ""transaction_id"": 194, ""unit_price_eur"": 1.0, ""unit_purchase_price_eur"": 0.45}"
2026-05-08_224617;C:\Users\Dani\Documents\CODEX-Projects\drink_pos\data\drink_pos_dev.db;data;transaction_items;146;"{""id"": 146, ""item_id"": 3, ""item_name_snapshot"": ""Limo"", ""item_short_label_snapshot"": ""Limo"", ""kind"": ""CONSUME"", ""person_id"": 32, ""profit_eur"": 0.55, ""purchase_total_eur"": 0.45, ""quantity"": 1, ""timestamp"": ""2026-05-05 16:45:57"", ""total_eur"": 1.0, ""transaction_id"": 195, ""unit_price_eur"": 1.0, ""unit_purchase_price_eur"": 0.45}"
2026-05-08_224617;C:\Users\Dani\Documents\CODEX-Projects\drink_pos\data\drink_pos_dev.db;data;transaction_items;147;"{""id"": 147, ""item_id"": 3, ""item_name_snapshot"": ""Limo"", ""item_short_label_snapshot"": ""Limo"", ""kind"": ""CONSUME"", ""person_id"": 32, ""profit_eur"": 0.55, ""purchase_total_eur"": 0.45, ""quantity"": 1, ""timestamp"": ""2026-05-05 16:45:58"", ""total_eur"": 1.0, ""transaction_id"": 196, ""unit_price_eur"": 1.0, ""unit_purchase_price_eur"": 0.45}"
2026-05-08_224617;C:\Users\Dani\Documents\CODEX-Projects\drink_pos\data\drink_pos_dev.db;data;transaction_items;148;"{""id"": 148, ""item_id"": 3, ""item_name_snapshot"": ""Limo"", ""item_short_label_snapshot"": ""Limo"", ""kind"": ""CONSUME"", ""person_id"": 32, ""profit_eur"": 0.55, ""purchase_total_eur"": 0.45, ""quantity"": 1, ""timestamp"": ""2026-05-05 16:45:58"", ""total_eur"": 1.0, ""transaction_id"": 197, ""unit_price_eur"": 1.0, ""unit_purchase_price_eur"": 0.45}"
2026-05-08_224617;C:\Users\Dani\Documents\CODEX-Projects\drink_pos\data\drink_pos_dev.db;data;transaction_items;149;"{""id"": 149, ""item_id"": 3, ""item_name_snapshot"": ""Limo"", ""item_short_label_snapshot"": ""Limo"", ""kind"": ""CONSUME"", ""person_id"": 32, ""profit_eur"": 0.55, ""purchase_total_eur"": 0.45, ""quantity"": 1, ""timestamp"": ""2026-05-05 16:45:58"", ""total_eur"": 1.0, ""transaction_id"": 198, ""unit_price_eur"": 1.0, ""unit_purchase_price_eur"": 0.45}"
2026-05-08_224617;C:\Users\Dani\Documents\CODEX-Projects\drink_pos\data\drink_pos_dev.db;data;transaction_items;150;"{""id"": 150, ""item_id"": 3, ""item_name_snapshot"": ""Limo"", ""item_short_label_snapshot"": ""Limo"", ""kind"": ""CONSUME"", ""person_id"": 32, ""profit_eur"": 0.55, ""purchase_total_eur"": 0.45, ""quantity"": 1, ""timestamp"": ""2026-05-05 16:45:58"", ""total_eur"": 1.0, ""transaction_id"": 199, ""unit_price_eur"": 1.0, ""unit_purchase_price_eur"": 0.45}"
2026-05-08_224617;C:\Users\Dani\Documents\CODEX-Projects\drink_pos\data\drink_pos_dev.db;data;transaction_items;151;"{""id"": 151, ""item_id"": 3, ""item_name_snapshot"": ""Limo"", ""item_short_label_snapshot"": ""Limo"", ""kind"": ""CONSUME"", ""person_id"": 32, ""profit_eur"": 0.55, ""purchase_total_eur"": 0.45, ""quantity"": 1, ""timestamp"": ""2026-05-05 16:45:58"", ""total_eur"": 1.0, ""transaction_id"": 200, ""unit_price_eur"": 1.0, ""unit_purchase_price_eur"": 0.45}"
2026-05-08_224617;C:\Users\Dani\Documents\CODEX-Projects\drink_pos\data\drink_pos_dev.db;data;transaction_items;152;"{""id"": 152, ""item_id"": 3, ""item_name_snapshot"": ""Limo"", ""item_short_label_snapshot"": ""Limo"", ""kind"": ""CONSUME"", ""person_id"": 32, ""profit_eur"": 0.55, ""purchase_total_eur"": 0.45, ""quantity"": 1, ""timestamp"": ""2026-05-05 16:45:58"", ""total_eur"": 1.0, ""transaction_id"": 201, ""unit_price_eur"": 1.0, ""unit_purchase_price_eur"": 0.45}"
2026-05-08_224617;C:\Users\Dani\Documents\CODEX-Projects\drink_pos\data\drink_pos_dev.db;data;transaction_items;153;"{""id"": 153, ""item_id"": 3, ""item_name_snapshot"": ""Limo"", ""item_short_label_snapshot"": ""Limo"", ""kind"": ""CONSUME"", ""person_id"": 32, ""profit_eur"": 0.55, ""purchase_total_eur"": 0.45, ""quantity"": 1, ""timestamp"": ""2026-05-05 16:45:59"", ""total_eur"": 1.0, ""transaction_id"": 202, ""unit_price_eur"": 1.0, ""unit_purchase_price_eur"": 0.45}"
2026-05-08_224617;C:\Users\Dani\Documents\CODEX-Projects\drink_pos\data\drink_pos_dev.db;data;transaction_items;154;"{""id"": 154, ""item_id"": 3, ""item_name_snapshot"": ""Limo"", ""item_short_label_snapshot"": ""Limo"", ""kind"": ""CONSUME"", ""person_id"": 32, ""profit_eur"": 0.55, ""purchase_total_eur"": 0.45, ""quantity"": 1, ""timestamp"": ""2026-05-05 16:45:59"", ""total_eur"": 1.0, ""transaction_id"": 203, ""unit_price_eur"": 1.0, ""unit_purchase_price_eur"": 0.45}"
2026-05-08_224617;C:\Users\Dani\Documents\CODEX-Projects\drink_pos\data\drink_pos_dev.db;data;transaction_items;155;"{""id"": 155, ""item_id"": 3, ""item_name_snapshot"": ""Limo"", ""item_short_label_snapshot"": ""Limo"", ""kind"": ""CONSUME"", ""person_id"": 32, ""profit_eur"": 0.55, ""purchase_total_eur"": 0.45, ""quantity"": 1, ""timestamp"": ""2026-05-05 16:45:59"", ""total_eur"": 1.0, ""transaction_id"": 204, ""unit_price_eur"": 1.0, ""unit_purchase_price_eur"": 0.45}"
2026-05-08_224617;C:\Users\Dani\Documents\CODEX-Projects\drink_pos\data\drink_pos_dev.db;data;transaction_items;156;"{""id"": 156, ""item_id"": 3, ""item_name_snapshot"": ""Limo"", ""item_short_label_snapshot"": ""Limo"", ""kind"": ""CONSUME"", ""person_id"": 32, ""profit_eur"": 0.55, ""purchase_total_eur"": 0.45, ""quantity"": 1, ""timestamp"": ""2026-05-05 16:45:59"", ""total_eur"": 1.0, ""transaction_id"": 205, ""unit_price_eur"": 1.0, ""unit_purchase_price_eur"": 0.45}"
2026-05-08_224617;C:\Users\Dani\Documents\CODEX-Projects\drink_pos\data\drink_pos_dev.db;data;transaction_items;157;"{""id"": 157, ""item_id"": 3, ""item_name_snapshot"": ""Limo"", ""item_short_label_snapshot"": ""Limo"", ""kind"": ""CONSUME"", ""person_id"": 32, ""profit_eur"": 0.55, ""purchase_total_eur"": 0.45, ""quantity"": 1, ""timestamp"": ""2026-05-05 16:45:59"", ""total_eur"": 1.0, ""transaction_id"": 206, ""unit_price_eur"": 1.0, ""unit_purchase_price_eur"": 0.45}"
2026-05-08_224617;C:\Users\Dani\Documents\CODEX-Projects\drink_pos\data\drink_pos_dev.db;data;transaction_items;158;"{""id"": 158, ""item_id"": 3, ""item_name_snapshot"": ""Limo"", ""item_short_label_snapshot"": ""Limo"", ""kind"": ""CONSUME"", ""person_id"": 32, ""profit_eur"": 0.55, ""purchase_total_eur"": 0.45, ""quantity"": 1, ""timestamp"": ""2026-05-05 16:45:59"", ""total_eur"": 1.0, ""transaction_id"": 207, ""unit_price_eur"": 1.0, ""unit_purchase_price_eur"": 0.45}"
2026-05-08_224617;C:\Users\Dani\Documents\CODEX-Projects\drink_pos\data\drink_pos_dev.db;data;transaction_items;159;"{""id"": 159, ""item_id"": 3, ""item_name_snapshot"": ""Limo"", ""item_short_label_snapshot"": ""Limo"", ""kind"": ""CONSUME"", ""person_id"": 32, ""profit_eur"": 0.55, ""purchase_total_eur"": 0.45, ""quantity"": 1, ""timestamp"": ""2026-05-05 16:46:00"", ""total_eur"": 1.0, ""transaction_id"": 208, ""unit_price_eur"": 1.0, ""unit_purchase_price_eur"": 0.45}"
2026-05-08_224617;C:\Users\Dani\Documents\CODEX-Projects\drink_pos\data\drink_pos_dev.db;data;transaction_items;160;"{""id"": 160, ""item_id"": 3, ""item_name_snapshot"": ""Limo"", ""item_short_label_snapshot"": ""Limo"", ""kind"": ""CONSUME"", ""person_id"": 32, ""profit_eur"": 0.55, ""purchase_total_eur"": 0.45, ""quantity"": 1, ""timestamp"": ""2026-05-05 16:46:00"", ""total_eur"": 1.0, ""transaction_id"": 209, ""unit_price_eur"": 1.0, ""unit_purchase_price_eur"": 0.45}"
2026-05-08_224617;C:\Users\Dani\Documents\CODEX-Projects\drink_pos\data\drink_pos_dev.db;data;transaction_items;161;"{""id"": 161, ""item_id"": 3, ""item_name_snapshot"": ""Limo"", ""item_short_label_snapshot"": ""Limo"", ""kind"": ""CONSUME"", ""person_id"": 32, ""profit_eur"": 0.55, ""purchase_total_eur"": 0.45, ""quantity"": 1, ""timestamp"": ""2026-05-05 16:46:00"", ""total_eur"": 1.0, ""transaction_id"": 210, ""unit_price_eur"": 1.0, ""unit_purchase_price_eur"": 0.45}"
2026-05-08_224617;C:\Users\Dani\Documents\CODEX-Projects\drink_pos\data\drink_pos_dev.db;data;transaction_items;162;"{""id"": 162, ""item_id"": 3, ""item_name_snapshot"": ""Limo"", ""item_short_label_snapshot"": ""Limo"", ""kind"": ""CONSUME"", ""person_id"": 32, ""profit_eur"": 0.55, ""purchase_total_eur"": 0.45, ""quantity"": 1, ""timestamp"": ""2026-05-05 16:46:00"", ""total_eur"": 1.0, ""transaction_id"": 211, ""unit_price_eur"": 1.0, ""unit_purchase_price_eur"": 0.45}"
2026-05-08_224617;C:\Users\Dani\Documents\CODEX-Projects\drink_pos\data\drink_pos_dev.db;data;transaction_items;163;"{""id"": 163, ""item_id"": 3, ""item_name_snapshot"": ""Limo"", ""item_short_label_snapshot"": ""Limo"", ""kind"": ""CONSUME"", ""person_id"": 32, ""profit_eur"": 0.55, ""purchase_total_eur"": 0.45, ""quantity"": 1, ""timestamp"": ""2026-05-05 16:46:00"", ""total_eur"": 1.0, ""transaction_id"": 212, ""unit_price_eur"": 1.0, ""unit_purchase_price_eur"": 0.45}"
2026-05-08_224617;C:\Users\Dani\Documents\CODEX-Projects\drink_pos\data\drink_pos_dev.db;data;transaction_items;164;"{""id"": 164, ""item_id"": 3, ""item_name_snapshot"": ""Limo"", ""item_short_label_snapshot"": ""Limo"", ""kind"": ""CONSUME"", ""person_id"": 32, ""profit_eur"": 0.55, ""purchase_total_eur"": 0.45, ""quantity"": 1, ""timestamp"": ""2026-05-05 16:46:00"", ""total_eur"": 1.0, ""transaction_id"": 213, ""unit_price_eur"": 1.0, ""unit_purchase_price_eur"": 0.45}"
2026-05-08_224617;C:\Users\Dani\Documents\CODEX-Projects\drink_pos\data\drink_pos_dev.db;data;transaction_items;165;"{""id"": 165, ""item_id"": 1, ""item_name_snapshot"": ""Bier gross"", ""item_short_label_snapshot"": ""Gross"", ""kind"": ""CONSUME"", ""person_id"": 32, ""profit_eur"": 1.1, ""purchase_total_eur"": 1.4, ""quantity"": 1, ""timestamp"": ""2026-05-05 16:46:01"", ""total_eur"": 2.5, ""transaction_id"": 214, ""unit_price_eur"": 2.5, ""unit_purchase_price_eur"": 1.4}"
2026-05-08_224617;C:\Users\Dani\Documents\CODEX-Projects\drink_pos\data\drink_pos_dev.db;data;transaction_items;166;"{""id"": 166, ""item_id"": 1, ""item_name_snapshot"": ""Bier gross"", ""item_short_label_snapshot"": ""Gross"", ""kind"": ""CONSUME"", ""person_id"": 32, ""profit_eur"": 1.1, ""purchase_total_eur"": 1.4, ""quantity"": 1, ""timestamp"": ""2026-05-05 16:46:01"", ""total_eur"": 2.5, ""transaction_id"": 215, ""unit_price_eur"": 2.5, ""unit_purchase_price_eur"": 1.4}"
2026-05-08_224617;C:\Users\Dani\Documents\CODEX-Projects\drink_pos\data\drink_pos_dev.db;data;transaction_items;167;"{""id"": 167, ""item_id"": 1, ""item_name_snapshot"": ""Bier gross"", ""item_short_label_snapshot"": ""Gross"", ""kind"": ""CONSUME"", ""person_id"": 32, ""profit_eur"": 1.1, ""purchase_total_eur"": 1.4, ""quantity"": 1, ""timestamp"": ""2026-05-05 16:46:01"", ""total_eur"": 2.5, ""transaction_id"": 216, ""unit_price_eur"": 2.5, ""unit_purchase_price_eur"": 1.4}"
2026-05-08_224617;C:\Users\Dani\Documents\CODEX-Projects\drink_pos\data\drink_pos_dev.db;data;transaction_items;168;"{""id"": 168, ""item_id"": 1, ""item_name_snapshot"": ""Bier gross"", ""item_short_label_snapshot"": ""Gross"", ""kind"": ""CONSUME"", ""person_id"": 32, ""profit_eur"": 1.1, ""purchase_total_eur"": 1.4, ""quantity"": 1, ""timestamp"": ""2026-05-05 16:46:01"", ""total_eur"": 2.5, ""transaction_id"": 217, ""unit_price_eur"": 2.5, ""unit_purchase_price_eur"": 1.4}"
2026-05-08_224617;C:\Users\Dani\Documents\CODEX-Projects\drink_pos\data\drink_pos_dev.db;data;transaction_items;169;"{""id"": 169, ""item_id"": 1, ""item_name_snapshot"": ""Bier gross"", ""item_short_label_snapshot"": ""Gross"", ""kind"": ""CONSUME"", ""person_id"": 32, ""profit_eur"": 1.1, ""purchase_total_eur"": 1.4, ""quantity"": 1, ""timestamp"": ""2026-05-05 16:46:02"", ""total_eur"": 2.5, ""transaction_id"": 218, ""unit_price_eur"": 2.5, ""unit_purchase_price_eur"": 1.4}"
2026-05-08_224617;C:\Users\Dani\Documents\CODEX-Projects\drink_pos\data\drink_pos_dev.db;data;transaction_items;170;"{""id"": 170, ""item_id"": 1, ""item_name_snapshot"": ""Bier gross"", ""item_short_label_snapshot"": ""Gross"", ""kind"": ""CONSUME"", ""person_id"": 32, ""profit_eur"": 1.1, ""purchase_total_eur"": 1.4, ""quantity"": 1, ""timestamp"": ""2026-05-05 16:46:02"", ""total_eur"": 2.5, ""transaction_id"": 219, ""unit_price_eur"": 2.5, ""unit_purchase_price_eur"": 1.4}"
2026-05-08_224617;C:\Users\Dani\Documents\CODEX-Projects\drink_pos\data\drink_pos_dev.db;data;transaction_items;171;"{""id"": 171, ""item_id"": 1, ""item_name_snapshot"": ""Bier gross"", ""item_short_label_snapshot"": ""Gross"", ""kind"": ""CONSUME"", ""person_id"": 32, ""profit_eur"": 1.1, ""purchase_total_eur"": 1.4, ""quantity"": 1, ""timestamp"": ""2026-05-05 16:46:02"", ""total_eur"": 2.5, ""transaction_id"": 220, ""unit_price_eur"": 2.5, ""unit_purchase_price_eur"": 1.4}"
2026-05-08_224617;C:\Users\Dani\Documents\CODEX-Projects\drink_pos\data\drink_pos_dev.db;data;transaction_items;172;"{""id"": 172, ""item_id"": 1, ""item_name_snapshot"": ""Bier gross"", ""item_short_label_snapshot"": ""Gross"", ""kind"": ""CONSUME"", ""person_id"": 32, ""profit_eur"": 1.1, ""purchase_total_eur"": 1.4, ""quantity"": 1, ""timestamp"": ""2026-05-05 16:46:02"", ""total_eur"": 2.5, ""transaction_id"": 221, ""unit_price_eur"": 2.5, ""unit_purchase_price_eur"": 1.4}"
2026-05-08_224617;C:\Users\Dani\Documents\CODEX-Projects\drink_pos\data\drink_pos_dev.db;data;transaction_items;173;"{""id"": 173, ""item_id"": 1, ""item_name_snapshot"": ""Bier gross"", ""item_short_label_snapshot"": ""Gross"", ""kind"": ""CONSUME"", ""person_id"": 32, ""profit_eur"": 1.1, ""purchase_total_eur"": 1.4, ""quantity"": 1, ""timestamp"": ""2026-05-05 16:46:02"", ""total_eur"": 2.5, ""transaction_id"": 222, ""unit_price_eur"": 2.5, ""unit_purchase_price_eur"": 1.4}"
2026-05-08_224617;C:\Users\Dani\Documents\CODEX-Projects\drink_pos\data\drink_pos_dev.db;data;transaction_items;174;"{""id"": 174, ""item_id"": 1, ""item_name_snapshot"": ""Bier gross"", ""item_short_label_snapshot"": ""Gross"", ""kind"": ""CONSUME"", ""person_id"": 32, ""profit_eur"": 1.1, ""purchase_total_eur"": 1.4, ""quantity"": 1, ""timestamp"": ""2026-05-05 16:46:02"", ""total_eur"": 2.5, ""transaction_id"": 223, ""unit_price_eur"": 2.5, ""unit_purchase_price_eur"": 1.4}"
2026-05-08_224617;C:\Users\Dani\Documents\CODEX-Projects\drink_pos\data\drink_pos_dev.db;data;transaction_items;175;"{""id"": 175, ""item_id"": 1, ""item_name_snapshot"": ""Bier gross"", ""item_short_label_snapshot"": ""Gross"", ""kind"": ""CONSUME"", ""person_id"": 32, ""profit_eur"": 1.1, ""purchase_total_eur"": 1.4, ""quantity"": 1, ""timestamp"": ""2026-05-05 16:46:03"", ""total_eur"": 2.5, ""transaction_id"": 224, ""unit_price_eur"": 2.5, ""unit_purchase_price_eur"": 1.4}"
2026-05-08_224617;C:\Users\Dani\Documents\CODEX-Projects\drink_pos\data\drink_pos_dev.db;data;transaction_items;176;"{""id"": 176, ""item_id"": 1, ""item_name_snapshot"": ""Bier gross"", ""item_short_label_snapshot"": ""Gross"", ""kind"": ""CONSUME"", ""person_id"": 32, ""profit_eur"": 1.1, ""purchase_total_eur"": 1.4, ""quantity"": 1, ""timestamp"": ""2026-05-05 16:46:03"", ""total_eur"": 2.5, ""transaction_id"": 225, ""unit_price_eur"": 2.5, ""unit_purchase_price_eur"": 1.4}"
2026-05-08_224617;C:\Users\Dani\Documents\CODEX-Projects\drink_pos\data\drink_pos_dev.db;data;transaction_items;177;"{""id"": 177, ""item_id"": 1, ""item_name_snapshot"": ""Bier gross"", ""item_short_label_snapshot"": ""Gross"", ""kind"": ""CONSUME"", ""person_id"": 32, ""profit_eur"": 1.1, ""purchase_total_eur"": 1.4, ""quantity"": 1, ""timestamp"": ""2026-05-05 16:46:03"", ""total_eur"": 2.5, ""transaction_id"": 226, ""unit_price_eur"": 2.5, ""unit_purchase_price_eur"": 1.4}"
2026-05-08_224617;C:\Users\Dani\Documents\CODEX-Projects\drink_pos\data\drink_pos_dev.db;data;transaction_items;178;"{""id"": 178, ""item_id"": 1, ""item_name_snapshot"": ""Bier gross"", ""item_short_label_snapshot"": ""Gross"", ""kind"": ""CONSUME"", ""person_id"": 32, ""profit_eur"": 1.1, ""purchase_total_eur"": 1.4, ""quantity"": 1, ""timestamp"": ""2026-05-05 16:46:03"", ""total_eur"": 2.5, ""transaction_id"": 227, ""unit_price_eur"": 2.5, ""unit_purchase_price_eur"": 1.4}"
2026-05-08_224617;C:\Users\Dani\Documents\CODEX-Projects\drink_pos\data\drink_pos_dev.db;data;transaction_items;179;"{""id"": 179, ""item_id"": 1, ""item_name_snapshot"": ""Bier gross"", ""item_short_label_snapshot"": ""Gross"", ""kind"": ""CONSUME"", ""person_id"": 32, ""profit_eur"": 1.1, ""purchase_total_eur"": 1.4, ""quantity"": 1, ""timestamp"": ""2026-05-05 16:46:03"", ""total_eur"": 2.5, ""transaction_id"": 228, ""unit_price_eur"": 2.5, ""unit_purchase_price_eur"": 1.4}"
2026-05-08_224617;C:\Users\Dani\Documents\CODEX-Projects\drink_pos\data\drink_pos_dev.db;data;transaction_items;180;"{""id"": 180, ""item_id"": 1, ""item_name_snapshot"": ""Bier gross"", ""item_short_label_snapshot"": ""Gross"", ""kind"": ""CONSUME"", ""person_id"": 32, ""profit_eur"": 1.1, ""purchase_total_eur"": 1.4, ""quantity"": 1, ""timestamp"": ""2026-05-05 16:46:03"", ""total_eur"": 2.5, ""transaction_id"": 229, ""unit_price_eur"": 2.5, ""unit_purchase_price_eur"": 1.4}"
2026-05-08_224617;C:\Users\Dani\Documents\CODEX-Projects\drink_pos\data\drink_pos_dev.db;data;transaction_items;181;"{""id"": 181, ""item_id"": 1, ""item_name_snapshot"": ""Bier gross"", ""item_short_label_snapshot"": ""Gross"", ""kind"": ""CONSUME"", ""person_id"": 32, ""profit_eur"": 1.1, ""purchase_total_eur"": 1.4, ""quantity"": 1, ""timestamp"": ""2026-05-05 16:46:04"", ""total_eur"": 2.5, ""transaction_id"": 230, ""unit_price_eur"": 2.5, ""unit_purchase_price_eur"": 1.4}"
2026-05-08_224617;C:\Users\Dani\Documents\CODEX-Projects\drink_pos\data\drink_pos_dev.db;data;transaction_items;182;"{""id"": 182, ""item_id"": 1, ""item_name_snapshot"": ""Bier gross"", ""item_short_label_snapshot"": ""Gross"", ""kind"": ""CONSUME"", ""person_id"": 32, ""profit_eur"": 1.1, ""purchase_total_eur"": 1.4, ""quantity"": 1, ""timestamp"": ""2026-05-05 16:46:04"", ""total_eur"": 2.5, ""transaction_id"": 231, ""unit_price_eur"": 2.5, ""unit_purchase_price_eur"": 1.4}"
2026-05-08_224617;C:\Users\Dani\Documents\CODEX-Projects\drink_pos\data\drink_pos_dev.db;data;transaction_items;183;"{""id"": 183, ""item_id"": 1, ""item_name_snapshot"": ""Bier gross"", ""item_short_label_snapshot"": ""Gross"", ""kind"": ""CONSUME"", ""person_id"": 32, ""profit_eur"": 1.1, ""purchase_total_eur"": 1.4, ""quantity"": 1, ""timestamp"": ""2026-05-05 16:46:04"", ""total_eur"": 2.5, ""transaction_id"": 232, ""unit_price_eur"": 2.5, ""unit_purchase_price_eur"": 1.4}"
2026-05-08_224617;C:\Users\Dani\Documents\CODEX-Projects\drink_pos\data\drink_pos_dev.db;data;transaction_items;184;"{""id"": 184, ""item_id"": 1, ""item_name_snapshot"": ""Bier gross"", ""item_short_label_snapshot"": ""Gross"", ""kind"": ""CONSUME"", ""person_id"": 32, ""profit_eur"": 1.1, ""purchase_total_eur"": 1.4, ""quantity"": 1, ""timestamp"": ""2026-05-05 16:46:04"", ""total_eur"": 2.5, ""transaction_id"": 233, ""unit_price_eur"": 2.5, ""unit_purchase_price_eur"": 1.4}"
2026-05-08_224617;C:\Users\Dani\Documents\CODEX-Projects\drink_pos\data\drink_pos_dev.db;data;transaction_items;185;"{""id"": 185, ""item_id"": 1, ""item_name_snapshot"": ""Bier gross"", ""item_short_label_snapshot"": ""Gross"", ""kind"": ""CONSUME"", ""person_id"": 32, ""profit_eur"": 1.1, ""purchase_total_eur"": 1.4, ""quantity"": 1, ""timestamp"": ""2026-05-05 16:46:04"", ""total_eur"": 2.5, ""transaction_id"": 234, ""unit_price_eur"": 2.5, ""unit_purchase_price_eur"": 1.4}"
2026-05-08_224617;C:\Users\Dani\Documents\CODEX-Projects\drink_pos\data\drink_pos_dev.db;data;transaction_items;186;"{""id"": 186, ""item_id"": 1, ""item_name_snapshot"": ""Bier gross"", ""item_short_label_snapshot"": ""Gross"", ""kind"": ""CONSUME"", ""person_id"": 32, ""profit_eur"": 1.1, ""purchase_total_eur"": 1.4, ""quantity"": 1, ""timestamp"": ""2026-05-05 16:46:04"", ""total_eur"": 2.5, ""transaction_id"": 235, ""unit_price_eur"": 2.5, ""unit_purchase_price_eur"": 1.4}"
2026-05-08_224617;C:\Users\Dani\Documents\CODEX-Projects\drink_pos\data\drink_pos_dev.db;data;transaction_items;187;"{""id"": 187, ""item_id"": 1, ""item_name_snapshot"": ""Bier gross"", ""item_short_label_snapshot"": ""Gross"", ""kind"": ""CONSUME"", ""person_id"": 32, ""profit_eur"": 1.1, ""purchase_total_eur"": 1.4, ""quantity"": 1, ""timestamp"": ""2026-05-05 16:46:05"", ""total_eur"": 2.5, ""transaction_id"": 236, ""unit_price_eur"": 2.5, ""unit_purchase_price_eur"": 1.4}"
2026-05-08_224617;C:\Users\Dani\Documents\CODEX-Projects\drink_pos\data\drink_pos_dev.db;data;transaction_items;188;"{""id"": 188, ""item_id"": 1, ""item_name_snapshot"": ""Bier gross"", ""item_short_label_snapshot"": ""Gross"", ""kind"": ""CONSUME"", ""person_id"": 32, ""profit_eur"": 1.1, ""purchase_total_eur"": 1.4, ""quantity"": 1, ""timestamp"": ""2026-05-05 16:46:05"", ""total_eur"": 2.5, ""transaction_id"": 237, ""unit_price_eur"": 2.5, ""unit_purchase_price_eur"": 1.4}"
2026-05-08_224617;C:\Users\Dani\Documents\CODEX-Projects\drink_pos\data\drink_pos_dev.db;data;transaction_items;189;"{""id"": 189, ""item_id"": 1, ""item_name_snapshot"": ""Bier gross"", ""item_short_label_snapshot"": ""Gross"", ""kind"": ""CONSUME"", ""person_id"": 32, ""profit_eur"": 1.1, ""purchase_total_eur"": 1.4, ""quantity"": 1, ""timestamp"": ""2026-05-05 16:46:05"", ""total_eur"": 2.5, ""transaction_id"": 238, ""unit_price_eur"": 2.5, ""unit_purchase_price_eur"": 1.4}"
2026-05-08_224617;C:\Users\Dani\Documents\CODEX-Projects\drink_pos\data\drink_pos_dev.db;data;transaction_items;190;"{""id"": 190, ""item_id"": 1, ""item_name_snapshot"": ""Bier gross"", ""item_short_label_snapshot"": ""Gross"", ""kind"": ""CONSUME"", ""person_id"": 32, ""profit_eur"": 1.1, ""purchase_total_eur"": 1.4, ""quantity"": 1, ""timestamp"": ""2026-05-05 16:46:05"", ""total_eur"": 2.5, ""transaction_id"": 239, ""unit_price_eur"": 2.5, ""unit_purchase_price_eur"": 1.4}"
2026-05-08_224617;C:\Users\Dani\Documents\CODEX-Projects\drink_pos\data\drink_pos_dev.db;data;transaction_items;191;"{""id"": 191, ""item_id"": 1, ""item_name_snapshot"": ""Bier gross"", ""item_short_label_snapshot"": ""Gross"", ""kind"": ""CONSUME"", ""person_id"": 32, ""profit_eur"": 1.1, ""purchase_total_eur"": 1.4, ""quantity"": 1, ""timestamp"": ""2026-05-05 16:46:05"", ""total_eur"": 2.5, ""transaction_id"": 240, ""unit_price_eur"": 2.5, ""unit_purchase_price_eur"": 1.4}"
2026-05-08_224617;C:\Users\Dani\Documents\CODEX-Projects\drink_pos\data\drink_pos_dev.db;data;transaction_items;192;"{""id"": 192, ""item_id"": 1, ""item_name_snapshot"": ""Bier gross"", ""item_short_label_snapshot"": ""Gross"", ""kind"": ""CONSUME"", ""person_id"": 32, ""profit_eur"": 1.1, ""purchase_total_eur"": 1.4, ""quantity"": 1, ""timestamp"": ""2026-05-05 16:46:05"", ""total_eur"": 2.5, ""transaction_id"": 241, ""unit_price_eur"": 2.5, ""unit_purchase_price_eur"": 1.4}"
2026-05-08_224617;C:\Users\Dani\Documents\CODEX-Projects\drink_pos\data\drink_pos_dev.db;data;transaction_items;193;"{""id"": 193, ""item_id"": 1, ""item_name_snapshot"": ""Bier gross"", ""item_short_label_snapshot"": ""Gross"", ""kind"": ""CONSUME"", ""person_id"": 32, ""profit_eur"": 1.1, ""purchase_total_eur"": 1.4, ""quantity"": 1, ""timestamp"": ""2026-05-05 16:46:06"", ""total_eur"": 2.5, ""transaction_id"": 242, ""unit_price_eur"": 2.5, ""unit_purchase_price_eur"": 1.4}"
2026-05-08_224617;C:\Users\Dani\Documents\CODEX-Projects\drink_pos\data\drink_pos_dev.db;data;transaction_items;194;"{""id"": 194, ""item_id"": 1, ""item_name_snapshot"": ""Bier gross"", ""item_short_label_snapshot"": ""Gross"", ""kind"": ""CONSUME"", ""person_id"": 32, ""profit_eur"": 1.1, ""purchase_total_eur"": 1.4, ""quantity"": 1, ""timestamp"": ""2026-05-05 16:46:06"", ""total_eur"": 2.5, ""transaction_id"": 243, ""unit_price_eur"": 2.5, ""unit_purchase_price_eur"": 1.4}"
2026-05-08_224617;C:\Users\Dani\Documents\CODEX-Projects\drink_pos\data\drink_pos_dev.db;data;transaction_items;195;"{""id"": 195, ""item_id"": 1, ""item_name_snapshot"": ""Bier gross"", ""item_short_label_snapshot"": ""Gross"", ""kind"": ""CONSUME"", ""person_id"": 32, ""profit_eur"": 1.1, ""purchase_total_eur"": 1.4, ""quantity"": 1, ""timestamp"": ""2026-05-05 16:46:06"", ""total_eur"": 2.5, ""transaction_id"": 244, ""unit_price_eur"": 2.5, ""unit_purchase_price_eur"": 1.4}"
2026-05-08_224617;C:\Users\Dani\Documents\CODEX-Projects\drink_pos\data\drink_pos_dev.db;data;transaction_items;196;"{""id"": 196, ""item_id"": 1, ""item_name_snapshot"": ""Bier gross"", ""item_short_label_snapshot"": ""Gross"", ""kind"": ""CONSUME"", ""person_id"": 32, ""profit_eur"": 1.1, ""purchase_total_eur"": 1.4, ""quantity"": 1, ""timestamp"": ""2026-05-05 16:46:06"", ""total_eur"": 2.5, ""transaction_id"": 245, ""unit_price_eur"": 2.5, ""unit_purchase_price_eur"": 1.4}"
2026-05-08_224617;C:\Users\Dani\Documents\CODEX-Projects\drink_pos\data\drink_pos_dev.db;data;transaction_items;197;"{""id"": 197, ""item_id"": 1, ""item_name_snapshot"": ""Bier gross"", ""item_short_label_snapshot"": ""Gross"", ""kind"": ""CONSUME"", ""person_id"": 32, ""profit_eur"": 1.1, ""purchase_total_eur"": 1.4, ""quantity"": 1, ""timestamp"": ""2026-05-05 16:46:06"", ""total_eur"": 2.5, ""transaction_id"": 246, ""unit_price_eur"": 2.5, ""unit_purchase_price_eur"": 1.4}"
2026-05-08_224617;C:\Users\Dani\Documents\CODEX-Projects\drink_pos\data\drink_pos_dev.db;data;transaction_items;198;"{""id"": 198, ""item_id"": 1, ""item_name_snapshot"": ""Bier gross"", ""item_short_label_snapshot"": ""Gross"", ""kind"": ""CONSUME"", ""person_id"": 32, ""profit_eur"": 1.1, ""purchase_total_eur"": 1.4, ""quantity"": 1, ""timestamp"": ""2026-05-05 16:46:07"", ""total_eur"": 2.5, ""transaction_id"": 247, ""unit_price_eur"": 2.5, ""unit_purchase_price_eur"": 1.4}"
2026-05-08_224617;C:\Users\Dani\Documents\CODEX-Projects\drink_pos\data\drink_pos_dev.db;data;transaction_items;199;"{""id"": 199, ""item_id"": 1, ""item_name_snapshot"": ""Bier gross"", ""item_short_label_snapshot"": ""Gross"", ""kind"": ""CONSUME"", ""person_id"": 32, ""profit_eur"": 1.1, ""purchase_total_eur"": 1.4, ""quantity"": 1, ""timestamp"": ""2026-05-05 16:46:07"", ""total_eur"": 2.5, ""transaction_id"": 248, ""unit_price_eur"": 2.5, ""unit_purchase_price_eur"": 1.4}"
2026-05-08_224617;C:\Users\Dani\Documents\CODEX-Projects\drink_pos\data\drink_pos_dev.db;data;transaction_items;200;"{""id"": 200, ""item_id"": 1, ""item_name_snapshot"": ""Bier gross"", ""item_short_label_snapshot"": ""Gross"", ""kind"": ""CONSUME"", ""person_id"": 32, ""profit_eur"": 1.1, ""purchase_total_eur"": 1.4, ""quantity"": 1, ""timestamp"": ""2026-05-05 16:46:07"", ""total_eur"": 2.5, ""transaction_id"": 249, ""unit_price_eur"": 2.5, ""unit_purchase_price_eur"": 1.4}"
2026-05-08_224617;C:\Users\Dani\Documents\CODEX-Projects\drink_pos\data\drink_pos_dev.db;data;transaction_items;201;"{""id"": 201, ""item_id"": 1, ""item_name_snapshot"": ""Bier gross"", ""item_short_label_snapshot"": ""Gross"", ""kind"": ""CONSUME"", ""person_id"": 32, ""profit_eur"": 1.1, ""purchase_total_eur"": 1.4, ""quantity"": 1, ""timestamp"": ""2026-05-05 16:46:07"", ""total_eur"": 2.5, ""transaction_id"": 250, ""unit_price_eur"": 2.5, ""unit_purchase_price_eur"": 1.4}"
2026-05-08_224617;C:\Users\Dani\Documents\CODEX-Projects\drink_pos\data\drink_pos_dev.db;data;transaction_items;202;"{""id"": 202, ""item_id"": 1, ""item_name_snapshot"": ""Bier gross"", ""item_short_label_snapshot"": ""Gross"", ""kind"": ""CONSUME"", ""person_id"": 32, ""profit_eur"": 1.1, ""purchase_total_eur"": 1.4, ""quantity"": 1, ""timestamp"": ""2026-05-05 16:46:07"", ""total_eur"": 2.5, ""transaction_id"": 251, ""unit_price_eur"": 2.5, ""unit_purchase_price_eur"": 1.4}"
2026-05-08_224617;C:\Users\Dani\Documents\CODEX-Projects\drink_pos\data\drink_pos_dev.db;data;transaction_items;203;"{""id"": 203, ""item_id"": 1, ""item_name_snapshot"": ""Bier gross"", ""item_short_label_snapshot"": ""Gross"", ""kind"": ""CONSUME"", ""person_id"": 32, ""profit_eur"": 1.1, ""purchase_total_eur"": 1.4, ""quantity"": 1, ""timestamp"": ""2026-05-05 16:46:07"", ""total_eur"": 2.5, ""transaction_id"": 252, ""unit_price_eur"": 2.5, ""unit_purchase_price_eur"": 1.4}"
2026-05-08_224617;C:\Users\Dani\Documents\CODEX-Projects\drink_pos\data\drink_pos_dev.db;data;transaction_items;204;"{""id"": 204, ""item_id"": 1, ""item_name_snapshot"": ""Bier gross"", ""item_short_label_snapshot"": ""Gross"", ""kind"": ""CONSUME"", ""person_id"": 32, ""profit_eur"": 1.1, ""purchase_total_eur"": 1.4, ""quantity"": 1, ""timestamp"": ""2026-05-05 16:46:08"", ""total_eur"": 2.5, ""transaction_id"": 253, ""unit_price_eur"": 2.5, ""unit_purchase_price_eur"": 1.4}"
2026-05-08_224617;C:\Users\Dani\Documents\CODEX-Projects\drink_pos\data\drink_pos_dev.db;data;transaction_items;205;"{""id"": 205, ""item_id"": 1, ""item_name_snapshot"": ""Bier gross"", ""item_short_label_snapshot"": ""Gross"", ""kind"": ""CONSUME"", ""person_id"": 32, ""profit_eur"": 1.1, ""purchase_total_eur"": 1.4, ""quantity"": 1, ""timestamp"": ""2026-05-05 16:46:08"", ""total_eur"": 2.5, ""transaction_id"": 254, ""unit_price_eur"": 2.5, ""unit_purchase_price_eur"": 1.4}"
2026-05-08_224617;C:\Users\Dani\Documents\CODEX-Projects\drink_pos\data\drink_pos_dev.db;data;transaction_items;206;"{""id"": 206, ""item_id"": 1, ""item_name_snapshot"": ""Bier gross"", ""item_short_label_snapshot"": ""Gross"", ""kind"": ""CONSUME"", ""person_id"": 32, ""profit_eur"": 1.1, ""purchase_total_eur"": 1.4, ""quantity"": 1, ""timestamp"": ""2026-05-05 16:46:08"", ""total_eur"": 2.5, ""transaction_id"": 255, ""unit_price_eur"": 2.5, ""unit_purchase_price_eur"": 1.4}"
2026-05-08_224617;C:\Users\Dani\Documents\CODEX-Projects\drink_pos\data\drink_pos_dev.db;data;transaction_items;207;"{""id"": 207, ""item_id"": 1, ""item_name_snapshot"": ""Bier gross"", ""item_short_label_snapshot"": ""Gross"", ""kind"": ""CONSUME"", ""person_id"": 32, ""profit_eur"": 1.1, ""purchase_total_eur"": 1.4, ""quantity"": 1, ""timestamp"": ""2026-05-05 16:46:08"", ""total_eur"": 2.5, ""transaction_id"": 256, ""unit_price_eur"": 2.5, ""unit_purchase_price_eur"": 1.4}"
2026-05-08_224617;C:\Users\Dani\Documents\CODEX-Projects\drink_pos\data\drink_pos_dev.db;data;transaction_items;208;"{""id"": 208, ""item_id"": 1, ""item_name_snapshot"": ""Bier gross"", ""item_short_label_snapshot"": ""Gross"", ""kind"": ""CONSUME"", ""person_id"": 32, ""profit_eur"": 1.1, ""purchase_total_eur"": 1.4, ""quantity"": 1, ""timestamp"": ""2026-05-05 16:46:08"", ""total_eur"": 2.5, ""transaction_id"": 257, ""unit_price_eur"": 2.5, ""unit_purchase_price_eur"": 1.4}"
2026-05-08_224617;C:\Users\Dani\Documents\CODEX-Projects\drink_pos\data\drink_pos_dev.db;data;transaction_items;209;"{""id"": 209, ""item_id"": 1, ""item_name_snapshot"": ""Bier gross"", ""item_short_label_snapshot"": ""Gross"", ""kind"": ""CONSUME"", ""person_id"": 32, ""profit_eur"": 1.1, ""purchase_total_eur"": 1.4, ""quantity"": 1, ""timestamp"": ""2026-05-05 16:46:09"", ""total_eur"": 2.5, ""transaction_id"": 258, ""unit_price_eur"": 2.5, ""unit_purchase_price_eur"": 1.4}"
2026-05-08_224617;C:\Users\Dani\Documents\CODEX-Projects\drink_pos\data\drink_pos_dev.db;data;transaction_items;210;"{""id"": 210, ""item_id"": 1, ""item_name_snapshot"": ""Bier gross"", ""item_short_label_snapshot"": ""Gross"", ""kind"": ""PAID_CASH"", ""person_id"": 32, ""profit_eur"": 63.8, ""purchase_total_eur"": 81.2, ""quantity"": 58, ""timestamp"": ""2026-05-05 17:08:40"", ""total_eur"": 145.0, ""transaction_id"": 332, ""unit_price_eur"": 2.5, ""unit_purchase_price_eur"": 1.4}"
2026-05-08_224617;C:\Users\Dani\Documents\CODEX-Projects\drink_pos\data\drink_pos_dev.db;data;transaction_items;211;"{""id"": 211, ""item_id"": 2, ""item_name_snapshot"": ""Bier klein"", ""item_short_label_snapshot"": ""Klein"", ""kind"": ""PAID_CASH"", ""person_id"": 32, ""profit_eur"": 9.6, ""purchase_total_eur"": 12.0, ""quantity"": 12, ""timestamp"": ""2026-05-05 17:08:40"", ""total_eur"": 21.6, ""transaction_id"": 332, ""unit_price_eur"": 1.8, ""unit_purchase_price_eur"": 1.0}"
2026-05-08_224617;C:\Users\Dani\Documents\CODEX-Projects\drink_pos\data\drink_pos_dev.db;data;transaction_items;212;"{""id"": 212, ""item_id"": 3, ""item_name_snapshot"": ""Limo"", ""item_short_label_snapshot"": ""Limo"", ""kind"": ""PAID_CASH"", ""person_id"": 32, ""profit_eur"": 0.55, ""purchase_total_eur"": 0.45, ""quantity"": 1, ""timestamp"": ""2026-05-05 17:08:40"", ""total_eur"": 1.0, ""transaction_id"": 332, ""unit_price_eur"": 1.0, ""unit_purchase_price_eur"": 0.45}"
2026-05-08_224617;C:\Users\Dani\Documents\CODEX-Projects\drink_pos\data\drink_pos_dev.db;data;transaction_items;213;"{""id"": 213, ""item_id"": 3, ""item_name_snapshot"": ""Limo"", ""item_short_label_snapshot"": ""Limo"", ""kind"": ""PAID_CASH"", ""person_id"": 32, ""profit_eur"": 18.7, ""purchase_total_eur"": 15.3, ""quantity"": 34, ""timestamp"": ""2026-05-05 17:08:40"", ""total_eur"": 34.0, ""transaction_id"": 332, ""unit_price_eur"": 1.0, ""unit_purchase_price_eur"": 0.45}"
2026-05-08_224617;C:\Users\Dani\Documents\CODEX-Projects\drink_pos\data\drink_pos_dev.db;data;transaction_items;214;"{""id"": 214, ""item_id"": 4, ""item_name_snapshot"": ""1 Runde"", ""item_short_label_snapshot"": ""Runde"", ""kind"": ""ROUND_REQUEST_APPROVED"", ""person_id"": 36, ""profit_eur"": 40.0, ""purchase_total_eur"": 0.0, ""quantity"": 1, ""timestamp"": ""2026-05-05 17:08:44"", ""total_eur"": 40.0, ""transaction_id"": 334, ""unit_price_eur"": 40.0, ""unit_purchase_price_eur"": 0.0}"
2026-05-08_224617;C:\Users\Dani\Documents\CODEX-Projects\drink_pos\data\drink_pos_dev.db;data;transaction_items;215;"{""id"": 215, ""item_id"": 4, ""item_name_snapshot"": ""1 Runde"", ""item_short_label_snapshot"": ""Runde"", ""kind"": ""ROUND_REQUEST_APPROVED"", ""person_id"": 36, ""profit_eur"": 40.0, ""purchase_total_eur"": 0.0, ""quantity"": 1, ""timestamp"": ""2026-05-05 17:08:45"", ""total_eur"": 40.0, ""transaction_id"": 335, ""unit_price_eur"": 40.0, ""unit_purchase_price_eur"": 0.0}"
2026-05-08_224617;C:\Users\Dani\Documents\CODEX-Projects\drink_pos\data\drink_pos_dev.db;data;transaction_items;216;"{""id"": 216, ""item_id"": 4, ""item_name_snapshot"": ""1 Runde"", ""item_short_label_snapshot"": ""Runde"", ""kind"": ""ROUND_REQUEST_APPROVED"", ""person_id"": 36, ""profit_eur"": 40.0, ""purchase_total_eur"": 0.0, ""quantity"": 1, ""timestamp"": ""2026-05-05 17:08:45"", ""total_eur"": 40.0, ""transaction_id"": 336, ""unit_price_eur"": 40.0, ""unit_purchase_price_eur"": 0.0}"
2026-05-08_224617;C:\Users\Dani\Documents\CODEX-Projects\drink_pos\data\drink_pos_dev.db;data;transaction_items;217;"{""id"": 217, ""item_id"": 1, ""item_name_snapshot"": ""Bier gross"", ""item_short_label_snapshot"": ""Gross"", ""kind"": ""PAID_CASH"", ""person_id"": 36, ""profit_eur"": 4.4, ""purchase_total_eur"": 5.6, ""quantity"": 4, ""timestamp"": ""2026-05-05 17:08:47"", ""total_eur"": 10.0, ""transaction_id"": 337, ""unit_price_eur"": 2.5, ""unit_purchase_price_eur"": 1.4}"
2026-05-08_224617;C:\Users\Dani\Documents\CODEX-Projects\drink_pos\data\drink_pos_dev.db;data;transaction_items;218;"{""id"": 218, ""item_id"": 4, ""item_name_snapshot"": ""1 Runde"", ""item_short_label_snapshot"": ""Runde"", ""kind"": ""PAID_CASH"", ""person_id"": 36, ""profit_eur"": 120.0, ""purchase_total_eur"": 0.0, ""quantity"": 3, ""timestamp"": ""2026-05-05 17:08:47"", ""total_eur"": 120.0, ""transaction_id"": 337, ""unit_price_eur"": 40.0, ""unit_purchase_price_eur"": 0.0}"
2026-05-08_224617;C:\Users\Dani\Documents\CODEX-Projects\drink_pos\data\drink_pos_dev.db;data;transaction_items;219;"{""id"": 219, ""item_id"": 2, ""item_name_snapshot"": ""Bier klein"", ""item_short_label_snapshot"": ""Klein"", ""kind"": ""PAID_CASH"", ""person_id"": 34, ""profit_eur"": 0.8, ""purchase_total_eur"": 1.0, ""quantity"": 1, ""timestamp"": ""2026-05-05 17:08:52"", ""total_eur"": 1.8, ""transaction_id"": 340, ""unit_price_eur"": 1.8, ""unit_purchase_price_eur"": 1.0}"
2026-05-08_224617;C:\Users\Dani\Documents\CODEX-Projects\drink_pos\data\drink_pos_dev.db;data;transaction_items;220;"{""id"": 220, ""item_id"": 3, ""item_name_snapshot"": ""Limo"", ""item_short_label_snapshot"": ""Limo"", ""kind"": ""PAID_CASH"", ""person_id"": 34, ""profit_eur"": 2.2, ""purchase_total_eur"": 1.8, ""quantity"": 4, ""timestamp"": ""2026-05-05 17:08:52"", ""total_eur"": 4.0, ""transaction_id"": 340, ""unit_price_eur"": 1.0, ""unit_purchase_price_eur"": 0.45}"
2026-05-08_224617;C:\Users\Dani\Documents\CODEX-Projects\drink_pos\data\drink_pos_dev.db;data;transaction_items;221;"{""id"": 221, ""item_id"": 4, ""item_name_snapshot"": ""1 Runde"", ""item_short_label_snapshot"": ""Runde"", ""kind"": ""ROUND_REQUEST_APPROVED"", ""person_id"": 35, ""profit_eur"": 40.0, ""purchase_total_eur"": 0.0, ""quantity"": 1, ""timestamp"": ""2026-05-05 17:09:17"", ""total_eur"": 40.0, ""transaction_id"": 346, ""unit_price_eur"": 40.0, ""unit_purchase_price_eur"": 0.0}"
2026-05-08_224617;C:\Users\Dani\Documents\CODEX-Projects\drink_pos\data\drink_pos_dev.db;data;transaction_items;222;"{""id"": 222, ""item_id"": 1, ""item_name_snapshot"": ""Bier gross"", ""item_short_label_snapshot"": ""Gross"", ""kind"": ""PAID_CASH"", ""person_id"": 35, ""profit_eur"": 1.1, ""purchase_total_eur"": 1.4, ""quantity"": 1, ""timestamp"": ""2026-05-05 17:09:22"", ""total_eur"": 2.5, ""transaction_id"": 347, ""unit_price_eur"": 2.5, ""unit_purchase_price_eur"": 1.4}"
2026-05-08_224617;C:\Users\Dani\Documents\CODEX-Projects\drink_pos\data\drink_pos_dev.db;data;transaction_items;223;"{""id"": 223, ""item_id"": 1, ""item_name_snapshot"": ""Bier gross"", ""item_short_label_snapshot"": ""Gross"", ""kind"": ""PAID_CASH"", ""person_id"": 35, ""profit_eur"": 2.2, ""purchase_total_eur"": 2.8, ""quantity"": 2, ""timestamp"": ""2026-05-05 17:09:22"", ""total_eur"": 5.0, ""transaction_id"": 347, ""unit_price_eur"": 2.5, ""unit_purchase_price_eur"": 1.4}"
2026-05-08_224617;C:\Users\Dani\Documents\CODEX-Projects\drink_pos\data\drink_pos_dev.db;data;transaction_items;224;"{""id"": 224, ""item_id"": 4, ""item_name_snapshot"": ""1 Runde"", ""item_short_label_snapshot"": ""Runde"", ""kind"": ""PAID_CASH"", ""person_id"": 35, ""profit_eur"": 40.0, ""purchase_total_eur"": 0.0, ""quantity"": 1, ""timestamp"": ""2026-05-05 17:09:22"", ""total_eur"": 40.0, ""transaction_id"": 347, ""unit_price_eur"": 40.0, ""unit_purchase_price_eur"": 0.0}"
2026-05-08_224617;C:\Users\Dani\Documents\CODEX-Projects\drink_pos\data\drink_pos_dev.db;data;transaction_items;225;"{""id"": 225, ""item_id"": 2, ""item_name_snapshot"": ""Bier klein"", ""item_short_label_snapshot"": ""Klein"", ""kind"": ""CONSUME"", ""person_id"": 1, ""profit_eur"": 0.8, ""purchase_total_eur"": 1.0, ""quantity"": 1, ""timestamp"": ""2026-05-05 19:19:35"", ""total_eur"": 1.8, ""transaction_id"": 358, ""unit_price_eur"": 1.8, ""unit_purchase_price_eur"": 1.0}"
2026-05-08_224617;C:\Users\Dani\Documents\CODEX-Projects\drink_pos\data\drink_pos_dev.db;data;transaction_items;226;"{""id"": 226, ""item_id"": 1, ""item_name_snapshot"": ""Bier gross"", ""item_short_label_snapshot"": ""Gross"", ""kind"": ""CONSUME"", ""person_id"": 2, ""profit_eur"": 1.1, ""purchase_total_eur"": 1.4, ""quantity"": 1, ""timestamp"": ""2026-05-05 19:20:55"", ""total_eur"": 2.5, ""transaction_id"": 365, ""unit_price_eur"": 2.5, ""unit_purchase_price_eur"": 1.4}"
2026-05-08_224617;C:\Users\Dani\Documents\CODEX-Projects\drink_pos\data\drink_pos_dev.db;data;transaction_items;227;"{""id"": 227, ""item_id"": 1, ""item_name_snapshot"": ""Bier gross"", ""item_short_label_snapshot"": ""Gross"", ""kind"": ""CONSUME"", ""person_id"": 2, ""profit_eur"": 1.1, ""purchase_total_eur"": 1.4, ""quantity"": 1, ""timestamp"": ""2026-05-05 19:20:56"", ""total_eur"": 2.5, ""transaction_id"": 366, ""unit_price_eur"": 2.5, ""unit_purchase_price_eur"": 1.4}"
2026-05-08_224617;C:\Users\Dani\Documents\CODEX-Projects\drink_pos\data\drink_pos_dev.db;data;transaction_items;228;"{""id"": 228, ""item_id"": 1, ""item_name_snapshot"": ""Bier gross"", ""item_short_label_snapshot"": ""Gross"", ""kind"": ""CONSUME"", ""person_id"": 2, ""profit_eur"": 1.1, ""purchase_total_eur"": 1.4, ""quantity"": 1, ""timestamp"": ""2026-05-05 19:20:56"", ""total_eur"": 2.5, ""transaction_id"": 367, ""unit_price_eur"": 2.5, ""unit_purchase_price_eur"": 1.4}"
2026-05-08_224617;C:\Users\Dani\Documents\CODEX-Projects\drink_pos\data\drink_pos_dev.db;data;transaction_items;229;"{""id"": 229, ""item_id"": 1, ""item_name_snapshot"": ""Bier gross"", ""item_short_label_snapshot"": ""Gross"", ""kind"": ""CONSUME"", ""person_id"": 2, ""profit_eur"": 1.1, ""purchase_total_eur"": 1.4, ""quantity"": 1, ""timestamp"": ""2026-05-05 19:20:57"", ""total_eur"": 2.5, ""transaction_id"": 368, ""unit_price_eur"": 2.5, ""unit_purchase_price_eur"": 1.4}"
2026-05-08_224617;C:\Users\Dani\Documents\CODEX-Projects\drink_pos\data\drink_pos_dev.db;data;transaction_items;230;"{""id"": 230, ""item_id"": 1, ""item_name_snapshot"": ""Bier gross"", ""item_short_label_snapshot"": ""Gross"", ""kind"": ""CONSUME"", ""person_id"": 2, ""profit_eur"": 1.1, ""purchase_total_eur"": 1.4, ""quantity"": 1, ""timestamp"": ""2026-05-05 19:20:57"", ""total_eur"": 2.5, ""transaction_id"": 369, ""unit_price_eur"": 2.5, ""unit_purchase_price_eur"": 1.4}"
2026-05-08_224617;C:\Users\Dani\Documents\CODEX-Projects\drink_pos\data\drink_pos_dev.db;data;transaction_items;231;"{""id"": 231, ""item_id"": 1, ""item_name_snapshot"": ""Bier gross"", ""item_short_label_snapshot"": ""Gross"", ""kind"": ""CONSUME"", ""person_id"": 2, ""profit_eur"": 1.1, ""purchase_total_eur"": 1.4, ""quantity"": 1, ""timestamp"": ""2026-05-05 19:20:57"", ""total_eur"": 2.5, ""transaction_id"": 370, ""unit_price_eur"": 2.5, ""unit_purchase_price_eur"": 1.4}"
2026-05-08_224617;C:\Users\Dani\Documents\CODEX-Projects\drink_pos\data\drink_pos_dev.db;data;transaction_items;232;"{""id"": 232, ""item_id"": 1, ""item_name_snapshot"": ""Bier gross"", ""item_short_label_snapshot"": ""Gross"", ""kind"": ""CONSUME"", ""person_id"": 2, ""profit_eur"": 1.1, ""purchase_total_eur"": 1.4, ""quantity"": 1, ""timestamp"": ""2026-05-05 19:20:57"", ""total_eur"": 2.5, ""transaction_id"": 371, ""unit_price_eur"": 2.5, ""unit_purchase_price_eur"": 1.4}"
2026-05-08_224617;C:\Users\Dani\Documents\CODEX-Projects\drink_pos\data\drink_pos_dev.db;data;transaction_items;233;"{""id"": 233, ""item_id"": 1, ""item_name_snapshot"": ""Bier gross"", ""item_short_label_snapshot"": ""Gross"", ""kind"": ""CONSUME"", ""person_id"": 2, ""profit_eur"": 1.1, ""purchase_total_eur"": 1.4, ""quantity"": 1, ""timestamp"": ""2026-05-05 19:20:57"", ""total_eur"": 2.5, ""transaction_id"": 372, ""unit_price_eur"": 2.5, ""unit_purchase_price_eur"": 1.4}"
2026-05-08_224617;C:\Users\Dani\Documents\CODEX-Projects\drink_pos\data\drink_pos_dev.db;data;transaction_items;234;"{""id"": 234, ""item_id"": 1, ""item_name_snapshot"": ""Bier gross"", ""item_short_label_snapshot"": ""Gross"", ""kind"": ""CONSUME"", ""person_id"": 2, ""profit_eur"": 1.1, ""purchase_total_eur"": 1.4, ""quantity"": 1, ""timestamp"": ""2026-05-05 19:20:57"", ""total_eur"": 2.5, ""transaction_id"": 373, ""unit_price_eur"": 2.5, ""unit_purchase_price_eur"": 1.4}"
2026-05-08_224617;C:\Users\Dani\Documents\CODEX-Projects\drink_pos\data\drink_pos_dev.db;data;transaction_items;235;"{""id"": 235, ""item_id"": 1, ""item_name_snapshot"": ""Bier gross"", ""item_short_label_snapshot"": ""Gross"", ""kind"": ""CONSUME"", ""person_id"": 2, ""profit_eur"": 1.1, ""purchase_total_eur"": 1.4, ""quantity"": 1, ""timestamp"": ""2026-05-05 19:20:58"", ""total_eur"": 2.5, ""transaction_id"": 374, ""unit_price_eur"": 2.5, ""unit_purchase_price_eur"": 1.4}"
2026-05-08_224617;C:\Users\Dani\Documents\CODEX-Projects\drink_pos\data\drink_pos_dev.db;data;transaction_items;236;"{""id"": 236, ""item_id"": 1, ""item_name_snapshot"": ""Bier gross"", ""item_short_label_snapshot"": ""Gross"", ""kind"": ""CONSUME"", ""person_id"": 2, ""profit_eur"": 1.1, ""purchase_total_eur"": 1.4, ""quantity"": 1, ""timestamp"": ""2026-05-05 19:20:58"", ""total_eur"": 2.5, ""transaction_id"": 375, ""unit_price_eur"": 2.5, ""unit_purchase_price_eur"": 1.4}"
2026-05-08_224617;C:\Users\Dani\Documents\CODEX-Projects\drink_pos\data\drink_pos_dev.db;data;transaction_items;237;"{""id"": 237, ""item_id"": 1, ""item_name_snapshot"": ""Bier gross"", ""item_short_label_snapshot"": ""Gross"", ""kind"": ""CONSUME"", ""person_id"": 2, ""profit_eur"": 1.1, ""purchase_total_eur"": 1.4, ""quantity"": 1, ""timestamp"": ""2026-05-05 19:20:58"", ""total_eur"": 2.5, ""transaction_id"": 376, ""unit_price_eur"": 2.5, ""unit_purchase_price_eur"": 1.4}"
2026-05-08_224617;C:\Users\Dani\Documents\CODEX-Projects\drink_pos\data\drink_pos_dev.db;data;transaction_items;238;"{""id"": 238, ""item_id"": 1, ""item_name_snapshot"": ""Bier gross"", ""item_short_label_snapshot"": ""Gross"", ""kind"": ""CONSUME"", ""person_id"": 2, ""profit_eur"": 1.1, ""purchase_total_eur"": 1.4, ""quantity"": 1, ""timestamp"": ""2026-05-05 19:20:58"", ""total_eur"": 2.5, ""transaction_id"": 377, ""unit_price_eur"": 2.5, ""unit_purchase_price_eur"": 1.4}"
2026-05-08_224617;C:\Users\Dani\Documents\CODEX-Projects\drink_pos\data\drink_pos_dev.db;data;transaction_items;239;"{""id"": 239, ""item_id"": 1, ""item_name_snapshot"": ""Bier gross"", ""item_short_label_snapshot"": ""Gross"", ""kind"": ""CONSUME"", ""person_id"": 2, ""profit_eur"": 1.1, ""purchase_total_eur"": 1.4, ""quantity"": 1, ""timestamp"": ""2026-05-05 19:20:58"", ""total_eur"": 2.5, ""transaction_id"": 378, ""unit_price_eur"": 2.5, ""unit_purchase_price_eur"": 1.4}"
2026-05-08_224617;C:\Users\Dani\Documents\CODEX-Projects\drink_pos\data\drink_pos_dev.db;data;transaction_items;240;"{""id"": 240, ""item_id"": 2, ""item_name_snapshot"": ""Bier klein"", ""item_short_label_snapshot"": ""Klein"", ""kind"": ""CONSUME"", ""person_id"": 2, ""profit_eur"": 0.8, ""purchase_total_eur"": 1.0, ""quantity"": 1, ""timestamp"": ""2026-05-05 19:20:59"", ""total_eur"": 1.8, ""transaction_id"": 379, ""unit_price_eur"": 1.8, ""unit_purchase_price_eur"": 1.0}"
2026-05-08_224617;C:\Users\Dani\Documents\CODEX-Projects\drink_pos\data\drink_pos_dev.db;data;transaction_items;241;"{""id"": 241, ""item_id"": 2, ""item_name_snapshot"": ""Bier klein"", ""item_short_label_snapshot"": ""Klein"", ""kind"": ""CONSUME"", ""person_id"": 2, ""profit_eur"": 0.8, ""purchase_total_eur"": 1.0, ""quantity"": 1, ""timestamp"": ""2026-05-05 19:20:59"", ""total_eur"": 1.8, ""transaction_id"": 380, ""unit_price_eur"": 1.8, ""unit_purchase_price_eur"": 1.0}"
2026-05-08_224617;C:\Users\Dani\Documents\CODEX-Projects\drink_pos\data\drink_pos_dev.db;data;transaction_items;242;"{""id"": 242, ""item_id"": 2, ""item_name_snapshot"": ""Bier klein"", ""item_short_label_snapshot"": ""Klein"", ""kind"": ""CONSUME"", ""person_id"": 2, ""profit_eur"": 0.8, ""purchase_total_eur"": 1.0, ""quantity"": 1, ""timestamp"": ""2026-05-05 19:20:59"", ""total_eur"": 1.8, ""transaction_id"": 381, ""unit_price_eur"": 1.8, ""unit_purchase_price_eur"": 1.0}"
2026-05-08_224617;C:\Users\Dani\Documents\CODEX-Projects\drink_pos\data\drink_pos_dev.db;data;transaction_items;243;"{""id"": 243, ""item_id"": 3, ""item_name_snapshot"": ""Limo"", ""item_short_label_snapshot"": ""Limo"", ""kind"": ""CONSUME"", ""person_id"": 2, ""profit_eur"": 0.55, ""purchase_total_eur"": 0.45, ""quantity"": 1, ""timestamp"": ""2026-05-05 19:21:00"", ""total_eur"": 1.0, ""transaction_id"": 382, ""unit_price_eur"": 1.0, ""unit_purchase_price_eur"": 0.45}"
2026-05-08_224617;C:\Users\Dani\Documents\CODEX-Projects\drink_pos\data\drink_pos_dev.db;data;transaction_items;244;"{""id"": 244, ""item_id"": 3, ""item_name_snapshot"": ""Limo"", ""item_short_label_snapshot"": ""Limo"", ""kind"": ""CONSUME"", ""person_id"": 2, ""profit_eur"": 0.55, ""purchase_total_eur"": 0.45, ""quantity"": 1, ""timestamp"": ""2026-05-05 19:21:00"", ""total_eur"": 1.0, ""transaction_id"": 383, ""unit_price_eur"": 1.0, ""unit_purchase_price_eur"": 0.45}"
2026-05-08_224617;C:\Users\Dani\Documents\CODEX-Projects\drink_pos\data\drink_pos_dev.db;data;transaction_items;245;"{""id"": 245, ""item_id"": 3, ""item_name_snapshot"": ""Limo"", ""item_short_label_snapshot"": ""Limo"", ""kind"": ""CONSUME"", ""person_id"": 2, ""profit_eur"": 0.55, ""purchase_total_eur"": 0.45, ""quantity"": 1, ""timestamp"": ""2026-05-05 19:21:00"", ""total_eur"": 1.0, ""transaction_id"": 384, ""unit_price_eur"": 1.0, ""unit_purchase_price_eur"": 0.45}"
2026-05-08_224617;C:\Users\Dani\Documents\CODEX-Projects\drink_pos\data\drink_pos_dev.db;data;transaction_items;246;"{""id"": 246, ""item_id"": 1, ""item_name_snapshot"": ""Bier gross"", ""item_short_label_snapshot"": ""Gross"", ""kind"": ""CONSUME"", ""person_id"": 5, ""profit_eur"": 1.1, ""purchase_total_eur"": 1.4, ""quantity"": 1, ""timestamp"": ""2026-05-05 19:54:54"", ""total_eur"": 2.5, ""transaction_id"": 475, ""unit_price_eur"": 2.5, ""unit_purchase_price_eur"": 1.4}"
2026-05-08_224617;C:\Users\Dani\Documents\CODEX-Projects\drink_pos\data\drink_pos_dev.db;data;transaction_items;247;"{""id"": 247, ""item_id"": 2, ""item_name_snapshot"": ""Bier klein"", ""item_short_label_snapshot"": ""Klein"", ""kind"": ""CONSUME"", ""person_id"": 5, ""profit_eur"": 0.8, ""purchase_total_eur"": 1.0, ""quantity"": 1, ""timestamp"": ""2026-05-05 19:54:54"", ""total_eur"": 1.8, ""transaction_id"": 476, ""unit_price_eur"": 1.8, ""unit_purchase_price_eur"": 1.0}"
2026-05-08_224617;C:\Users\Dani\Documents\CODEX-Projects\drink_pos\data\drink_pos_dev.db;data;transaction_items;248;"{""id"": 248, ""item_id"": 3, ""item_name_snapshot"": ""Limo"", ""item_short_label_snapshot"": ""Limo"", ""kind"": ""CONSUME"", ""person_id"": 5, ""profit_eur"": 0.55, ""purchase_total_eur"": 0.45, ""quantity"": 1, ""timestamp"": ""2026-05-05 19:54:55"", ""total_eur"": 1.0, ""transaction_id"": 477, ""unit_price_eur"": 1.0, ""unit_purchase_price_eur"": 0.45}"
2026-05-08_224617;C:\Users\Dani\Documents\CODEX-Projects\drink_pos\data\drink_pos_dev.db;data;transaction_items;249;"{""id"": 249, ""item_id"": 1, ""item_name_snapshot"": ""Bier gross"", ""item_short_label_snapshot"": ""Gross"", ""kind"": ""CONSUME"", ""person_id"": 5, ""profit_eur"": 1.1, ""purchase_total_eur"": 1.4, ""quantity"": 1, ""timestamp"": ""2026-05-05 19:54:55"", ""total_eur"": 2.5, ""transaction_id"": 478, ""unit_price_eur"": 2.5, ""unit_purchase_price_eur"": 1.4}"
2026-05-08_224617;C:\Users\Dani\Documents\CODEX-Projects\drink_pos\data\drink_pos_dev.db;data;transaction_items;250;"{""id"": 250, ""item_id"": 2, ""item_name_snapshot"": ""Bier klein"", ""item_short_label_snapshot"": ""Klein"", ""kind"": ""CONSUME"", ""person_id"": 5, ""profit_eur"": 0.8, ""purchase_total_eur"": 1.0, ""quantity"": 1, ""timestamp"": ""2026-05-05 19:54:55"", ""total_eur"": 1.8, ""transaction_id"": 479, ""unit_price_eur"": 1.8, ""unit_purchase_price_eur"": 1.0}"
2026-05-08_224617;C:\Users\Dani\Documents\CODEX-Projects\drink_pos\data\drink_pos_dev.db;data;transaction_items;251;"{""id"": 251, ""item_id"": 3, ""item_name_snapshot"": ""Limo"", ""item_short_label_snapshot"": ""Limo"", ""kind"": ""CONSUME"", ""person_id"": 5, ""profit_eur"": 0.55, ""purchase_total_eur"": 0.45, ""quantity"": 1, ""timestamp"": ""2026-05-05 19:54:56"", ""total_eur"": 1.0, ""transaction_id"": 480, ""unit_price_eur"": 1.0, ""unit_purchase_price_eur"": 0.45}"
2026-05-08_224617;C:\Users\Dani\Documents\CODEX-Projects\drink_pos\data\drink_pos_dev.db;data;transaction_items;252;"{""id"": 252, ""item_id"": 2, ""item_name_snapshot"": ""Bier klein"", ""item_short_label_snapshot"": ""Klein"", ""kind"": ""CONSUME"", ""person_id"": 5, ""profit_eur"": 0.8, ""purchase_total_eur"": 1.0, ""quantity"": 1, ""timestamp"": ""2026-05-05 19:54:56"", ""total_eur"": 1.8, ""transaction_id"": 481, ""unit_price_eur"": 1.8, ""unit_purchase_price_eur"": 1.0}"
2026-05-08_224617;C:\Users\Dani\Documents\CODEX-Projects\drink_pos\data\drink_pos_dev.db;data;transaction_items;253;"{""id"": 253, ""item_id"": 2, ""item_name_snapshot"": ""Bier klein"", ""item_short_label_snapshot"": ""Klein"", ""kind"": ""CONSUME"", ""person_id"": 5, ""profit_eur"": 0.8, ""purchase_total_eur"": 1.0, ""quantity"": 1, ""timestamp"": ""2026-05-05 19:54:56"", ""total_eur"": 1.8, ""transaction_id"": 482, ""unit_price_eur"": 1.8, ""unit_purchase_price_eur"": 1.0}"
2026-05-08_224617;C:\Users\Dani\Documents\CODEX-Projects\drink_pos\data\drink_pos_dev.db;data;transaction_items;254;"{""id"": 254, ""item_id"": 2, ""item_name_snapshot"": ""Bier klein"", ""item_short_label_snapshot"": ""Klein"", ""kind"": ""CONSUME"", ""person_id"": 5, ""profit_eur"": 0.8, ""purchase_total_eur"": 1.0, ""quantity"": 1, ""timestamp"": ""2026-05-05 19:54:56"", ""total_eur"": 1.8, ""transaction_id"": 483, ""unit_price_eur"": 1.8, ""unit_purchase_price_eur"": 1.0}"
2026-05-08_224617;C:\Users\Dani\Documents\CODEX-Projects\drink_pos\data\drink_pos_dev.db;data;transaction_items;255;"{""id"": 255, ""item_id"": 2, ""item_name_snapshot"": ""Bier klein"", ""item_short_label_snapshot"": ""Klein"", ""kind"": ""CONSUME"", ""person_id"": 5, ""profit_eur"": 0.8, ""purchase_total_eur"": 1.0, ""quantity"": 1, ""timestamp"": ""2026-05-05 19:54:57"", ""total_eur"": 1.8, ""transaction_id"": 484, ""unit_price_eur"": 1.8, ""unit_purchase_price_eur"": 1.0}"
2026-05-08_224617;C:\Users\Dani\Documents\CODEX-Projects\drink_pos\data\drink_pos_dev.db;data;transaction_items;256;"{""id"": 256, ""item_id"": 2, ""item_name_snapshot"": ""Bier klein"", ""item_short_label_snapshot"": ""Klein"", ""kind"": ""CONSUME"", ""person_id"": 5, ""profit_eur"": 0.8, ""purchase_total_eur"": 1.0, ""quantity"": 1, ""timestamp"": ""2026-05-05 19:54:57"", ""total_eur"": 1.8, ""transaction_id"": 485, ""unit_price_eur"": 1.8, ""unit_purchase_price_eur"": 1.0}"
2026-05-08_224617;C:\Users\Dani\Documents\CODEX-Projects\drink_pos\data\drink_pos_dev.db;data;transaction_items;257;"{""id"": 257, ""item_id"": 2, ""item_name_snapshot"": ""Bier klein"", ""item_short_label_snapshot"": ""Klein"", ""kind"": ""CONSUME"", ""person_id"": 5, ""profit_eur"": 0.8, ""purchase_total_eur"": 1.0, ""quantity"": 1, ""timestamp"": ""2026-05-05 19:54:57"", ""total_eur"": 1.8, ""transaction_id"": 486, ""unit_price_eur"": 1.8, ""unit_purchase_price_eur"": 1.0}"
2026-05-08_224617;C:\Users\Dani\Documents\CODEX-Projects\drink_pos\data\drink_pos_dev.db;data;transaction_items;258;"{""id"": 258, ""item_id"": 2, ""item_name_snapshot"": ""Bier klein"", ""item_short_label_snapshot"": ""Klein"", ""kind"": ""CONSUME"", ""person_id"": 5, ""profit_eur"": 0.8, ""purchase_total_eur"": 1.0, ""quantity"": 1, ""timestamp"": ""2026-05-05 19:54:57"", ""total_eur"": 1.8, ""transaction_id"": 487, ""unit_price_eur"": 1.8, ""unit_purchase_price_eur"": 1.0}"
2026-05-08_224617;C:\Users\Dani\Documents\CODEX-Projects\drink_pos\data\drink_pos_dev.db;data;transaction_items;259;"{""id"": 259, ""item_id"": 2, ""item_name_snapshot"": ""Bier klein"", ""item_short_label_snapshot"": ""Klein"", ""kind"": ""CONSUME"", ""person_id"": 5, ""profit_eur"": 0.8, ""purchase_total_eur"": 1.0, ""quantity"": 1, ""timestamp"": ""2026-05-05 19:54:58"", ""total_eur"": 1.8, ""transaction_id"": 488, ""unit_price_eur"": 1.8, ""unit_purchase_price_eur"": 1.0}"
2026-05-08_224617;C:\Users\Dani\Documents\CODEX-Projects\drink_pos\data\drink_pos_dev.db;data;transaction_items;260;"{""id"": 260, ""item_id"": 2, ""item_name_snapshot"": ""Bier klein"", ""item_short_label_snapshot"": ""Klein"", ""kind"": ""CONSUME"", ""person_id"": 5, ""profit_eur"": 0.8, ""purchase_total_eur"": 1.0, ""quantity"": 1, ""timestamp"": ""2026-05-05 19:54:58"", ""total_eur"": 1.8, ""transaction_id"": 489, ""unit_price_eur"": 1.8, ""unit_purchase_price_eur"": 1.0}"
2026-05-08_224617;C:\Users\Dani\Documents\CODEX-Projects\drink_pos\data\drink_pos_dev.db;data;transaction_items;261;"{""id"": 261, ""item_id"": 1, ""item_name_snapshot"": ""Bier gross"", ""item_short_label_snapshot"": ""Gross"", ""kind"": ""CONSUME"", ""person_id"": 5, ""profit_eur"": 1.1, ""purchase_total_eur"": 1.4, ""quantity"": 1, ""timestamp"": ""2026-05-05 19:54:58"", ""total_eur"": 2.5, ""transaction_id"": 490, ""unit_price_eur"": 2.5, ""unit_purchase_price_eur"": 1.4}"
2026-05-08_224617;C:\Users\Dani\Documents\CODEX-Projects\drink_pos\data\drink_pos_dev.db;data;transaction_items;262;"{""id"": 262, ""item_id"": 1, ""item_name_snapshot"": ""Bier gross"", ""item_short_label_snapshot"": ""Gross"", ""kind"": ""CONSUME"", ""person_id"": 5, ""profit_eur"": 1.1, ""purchase_total_eur"": 1.4, ""quantity"": 1, ""timestamp"": ""2026-05-05 19:54:58"", ""total_eur"": 2.5, ""transaction_id"": 491, ""unit_price_eur"": 2.5, ""unit_purchase_price_eur"": 1.4}"
2026-05-08_224617;C:\Users\Dani\Documents\CODEX-Projects\drink_pos\data\drink_pos_dev.db;data;transaction_items;263;"{""id"": 263, ""item_id"": 1, ""item_name_snapshot"": ""Bier gross"", ""item_short_label_snapshot"": ""Gross"", ""kind"": ""CONSUME"", ""person_id"": 5, ""profit_eur"": 1.1, ""purchase_total_eur"": 1.4, ""quantity"": 1, ""timestamp"": ""2026-05-05 19:54:59"", ""total_eur"": 2.5, ""transaction_id"": 492, ""unit_price_eur"": 2.5, ""unit_purchase_price_eur"": 1.4}"
2026-05-08_224617;C:\Users\Dani\Documents\CODEX-Projects\drink_pos\data\drink_pos_dev.db;data;transaction_items;264;"{""id"": 264, ""item_id"": 1, ""item_name_snapshot"": ""Bier gross"", ""item_short_label_snapshot"": ""Gross"", ""kind"": ""CONSUME"", ""person_id"": 5, ""profit_eur"": 1.1, ""purchase_total_eur"": 1.4, ""quantity"": 1, ""timestamp"": ""2026-05-05 19:54:59"", ""total_eur"": 2.5, ""transaction_id"": 493, ""unit_price_eur"": 2.5, ""unit_purchase_price_eur"": 1.4}"
2026-05-08_224617;C:\Users\Dani\Documents\CODEX-Projects\drink_pos\data\drink_pos_dev.db;data;transaction_items;265;"{""id"": 265, ""item_id"": 3, ""item_name_snapshot"": ""Limo"", ""item_short_label_snapshot"": ""Limo"", ""kind"": ""CONSUME"", ""person_id"": 5, ""profit_eur"": 0.55, ""purchase_total_eur"": 0.45, ""quantity"": 1, ""timestamp"": ""2026-05-05 19:54:59"", ""total_eur"": 1.0, ""transaction_id"": 494, ""unit_price_eur"": 1.0, ""unit_purchase_price_eur"": 0.45}"
2026-05-08_224617;C:\Users\Dani\Documents\CODEX-Projects\drink_pos\data\drink_pos_dev.db;data;transaction_items;266;"{""id"": 266, ""item_id"": 3, ""item_name_snapshot"": ""Limo"", ""item_short_label_snapshot"": ""Limo"", ""kind"": ""CONSUME"", ""person_id"": 5, ""profit_eur"": 0.55, ""purchase_total_eur"": 0.45, ""quantity"": 1, ""timestamp"": ""2026-05-05 19:54:59"", ""total_eur"": 1.0, ""transaction_id"": 495, ""unit_price_eur"": 1.0, ""unit_purchase_price_eur"": 0.45}"
2026-05-08_224617;C:\Users\Dani\Documents\CODEX-Projects\drink_pos\data\drink_pos_dev.db;data;transaction_items;267;"{""id"": 267, ""item_id"": 3, ""item_name_snapshot"": ""Limo"", ""item_short_label_snapshot"": ""Limo"", ""kind"": ""CONSUME"", ""person_id"": 5, ""profit_eur"": 0.55, ""purchase_total_eur"": 0.45, ""quantity"": 1, ""timestamp"": ""2026-05-05 19:55:00"", ""total_eur"": 1.0, ""transaction_id"": 496, ""unit_price_eur"": 1.0, ""unit_purchase_price_eur"": 0.45}"
2026-05-08_224617;C:\Users\Dani\Documents\CODEX-Projects\drink_pos\data\drink_pos_dev.db;data;transaction_items;268;"{""id"": 268, ""item_id"": 3, ""item_name_snapshot"": ""Limo"", ""item_short_label_snapshot"": ""Limo"", ""kind"": ""CONSUME"", ""person_id"": 5, ""profit_eur"": 0.55, ""purchase_total_eur"": 0.45, ""quantity"": 1, ""timestamp"": ""2026-05-05 19:55:00"", ""total_eur"": 1.0, ""transaction_id"": 497, ""unit_price_eur"": 1.0, ""unit_purchase_price_eur"": 0.45}"
2026-05-08_224617;C:\Users\Dani\Documents\CODEX-Projects\drink_pos\data\drink_pos_dev.db;data;transaction_items;269;"{""id"": 269, ""item_id"": 3, ""item_name_snapshot"": ""Limo"", ""item_short_label_snapshot"": ""Limo"", ""kind"": ""CONSUME"", ""person_id"": 5, ""profit_eur"": 0.55, ""purchase_total_eur"": 0.45, ""quantity"": 1, ""timestamp"": ""2026-05-05 19:55:00"", ""total_eur"": 1.0, ""transaction_id"": 498, ""unit_price_eur"": 1.0, ""unit_purchase_price_eur"": 0.45}"
2026-05-08_224617;C:\Users\Dani\Documents\CODEX-Projects\drink_pos\data\drink_pos_dev.db;data;transaction_items;270;"{""id"": 270, ""item_id"": 3, ""item_name_snapshot"": ""Limo"", ""item_short_label_snapshot"": ""Limo"", ""kind"": ""CONSUME"", ""person_id"": 5, ""profit_eur"": 0.55, ""purchase_total_eur"": 0.45, ""quantity"": 1, ""timestamp"": ""2026-05-05 19:55:00"", ""total_eur"": 1.0, ""transaction_id"": 499, ""unit_price_eur"": 1.0, ""unit_purchase_price_eur"": 0.45}"
2026-05-08_224617;C:\Users\Dani\Documents\CODEX-Projects\drink_pos\data\drink_pos_dev.db;data;transaction_items;271;"{""id"": 271, ""item_id"": 3, ""item_name_snapshot"": ""Limo"", ""item_short_label_snapshot"": ""Limo"", ""kind"": ""CONSUME"", ""person_id"": 5, ""profit_eur"": 0.55, ""purchase_total_eur"": 0.45, ""quantity"": 1, ""timestamp"": ""2026-05-05 19:55:00"", ""total_eur"": 1.0, ""transaction_id"": 500, ""unit_price_eur"": 1.0, ""unit_purchase_price_eur"": 0.45}"
2026-05-08_224617;C:\Users\Dani\Documents\CODEX-Projects\drink_pos\data\drink_pos_dev.db;data;transaction_items;272;"{""id"": 272, ""item_id"": 3, ""item_name_snapshot"": ""Limo"", ""item_short_label_snapshot"": ""Limo"", ""kind"": ""CONSUME"", ""person_id"": 5, ""profit_eur"": 0.55, ""purchase_total_eur"": 0.45, ""quantity"": 1, ""timestamp"": ""2026-05-05 19:55:01"", ""total_eur"": 1.0, ""transaction_id"": 501, ""unit_price_eur"": 1.0, ""unit_purchase_price_eur"": 0.45}"
2026-05-08_224617;C:\Users\Dani\Documents\CODEX-Projects\drink_pos\data\drink_pos_dev.db;data;transaction_items;273;"{""id"": 273, ""item_id"": 2, ""item_name_snapshot"": ""Bier klein"", ""item_short_label_snapshot"": ""Klein"", ""kind"": ""CONSUME"", ""person_id"": 61, ""profit_eur"": 0.8, ""purchase_total_eur"": 1.0, ""quantity"": 1, ""timestamp"": ""2026-05-05 19:56:45"", ""total_eur"": 1.8, ""transaction_id"": 508, ""unit_price_eur"": 1.8, ""unit_purchase_price_eur"": 1.0}"
2026-05-08_224617;C:\Users\Dani\Documents\CODEX-Projects\drink_pos\data\drink_pos_dev.db;data;transaction_items;274;"{""id"": 274, ""item_id"": 1, ""item_name_snapshot"": ""Bier gross"", ""item_short_label_snapshot"": ""Gross"", ""kind"": ""CONSUME"", ""person_id"": 61, ""profit_eur"": 1.1, ""purchase_total_eur"": 1.4, ""quantity"": 1, ""timestamp"": ""2026-05-05 19:56:46"", ""total_eur"": 2.5, ""transaction_id"": 509, ""unit_price_eur"": 2.5, ""unit_purchase_price_eur"": 1.4}"
2026-05-08_224617;C:\Users\Dani\Documents\CODEX-Projects\drink_pos\data\drink_pos_dev.db;data;transaction_items;275;"{""id"": 275, ""item_id"": 4, ""item_name_snapshot"": ""1 Runde"", ""item_short_label_snapshot"": ""Runde"", ""kind"": ""CONSUME"", ""person_id"": 61, ""profit_eur"": 40.0, ""purchase_total_eur"": 0.0, ""quantity"": 1, ""timestamp"": ""2026-05-05 19:56:46"", ""total_eur"": 40.0, ""transaction_id"": 510, ""unit_price_eur"": 40.0, ""unit_purchase_price_eur"": 0.0}"
2026-05-08_224617;C:\Users\Dani\Documents\CODEX-Projects\drink_pos\data\drink_pos_dev.db;data;transaction_items;276;"{""id"": 276, ""item_id"": 1, ""item_name_snapshot"": ""Bier gross"", ""item_short_label_snapshot"": ""Gross"", ""kind"": ""CONSUME"", ""person_id"": 55, ""profit_eur"": 1.1, ""purchase_total_eur"": 1.4, ""quantity"": 1, ""timestamp"": ""2026-05-05 19:58:49"", ""total_eur"": 2.5, ""transaction_id"": 519, ""unit_price_eur"": 2.5, ""unit_purchase_price_eur"": 1.4}"
2026-05-08_224617;C:\Users\Dani\Documents\CODEX-Projects\drink_pos\data\drink_pos_dev.db;data;transaction_items;277;"{""id"": 277, ""item_id"": 2, ""item_name_snapshot"": ""Bier klein"", ""item_short_label_snapshot"": ""Klein"", ""kind"": ""CONSUME"", ""person_id"": 55, ""profit_eur"": 0.8, ""purchase_total_eur"": 1.0, ""quantity"": 1, ""timestamp"": ""2026-05-05 19:58:49"", ""total_eur"": 1.8, ""transaction_id"": 520, ""unit_price_eur"": 1.8, ""unit_purchase_price_eur"": 1.0}"
2026-05-08_224617;C:\Users\Dani\Documents\CODEX-Projects\drink_pos\data\drink_pos_dev.db;data;transaction_items;278;"{""id"": 278, ""item_id"": 3, ""item_name_snapshot"": ""Limo"", ""item_short_label_snapshot"": ""Limo"", ""kind"": ""CONSUME"", ""person_id"": 55, ""profit_eur"": 0.55, ""purchase_total_eur"": 0.45, ""quantity"": 1, ""timestamp"": ""2026-05-05 19:58:49"", ""total_eur"": 1.0, ""transaction_id"": 521, ""unit_price_eur"": 1.0, ""unit_purchase_price_eur"": 0.45}"
2026-05-08_224617;C:\Users\Dani\Documents\CODEX-Projects\drink_pos\data\drink_pos_dev.db;data;transaction_items;279;"{""id"": 279, ""item_id"": 4, ""item_name_snapshot"": ""1 Runde"", ""item_short_label_snapshot"": ""Runde"", ""kind"": ""ROUND_REQUEST_APPROVED"", ""person_id"": 55, ""profit_eur"": 40.0, ""purchase_total_eur"": 0.0, ""quantity"": 1, ""timestamp"": ""2026-05-05 19:59:05"", ""total_eur"": 40.0, ""transaction_id"": 523, ""unit_price_eur"": 40.0, ""unit_purchase_price_eur"": 0.0}"
2026-05-08_224617;C:\Users\Dani\Documents\CODEX-Projects\drink_pos\data\drink_pos_dev.db;data;transaction_items;280;"{""id"": 280, ""item_id"": 2, ""item_name_snapshot"": ""Bier klein"", ""item_short_label_snapshot"": ""Klein"", ""kind"": ""CONSUME"", ""person_id"": 32, ""profit_eur"": 0.8, ""purchase_total_eur"": 1.0, ""quantity"": 1, ""timestamp"": ""2026-05-05 20:04:56"", ""total_eur"": 1.8, ""transaction_id"": 545, ""unit_price_eur"": 1.8, ""unit_purchase_price_eur"": 1.0}"
2026-05-08_224617;C:\Users\Dani\Documents\CODEX-Projects\drink_pos\data\drink_pos_dev.db;data;transaction_items;281;"{""id"": 281, ""item_id"": 1, ""item_name_snapshot"": ""Bier gross"", ""item_short_label_snapshot"": ""Gross"", ""kind"": ""CONSUME"", ""person_id"": 32, ""profit_eur"": 1.1, ""purchase_total_eur"": 1.4, ""quantity"": 1, ""timestamp"": ""2026-05-05 20:04:56"", ""total_eur"": 2.5, ""transaction_id"": 546, ""unit_price_eur"": 2.5, ""unit_purchase_price_eur"": 1.4}"
2026-05-08_224617;C:\Users\Dani\Documents\CODEX-Projects\drink_pos\data\drink_pos_dev.db;data;transaction_items;282;"{""id"": 282, ""item_id"": 4, ""item_name_snapshot"": ""1 Runde"", ""item_short_label_snapshot"": ""Runde"", ""kind"": ""ROUND_REQUEST_APPROVED"", ""person_id"": 33, ""profit_eur"": 40.0, ""purchase_total_eur"": 0.0, ""quantity"": 1, ""timestamp"": ""2026-05-05 20:20:18"", ""total_eur"": 40.0, ""transaction_id"": 581, ""unit_price_eur"": 40.0, ""unit_purchase_price_eur"": 0.0}"
2026-05-08_224617;C:\Users\Dani\Documents\CODEX-Projects\drink_pos\data\drink_pos_dev.db;data;transaction_items;283;"{""id"": 283, ""item_id"": 4, ""item_name_snapshot"": ""1 Runde"", ""item_short_label_snapshot"": ""Runde"", ""kind"": ""ROUND_REQUEST_APPROVED"", ""person_id"": 33, ""profit_eur"": 40.0, ""purchase_total_eur"": 0.0, ""quantity"": 1, ""timestamp"": ""2026-05-05 20:20:31"", ""total_eur"": 40.0, ""transaction_id"": 582, ""unit_price_eur"": 40.0, ""unit_purchase_price_eur"": 0.0}"
2026-05-08_224617;C:\Users\Dani\Documents\CODEX-Projects\drink_pos\data\drink_pos_dev.db;data;transaction_items;284;"{""id"": 284, ""item_id"": 3, ""item_name_snapshot"": ""Limo"", ""item_short_label_snapshot"": ""Limo"", ""kind"": ""ROUND_DEDUCTED"", ""person_id"": 5, ""profit_eur"": -0.55, ""purchase_total_eur"": -0.45, ""quantity"": -1, ""timestamp"": ""2026-05-05 20:25:30"", ""total_eur"": -1.0, ""transaction_id"": 584, ""unit_price_eur"": 1.0, ""unit_purchase_price_eur"": 0.45}"
2026-05-08_224617;C:\Users\Dani\Documents\CODEX-Projects\drink_pos\data\drink_pos_dev.db;data;transaction_items;285;"{""id"": 285, ""item_id"": 2, ""item_name_snapshot"": ""Bier klein"", ""item_short_label_snapshot"": ""Klein"", ""kind"": ""ROUND_DEDUCTED"", ""person_id"": 32, ""profit_eur"": -0.8, ""purchase_total_eur"": -1.0, ""quantity"": -1, ""timestamp"": ""2026-05-05 20:25:30"", ""total_eur"": -1.8, ""transaction_id"": 584, ""unit_price_eur"": 1.8, ""unit_purchase_price_eur"": 1.0}"
2026-05-08_224617;C:\Users\Dani\Documents\CODEX-Projects\drink_pos\data\drink_pos_dev.db;data;transaction_items;286;"{""id"": 286, ""item_id"": 3, ""item_name_snapshot"": ""Limo"", ""item_short_label_snapshot"": ""Limo"", ""kind"": ""ROUND_DEDUCTED"", ""person_id"": 55, ""profit_eur"": -0.55, ""purchase_total_eur"": -0.45, ""quantity"": -1, ""timestamp"": ""2026-05-05 20:25:30"", ""total_eur"": -1.0, ""transaction_id"": 584, ""unit_price_eur"": 1.0, ""unit_purchase_price_eur"": 0.45}"
2026-05-08_224617;C:\Users\Dani\Documents\CODEX-Projects\drink_pos\data\drink_pos_dev.db;data;transaction_items;287;"{""id"": 287, ""item_id"": 2, ""item_name_snapshot"": ""Bier klein"", ""item_short_label_snapshot"": ""Klein"", ""kind"": ""ROUND_DEDUCTED"", ""person_id"": 61, ""profit_eur"": -0.8, ""purchase_total_eur"": -1.0, ""quantity"": -1, ""timestamp"": ""2026-05-05 20:25:30"", ""total_eur"": -1.8, ""transaction_id"": 584, ""unit_price_eur"": 1.8, ""unit_purchase_price_eur"": 1.0}"
2026-05-08_224617;C:\Users\Dani\Documents\CODEX-Projects\drink_pos\data\drink_pos_dev.db;data;transaction_items;288;"{""id"": 288, ""item_id"": 3, ""item_name_snapshot"": ""Limo"", ""item_short_label_snapshot"": ""Limo"", ""kind"": ""ROUND_DEDUCTED"", ""person_id"": 5, ""profit_eur"": -0.55, ""purchase_total_eur"": -0.45, ""quantity"": -1, ""timestamp"": ""2026-05-05 20:25:30"", ""total_eur"": -1.0, ""transaction_id"": 585, ""unit_price_eur"": 1.0, ""unit_purchase_price_eur"": 0.45}"
2026-05-08_224617;C:\Users\Dani\Documents\CODEX-Projects\drink_pos\data\drink_pos_dev.db;data;transaction_items;289;"{""id"": 289, ""item_id"": 1, ""item_name_snapshot"": ""Bier gross"", ""item_short_label_snapshot"": ""Gross"", ""kind"": ""ROUND_DEDUCTED"", ""person_id"": 32, ""profit_eur"": -1.1, ""purchase_total_eur"": -1.4, ""quantity"": -1, ""timestamp"": ""2026-05-05 20:25:30"", ""total_eur"": -2.5, ""transaction_id"": 585, ""unit_price_eur"": 2.5, ""unit_purchase_price_eur"": 1.4}"
2026-05-08_224617;C:\Users\Dani\Documents\CODEX-Projects\drink_pos\data\drink_pos_dev.db;data;transaction_items;290;"{""id"": 290, ""item_id"": 2, ""item_name_snapshot"": ""Bier klein"", ""item_short_label_snapshot"": ""Klein"", ""kind"": ""ROUND_DEDUCTED"", ""person_id"": 55, ""profit_eur"": -0.8, ""purchase_total_eur"": -1.0, ""quantity"": -1, ""timestamp"": ""2026-05-05 20:25:30"", ""total_eur"": -1.8, ""transaction_id"": 585, ""unit_price_eur"": 1.8, ""unit_purchase_price_eur"": 1.0}"
2026-05-08_224617;C:\Users\Dani\Documents\CODEX-Projects\drink_pos\data\drink_pos_dev.db;data;transaction_items;291;"{""id"": 291, ""item_id"": 1, ""item_name_snapshot"": ""Bier gross"", ""item_short_label_snapshot"": ""Gross"", ""kind"": ""ROUND_DEDUCTED"", ""person_id"": 61, ""profit_eur"": -1.1, ""purchase_total_eur"": -1.4, ""quantity"": -1, ""timestamp"": ""2026-05-05 20:25:30"", ""total_eur"": -2.5, ""transaction_id"": 585, ""unit_price_eur"": 2.5, ""unit_purchase_price_eur"": 1.4}"
2026-05-08_224617;C:\Users\Dani\Documents\CODEX-Projects\drink_pos\data\drink_pos_dev.db;data;transaction_items;292;"{""id"": 292, ""item_id"": 3, ""item_name_snapshot"": ""Limo"", ""item_short_label_snapshot"": ""Limo"", ""kind"": ""ROUND_DEDUCTED"", ""person_id"": 5, ""profit_eur"": -0.55, ""purchase_total_eur"": -0.45, ""quantity"": -1, ""timestamp"": ""2026-05-05 20:25:30"", ""total_eur"": -1.0, ""transaction_id"": 586, ""unit_price_eur"": 1.0, ""unit_purchase_price_eur"": 0.45}"
2026-05-08_224617;C:\Users\Dani\Documents\CODEX-Projects\drink_pos\data\drink_pos_dev.db;data;transaction_items;293;"{""id"": 293, ""item_id"": 1, ""item_name_snapshot"": ""Bier gross"", ""item_short_label_snapshot"": ""Gross"", ""kind"": ""ROUND_DEDUCTED"", ""person_id"": 55, ""profit_eur"": -1.1, ""purchase_total_eur"": -1.4, ""quantity"": -1, ""timestamp"": ""2026-05-05 20:25:30"", ""total_eur"": -2.5, ""transaction_id"": 586, ""unit_price_eur"": 2.5, ""unit_purchase_price_eur"": 1.4}"
2026-05-08_224617;C:\Users\Dani\Documents\CODEX-Projects\drink_pos\data\drink_pos_dev.db;data;transaction_items;294;"{""id"": 294, ""item_id"": 3, ""item_name_snapshot"": ""Limo"", ""item_short_label_snapshot"": ""Limo"", ""kind"": ""ROUND_DEDUCTED"", ""person_id"": 5, ""profit_eur"": -0.55, ""purchase_total_eur"": -0.45, ""quantity"": -1, ""timestamp"": ""2026-05-05 20:25:30"", ""total_eur"": -1.0, ""transaction_id"": 587, ""unit_price_eur"": 1.0, ""unit_purchase_price_eur"": 0.45}"
2026-05-08_224617;C:\Users\Dani\Documents\CODEX-Projects\drink_pos\data\drink_pos_dev.db;data;transaction_items;295;"{""id"": 295, ""item_id"": 4, ""item_name_snapshot"": ""1 Runde"", ""item_short_label_snapshot"": ""Runde"", ""kind"": ""CONSUME"", ""person_id"": 33, ""profit_eur"": 40.0, ""purchase_total_eur"": 0.0, ""quantity"": 1, ""timestamp"": ""2026-05-05 20:25:51"", ""total_eur"": 40.0, ""transaction_id"": 590, ""unit_price_eur"": 40.0, ""unit_purchase_price_eur"": 0.0}"
2026-05-08_224617;C:\Users\Dani\Documents\CODEX-Projects\drink_pos\data\drink_pos_dev.db;data;transaction_items;296;"{""id"": 296, ""item_id"": 3, ""item_name_snapshot"": ""Limo"", ""item_short_label_snapshot"": ""Limo"", ""kind"": ""CONSUME"", ""person_id"": 32, ""profit_eur"": 0.55, ""purchase_total_eur"": 0.45, ""quantity"": 1, ""timestamp"": ""2026-05-05 20:25:57"", ""total_eur"": 1.0, ""transaction_id"": 591, ""unit_price_eur"": 1.0, ""unit_purchase_price_eur"": 0.45}"
2026-05-08_224617;C:\Users\Dani\Documents\CODEX-Projects\drink_pos\data\drink_pos_dev.db;data;transaction_items;297;"{""id"": 297, ""item_id"": 4, ""item_name_snapshot"": ""1 Runde"", ""item_short_label_snapshot"": ""Runde"", ""kind"": ""ROUND_REQUEST_APPROVED"", ""person_id"": 23, ""profit_eur"": 40.0, ""purchase_total_eur"": 0.0, ""quantity"": 1, ""timestamp"": ""2026-05-05 21:19:30"", ""total_eur"": 40.0, ""transaction_id"": 621, ""unit_price_eur"": 40.0, ""unit_purchase_price_eur"": 0.0}"
2026-05-08_224617;C:\Users\Dani\Documents\CODEX-Projects\drink_pos\data\drink_pos_dev.db;data;transaction_items;298;"{""id"": 298, ""item_id"": 3, ""item_name_snapshot"": ""Limo"", ""item_short_label_snapshot"": ""Limo"", ""kind"": ""ROUND_DEDUCTED"", ""person_id"": 1, ""profit_eur"": -0.55, ""purchase_total_eur"": -0.45, ""quantity"": -1, ""timestamp"": ""2026-05-05 21:20:26"", ""total_eur"": -1.0, ""transaction_id"": 623, ""unit_price_eur"": 1.0, ""unit_purchase_price_eur"": 0.45}"
2026-05-08_224617;C:\Users\Dani\Documents\CODEX-Projects\drink_pos\data\drink_pos_dev.db;data;transaction_items;299;"{""id"": 299, ""item_id"": 2, ""item_name_snapshot"": ""Bier klein"", ""item_short_label_snapshot"": ""Klein"", ""kind"": ""ROUND_DEDUCTED"", ""person_id"": 3, ""profit_eur"": -0.8, ""purchase_total_eur"": -1.0, ""quantity"": -1, ""timestamp"": ""2026-05-05 21:20:26"", ""total_eur"": -1.8, ""transaction_id"": 623, ""unit_price_eur"": 1.8, ""unit_purchase_price_eur"": 1.0}"
2026-05-08_224617;C:\Users\Dani\Documents\CODEX-Projects\drink_pos\data\drink_pos_dev.db;data;transaction_items;300;"{""id"": 300, ""item_id"": 3, ""item_name_snapshot"": ""Limo"", ""item_short_label_snapshot"": ""Limo"", ""kind"": ""ROUND_DEDUCTED"", ""person_id"": 4, ""profit_eur"": -0.55, ""purchase_total_eur"": -0.45, ""quantity"": -1, ""timestamp"": ""2026-05-05 21:20:26"", ""total_eur"": -1.0, ""transaction_id"": 623, ""unit_price_eur"": 1.0, ""unit_purchase_price_eur"": 0.45}"
2026-05-08_224617;C:\Users\Dani\Documents\CODEX-Projects\drink_pos\data\drink_pos_dev.db;data;transaction_items;301;"{""id"": 301, ""item_id"": 3, ""item_name_snapshot"": ""Limo"", ""item_short_label_snapshot"": ""Limo"", ""kind"": ""ROUND_DEDUCTED"", ""person_id"": 8, ""profit_eur"": -0.55, ""purchase_total_eur"": -0.45, ""quantity"": -1, ""timestamp"": ""2026-05-05 21:20:26"", ""total_eur"": -1.0, ""transaction_id"": 623, ""unit_price_eur"": 1.0, ""unit_purchase_price_eur"": 0.45}"
2026-05-08_224617;C:\Users\Dani\Documents\CODEX-Projects\drink_pos\data\drink_pos_dev.db;data;transaction_items;302;"{""id"": 302, ""item_id"": 3, ""item_name_snapshot"": ""Limo"", ""item_short_label_snapshot"": ""Limo"", ""kind"": ""ROUND_DEDUCTED"", ""person_id"": 11, ""profit_eur"": -0.55, ""purchase_total_eur"": -0.45, ""quantity"": -1, ""timestamp"": ""2026-05-05 21:20:26"", ""total_eur"": -1.0, ""transaction_id"": 623, ""unit_price_eur"": 1.0, ""unit_purchase_price_eur"": 0.45}"
2026-05-08_224617;C:\Users\Dani\Documents\CODEX-Projects\drink_pos\data\drink_pos_dev.db;data;transaction_items;303;"{""id"": 303, ""item_id"": 3, ""item_name_snapshot"": ""Limo"", ""item_short_label_snapshot"": ""Limo"", ""kind"": ""ROUND_DEDUCTED"", ""person_id"": 12, ""profit_eur"": -0.55, ""purchase_total_eur"": -0.45, ""quantity"": -1, ""timestamp"": ""2026-05-05 21:20:26"", ""total_eur"": -1.0, ""transaction_id"": 623, ""unit_price_eur"": 1.0, ""unit_purchase_price_eur"": 0.45}"
2026-05-08_224617;C:\Users\Dani\Documents\CODEX-Projects\drink_pos\data\drink_pos_dev.db;data;transaction_items;304;"{""id"": 304, ""item_id"": 3, ""item_name_snapshot"": ""Limo"", ""item_short_label_snapshot"": ""Limo"", ""kind"": ""ROUND_DEDUCTED"", ""person_id"": 13, ""profit_eur"": -0.55, ""purchase_total_eur"": -0.45, ""quantity"": -1, ""timestamp"": ""2026-05-05 21:20:26"", ""total_eur"": -1.0, ""transaction_id"": 623, ""unit_price_eur"": 1.0, ""unit_purchase_price_eur"": 0.45}"
2026-05-08_224617;C:\Users\Dani\Documents\CODEX-Projects\drink_pos\data\drink_pos_dev.db;data;transaction_items;305;"{""id"": 305, ""item_id"": 3, ""item_name_snapshot"": ""Limo"", ""item_short_label_snapshot"": ""Limo"", ""kind"": ""ROUND_DEDUCTED"", ""person_id"": 14, ""profit_eur"": -0.55, ""purchase_total_eur"": -0.45, ""quantity"": -1, ""timestamp"": ""2026-05-05 21:20:26"", ""total_eur"": -1.0, ""transaction_id"": 623, ""unit_price_eur"": 1.0, ""unit_purchase_price_eur"": 0.45}"
2026-05-08_224617;C:\Users\Dani\Documents\CODEX-Projects\drink_pos\data\drink_pos_dev.db;data;transaction_items;306;"{""id"": 306, ""item_id"": 2, ""item_name_snapshot"": ""Bier klein"", ""item_short_label_snapshot"": ""Klein"", ""kind"": ""ROUND_DEDUCTED"", ""person_id"": 19, ""profit_eur"": -0.8, ""purchase_total_eur"": -1.0, ""quantity"": -1, ""timestamp"": ""2026-05-05 21:20:26"", ""total_eur"": -1.8, ""transaction_id"": 623, ""unit_price_eur"": 1.8, ""unit_purchase_price_eur"": 1.0}"
2026-05-08_224617;C:\Users\Dani\Documents\CODEX-Projects\drink_pos\data\drink_pos_dev.db;data;transaction_items;307;"{""id"": 307, ""item_id"": 3, ""item_name_snapshot"": ""Limo"", ""item_short_label_snapshot"": ""Limo"", ""kind"": ""ROUND_DEDUCTED"", ""person_id"": 20, ""profit_eur"": -0.55, ""purchase_total_eur"": -0.45, ""quantity"": -1, ""timestamp"": ""2026-05-05 21:20:26"", ""total_eur"": -1.0, ""transaction_id"": 623, ""unit_price_eur"": 1.0, ""unit_purchase_price_eur"": 0.45}"
2026-05-08_224617;C:\Users\Dani\Documents\CODEX-Projects\drink_pos\data\drink_pos_dev.db;data;transaction_items;308;"{""id"": 308, ""item_id"": 3, ""item_name_snapshot"": ""Limo"", ""item_short_label_snapshot"": ""Limo"", ""kind"": ""ROUND_DEDUCTED"", ""person_id"": 21, ""profit_eur"": -0.55, ""purchase_total_eur"": -0.45, ""quantity"": -1, ""timestamp"": ""2026-05-05 21:20:26"", ""total_eur"": -1.0, ""transaction_id"": 623, ""unit_price_eur"": 1.0, ""unit_purchase_price_eur"": 0.45}"
2026-05-08_224617;C:\Users\Dani\Documents\CODEX-Projects\drink_pos\data\drink_pos_dev.db;data;transaction_items;309;"{""id"": 309, ""item_id"": 3, ""item_name_snapshot"": ""Limo"", ""item_short_label_snapshot"": ""Limo"", ""kind"": ""ROUND_DEDUCTED"", ""person_id"": 26, ""profit_eur"": -0.55, ""purchase_total_eur"": -0.45, ""quantity"": -1, ""timestamp"": ""2026-05-05 21:20:26"", ""total_eur"": -1.0, ""transaction_id"": 623, ""unit_price_eur"": 1.0, ""unit_purchase_price_eur"": 0.45}"
2026-05-08_224617;C:\Users\Dani\Documents\CODEX-Projects\drink_pos\data\drink_pos_dev.db;data;transaction_items;310;"{""id"": 310, ""item_id"": 3, ""item_name_snapshot"": ""Limo"", ""item_short_label_snapshot"": ""Limo"", ""kind"": ""ROUND_DEDUCTED"", ""person_id"": 28, ""profit_eur"": -0.55, ""purchase_total_eur"": -0.45, ""quantity"": -1, ""timestamp"": ""2026-05-05 21:20:26"", ""total_eur"": -1.0, ""transaction_id"": 623, ""unit_price_eur"": 1.0, ""unit_purchase_price_eur"": 0.45}"
2026-05-08_224617;C:\Users\Dani\Documents\CODEX-Projects\drink_pos\data\drink_pos_dev.db;data;transaction_items;311;"{""id"": 311, ""item_id"": 3, ""item_name_snapshot"": ""Limo"", ""item_short_label_snapshot"": ""Limo"", ""kind"": ""ROUND_DEDUCTED"", ""person_id"": 30, ""profit_eur"": -0.55, ""purchase_total_eur"": -0.45, ""quantity"": -1, ""timestamp"": ""2026-05-05 21:20:26"", ""total_eur"": -1.0, ""transaction_id"": 623, ""unit_price_eur"": 1.0, ""unit_purchase_price_eur"": 0.45}"
2026-05-08_224617;C:\Users\Dani\Documents\CODEX-Projects\drink_pos\data\drink_pos_dev.db;data;transaction_items;312;"{""id"": 312, ""item_id"": 3, ""item_name_snapshot"": ""Limo"", ""item_short_label_snapshot"": ""Limo"", ""kind"": ""ROUND_DEDUCTED"", ""person_id"": 31, ""profit_eur"": -0.55, ""purchase_total_eur"": -0.45, ""quantity"": -1, ""timestamp"": ""2026-05-05 21:20:26"", ""total_eur"": -1.0, ""transaction_id"": 623, ""unit_price_eur"": 1.0, ""unit_purchase_price_eur"": 0.45}"
2026-05-08_224617;C:\Users\Dani\Documents\CODEX-Projects\drink_pos\data\drink_pos_dev.db;data;transaction_items;313;"{""id"": 313, ""item_id"": 3, ""item_name_snapshot"": ""Limo"", ""item_short_label_snapshot"": ""Limo"", ""kind"": ""ROUND_DEDUCTED"", ""person_id"": 32, ""profit_eur"": -0.55, ""purchase_total_eur"": -0.45, ""quantity"": -1, ""timestamp"": ""2026-05-05 21:20:26"", ""total_eur"": -1.0, ""transaction_id"": 623, ""unit_price_eur"": 1.0, ""unit_purchase_price_eur"": 0.45}"
2026-05-08_224617;C:\Users\Dani\Documents\CODEX-Projects\drink_pos\data\drink_pos_dev.db;data;transaction_items;314;"{""id"": 314, ""item_id"": 3, ""item_name_snapshot"": ""Limo"", ""item_short_label_snapshot"": ""Limo"", ""kind"": ""ROUND_DEDUCTED"", ""person_id"": 33, ""profit_eur"": -0.55, ""purchase_total_eur"": -0.45, ""quantity"": -1, ""timestamp"": ""2026-05-05 21:20:26"", ""total_eur"": -1.0, ""transaction_id"": 623, ""unit_price_eur"": 1.0, ""unit_purchase_price_eur"": 0.45}"
2026-05-08_224617;C:\Users\Dani\Documents\CODEX-Projects\drink_pos\data\drink_pos_dev.db;data;transaction_items;315;"{""id"": 315, ""item_id"": 3, ""item_name_snapshot"": ""Limo"", ""item_short_label_snapshot"": ""Limo"", ""kind"": ""ROUND_DEDUCTED"", ""person_id"": 34, ""profit_eur"": -0.55, ""purchase_total_eur"": -0.45, ""quantity"": -1, ""timestamp"": ""2026-05-05 21:20:26"", ""total_eur"": -1.0, ""transaction_id"": 623, ""unit_price_eur"": 1.0, ""unit_purchase_price_eur"": 0.45}"
2026-05-08_224617;C:\Users\Dani\Documents\CODEX-Projects\drink_pos\data\drink_pos_dev.db;data;transaction_items;316;"{""id"": 316, ""item_id"": 3, ""item_name_snapshot"": ""Limo"", ""item_short_label_snapshot"": ""Limo"", ""kind"": ""ROUND_DEDUCTED"", ""person_id"": 39, ""profit_eur"": -0.55, ""purchase_total_eur"": -0.45, ""quantity"": -1, ""timestamp"": ""2026-05-05 21:20:26"", ""total_eur"": -1.0, ""transaction_id"": 623, ""unit_price_eur"": 1.0, ""unit_purchase_price_eur"": 0.45}"
2026-05-08_224617;C:\Users\Dani\Documents\CODEX-Projects\drink_pos\data\drink_pos_dev.db;data;transaction_items;317;"{""id"": 317, ""item_id"": 3, ""item_name_snapshot"": ""Limo"", ""item_short_label_snapshot"": ""Limo"", ""kind"": ""ROUND_DEDUCTED"", ""person_id"": 40, ""profit_eur"": -0.55, ""purchase_total_eur"": -0.45, ""quantity"": -1, ""timestamp"": ""2026-05-05 21:20:26"", ""total_eur"": -1.0, ""transaction_id"": 623, ""unit_price_eur"": 1.0, ""unit_purchase_price_eur"": 0.45}"
2026-05-08_224617;C:\Users\Dani\Documents\CODEX-Projects\drink_pos\data\drink_pos_dev.db;data;transaction_items;318;"{""id"": 318, ""item_id"": 3, ""item_name_snapshot"": ""Limo"", ""item_short_label_snapshot"": ""Limo"", ""kind"": ""ROUND_DEDUCTED"", ""person_id"": 41, ""profit_eur"": -0.55, ""purchase_total_eur"": -0.45, ""quantity"": -1, ""timestamp"": ""2026-05-05 21:20:26"", ""total_eur"": -1.0, ""transaction_id"": 623, ""unit_price_eur"": 1.0, ""unit_purchase_price_eur"": 0.45}"
2026-05-08_224617;C:\Users\Dani\Documents\CODEX-Projects\drink_pos\data\drink_pos_dev.db;data;transaction_items;319;"{""id"": 319, ""item_id"": 3, ""item_name_snapshot"": ""Limo"", ""item_short_label_snapshot"": ""Limo"", ""kind"": ""ROUND_DEDUCTED"", ""person_id"": 36, ""profit_eur"": -0.55, ""purchase_total_eur"": -0.45, ""quantity"": -1, ""timestamp"": ""2026-05-05 21:20:26"", ""total_eur"": -1.0, ""transaction_id"": 623, ""unit_price_eur"": 1.0, ""unit_purchase_price_eur"": 0.45}"
2026-05-08_224617;C:\Users\Dani\Documents\CODEX-Projects\drink_pos\data\drink_pos_dev.db;data;transaction_items;320;"{""id"": 320, ""item_id"": 3, ""item_name_snapshot"": ""Limo"", ""item_short_label_snapshot"": ""Limo"", ""kind"": ""ROUND_DEDUCTED"", ""person_id"": 37, ""profit_eur"": -0.55, ""purchase_total_eur"": -0.45, ""quantity"": -1, ""timestamp"": ""2026-05-05 21:20:26"", ""total_eur"": -1.0, ""transaction_id"": 623, ""unit_price_eur"": 1.0, ""unit_purchase_price_eur"": 0.45}"
2026-05-08_224617;C:\Users\Dani\Documents\CODEX-Projects\drink_pos\data\drink_pos_dev.db;data;transaction_items;321;"{""id"": 321, ""item_id"": 3, ""item_name_snapshot"": ""Limo"", ""item_short_label_snapshot"": ""Limo"", ""kind"": ""ROUND_DEDUCTED"", ""person_id"": 38, ""profit_eur"": -0.55, ""purchase_total_eur"": -0.45, ""quantity"": -1, ""timestamp"": ""2026-05-05 21:20:26"", ""total_eur"": -1.0, ""transaction_id"": 623, ""unit_price_eur"": 1.0, ""unit_purchase_price_eur"": 0.45}"
2026-05-08_224617;C:\Users\Dani\Documents\CODEX-Projects\drink_pos\data\drink_pos_dev.db;data;transaction_items;322;"{""id"": 322, ""item_id"": 3, ""item_name_snapshot"": ""Limo"", ""item_short_label_snapshot"": ""Limo"", ""kind"": ""ROUND_DEDUCTED"", ""person_id"": 43, ""profit_eur"": -0.55, ""purchase_total_eur"": -0.45, ""quantity"": -1, ""timestamp"": ""2026-05-05 21:20:26"", ""total_eur"": -1.0, ""transaction_id"": 623, ""unit_price_eur"": 1.0, ""unit_purchase_price_eur"": 0.45}"
2026-05-08_224617;C:\Users\Dani\Documents\CODEX-Projects\drink_pos\data\drink_pos_dev.db;data;transaction_items;323;"{""id"": 323, ""item_id"": 3, ""item_name_snapshot"": ""Limo"", ""item_short_label_snapshot"": ""Limo"", ""kind"": ""ROUND_DEDUCTED"", ""person_id"": 46, ""profit_eur"": -0.55, ""purchase_total_eur"": -0.45, ""quantity"": -1, ""timestamp"": ""2026-05-05 21:20:26"", ""total_eur"": -1.0, ""transaction_id"": 623, ""unit_price_eur"": 1.0, ""unit_purchase_price_eur"": 0.45}"
2026-05-08_224617;C:\Users\Dani\Documents\CODEX-Projects\drink_pos\data\drink_pos_dev.db;data;transaction_items;324;"{""id"": 324, ""item_id"": 3, ""item_name_snapshot"": ""Limo"", ""item_short_label_snapshot"": ""Limo"", ""kind"": ""ROUND_DEDUCTED"", ""person_id"": 47, ""profit_eur"": -0.55, ""purchase_total_eur"": -0.45, ""quantity"": -1, ""timestamp"": ""2026-05-05 21:20:26"", ""total_eur"": -1.0, ""transaction_id"": 623, ""unit_price_eur"": 1.0, ""unit_purchase_price_eur"": 0.45}"
2026-05-08_224617;C:\Users\Dani\Documents\CODEX-Projects\drink_pos\data\drink_pos_dev.db;data;transaction_items;325;"{""id"": 325, ""item_id"": 3, ""item_name_snapshot"": ""Limo"", ""item_short_label_snapshot"": ""Limo"", ""kind"": ""ROUND_DEDUCTED"", ""person_id"": 49, ""profit_eur"": -0.55, ""purchase_total_eur"": -0.45, ""quantity"": -1, ""timestamp"": ""2026-05-05 21:20:26"", ""total_eur"": -1.0, ""transaction_id"": 623, ""unit_price_eur"": 1.0, ""unit_purchase_price_eur"": 0.45}"
2026-05-08_224617;C:\Users\Dani\Documents\CODEX-Projects\drink_pos\data\drink_pos_dev.db;data;transaction_items;326;"{""id"": 326, ""item_id"": 3, ""item_name_snapshot"": ""Limo"", ""item_short_label_snapshot"": ""Limo"", ""kind"": ""ROUND_DEDUCTED"", ""person_id"": 52, ""profit_eur"": -0.55, ""purchase_total_eur"": -0.45, ""quantity"": -1, ""timestamp"": ""2026-05-05 21:20:26"", ""total_eur"": -1.0, ""transaction_id"": 623, ""unit_price_eur"": 1.0, ""unit_purchase_price_eur"": 0.45}"
2026-05-08_224617;C:\Users\Dani\Documents\CODEX-Projects\drink_pos\data\drink_pos_dev.db;data;transaction_items;327;"{""id"": 327, ""item_id"": 3, ""item_name_snapshot"": ""Limo"", ""item_short_label_snapshot"": ""Limo"", ""kind"": ""ROUND_DEDUCTED"", ""person_id"": 55, ""profit_eur"": -0.55, ""purchase_total_eur"": -0.45, ""quantity"": -1, ""timestamp"": ""2026-05-05 21:20:26"", ""total_eur"": -1.0, ""transaction_id"": 623, ""unit_price_eur"": 1.0, ""unit_purchase_price_eur"": 0.45}"
2026-05-08_224617;C:\Users\Dani\Documents\CODEX-Projects\drink_pos\data\drink_pos_dev.db;data;transaction_items;328;"{""id"": 328, ""item_id"": 3, ""item_name_snapshot"": ""Limo"", ""item_short_label_snapshot"": ""Limo"", ""kind"": ""ROUND_DEDUCTED"", ""person_id"": 57, ""profit_eur"": -0.55, ""purchase_total_eur"": -0.45, ""quantity"": -1, ""timestamp"": ""2026-05-05 21:20:26"", ""total_eur"": -1.0, ""transaction_id"": 623, ""unit_price_eur"": 1.0, ""unit_purchase_price_eur"": 0.45}"
2026-05-08_224617;C:\Users\Dani\Documents\CODEX-Projects\drink_pos\data\drink_pos_dev.db;data;transaction_items;329;"{""id"": 329, ""item_id"": 3, ""item_name_snapshot"": ""Limo"", ""item_short_label_snapshot"": ""Limo"", ""kind"": ""ROUND_DEDUCTED"", ""person_id"": 54, ""profit_eur"": -0.55, ""purchase_total_eur"": -0.45, ""quantity"": -1, ""timestamp"": ""2026-05-05 21:20:26"", ""total_eur"": -1.0, ""transaction_id"": 623, ""unit_price_eur"": 1.0, ""unit_purchase_price_eur"": 0.45}"
2026-05-08_224617;C:\Users\Dani\Documents\CODEX-Projects\drink_pos\data\drink_pos_dev.db;data;transaction_items;330;"{""id"": 330, ""item_id"": 3, ""item_name_snapshot"": ""Limo"", ""item_short_label_snapshot"": ""Limo"", ""kind"": ""ROUND_DEDUCTED"", ""person_id"": 59, ""profit_eur"": -0.55, ""purchase_total_eur"": -0.45, ""quantity"": -1, ""timestamp"": ""2026-05-05 21:20:26"", ""total_eur"": -1.0, ""transaction_id"": 623, ""unit_price_eur"": 1.0, ""unit_purchase_price_eur"": 0.45}"
2026-05-08_224617;C:\Users\Dani\Documents\CODEX-Projects\drink_pos\data\drink_pos_dev.db;data;transaction_items;331;"{""id"": 331, ""item_id"": 4, ""item_name_snapshot"": ""1 Runde"", ""item_short_label_snapshot"": ""Runde"", ""kind"": ""ROUND_REQUEST_APPROVED"", ""person_id"": 42, ""profit_eur"": 40.0, ""purchase_total_eur"": 0.0, ""quantity"": 1, ""timestamp"": ""2026-05-05 21:20:49"", ""total_eur"": 40.0, ""transaction_id"": 625, ""unit_price_eur"": 40.0, ""unit_purchase_price_eur"": 0.0}"
2026-05-08_224617;C:\Users\Dani\Documents\CODEX-Projects\drink_pos\data\drink_pos_dev.db;data;transaction_items;332;"{""id"": 332, ""item_id"": 5, ""item_name_snapshot"": ""Drink des Monats"", ""item_short_label_snapshot"": ""DDM"", ""kind"": ""CONSUME"", ""person_id"": 5, ""profit_eur"": 1.15, ""purchase_total_eur"": 1.85, ""quantity"": 1, ""timestamp"": ""2026-05-05 21:22:40"", ""total_eur"": 3.0, ""transaction_id"": 627, ""unit_price_eur"": 3.0, ""unit_purchase_price_eur"": 1.85}"
2026-05-08_224617;C:\Users\Dani\Documents\CODEX-Projects\drink_pos\data\drink_pos_dev.db;data;transaction_items;333;"{""id"": 333, ""item_id"": 5, ""item_name_snapshot"": ""Drink des Monats"", ""item_short_label_snapshot"": ""DDM"", ""kind"": ""CONSUME"", ""person_id"": 5, ""profit_eur"": 1.15, ""purchase_total_eur"": 1.85, ""quantity"": 1, ""timestamp"": ""2026-05-05 21:22:44"", ""total_eur"": 3.0, ""transaction_id"": 628, ""unit_price_eur"": 3.0, ""unit_purchase_price_eur"": 1.85}"
2026-05-08_224617;C:\Users\Dani\Documents\CODEX-Projects\drink_pos\data\drink_pos_dev.db;data;transaction_items;334;"{""id"": 334, ""item_id"": 5, ""item_name_snapshot"": ""Drink des Monats"", ""item_short_label_snapshot"": ""DDM"", ""kind"": ""CONSUME"", ""person_id"": 5, ""profit_eur"": 1.15, ""purchase_total_eur"": 1.85, ""quantity"": 1, ""timestamp"": ""2026-05-05 21:22:44"", ""total_eur"": 3.0, ""transaction_id"": 629, ""unit_price_eur"": 3.0, ""unit_purchase_price_eur"": 1.85}"
2026-05-08_224617;C:\Users\Dani\Documents\CODEX-Projects\drink_pos\data\drink_pos_dev.db;data;transaction_items;335;"{""id"": 335, ""item_id"": 5, ""item_name_snapshot"": ""Drink des Monats"", ""item_short_label_snapshot"": ""DDM"", ""kind"": ""CONSUME"", ""person_id"": 5, ""profit_eur"": 1.15, ""purchase_total_eur"": 1.85, ""quantity"": 1, ""timestamp"": ""2026-05-05 21:22:44"", ""total_eur"": 3.0, ""transaction_id"": 630, ""unit_price_eur"": 3.0, ""unit_purchase_price_eur"": 1.85}"
2026-05-08_224617;C:\Users\Dani\Documents\CODEX-Projects\drink_pos\data\drink_pos_dev.db;data;transaction_items;336;"{""id"": 336, ""item_id"": 5, ""item_name_snapshot"": ""Drink des Monats"", ""item_short_label_snapshot"": ""DDM"", ""kind"": ""CONSUME"", ""person_id"": 5, ""profit_eur"": 1.15, ""purchase_total_eur"": 1.85, ""quantity"": 1, ""timestamp"": ""2026-05-05 21:22:44"", ""total_eur"": 3.0, ""transaction_id"": 631, ""unit_price_eur"": 3.0, ""unit_purchase_price_eur"": 1.85}"
2026-05-08_224617;C:\Users\Dani\Documents\CODEX-Projects\drink_pos\data\drink_pos_dev.db;data;transaction_items;337;"{""id"": 337, ""item_id"": 5, ""item_name_snapshot"": ""Drink des Monats"", ""item_short_label_snapshot"": ""DDM"", ""kind"": ""CONSUME"", ""person_id"": 5, ""profit_eur"": 1.15, ""purchase_total_eur"": 1.85, ""quantity"": 1, ""timestamp"": ""2026-05-05 21:22:44"", ""total_eur"": 3.0, ""transaction_id"": 632, ""unit_price_eur"": 3.0, ""unit_purchase_price_eur"": 1.85}"
2026-05-08_224617;C:\Users\Dani\Documents\CODEX-Projects\drink_pos\data\drink_pos_dev.db;data;transaction_items;338;"{""id"": 338, ""item_id"": 5, ""item_name_snapshot"": ""Drink des Monats"", ""item_short_label_snapshot"": ""DDM"", ""kind"": ""CONSUME"", ""person_id"": 5, ""profit_eur"": 1.15, ""purchase_total_eur"": 1.85, ""quantity"": 1, ""timestamp"": ""2026-05-05 21:22:45"", ""total_eur"": 3.0, ""transaction_id"": 633, ""unit_price_eur"": 3.0, ""unit_purchase_price_eur"": 1.85}"
2026-05-08_224617;C:\Users\Dani\Documents\CODEX-Projects\drink_pos\data\drink_pos_dev.db;data;transaction_items;339;"{""id"": 339, ""item_id"": 5, ""item_name_snapshot"": ""Drink des Monats"", ""item_short_label_snapshot"": ""DDM"", ""kind"": ""CONSUME"", ""person_id"": 5, ""profit_eur"": 1.15, ""purchase_total_eur"": 1.85, ""quantity"": 1, ""timestamp"": ""2026-05-05 21:22:45"", ""total_eur"": 3.0, ""transaction_id"": 634, ""unit_price_eur"": 3.0, ""unit_purchase_price_eur"": 1.85}"
2026-05-08_224617;C:\Users\Dani\Documents\CODEX-Projects\drink_pos\data\drink_pos_dev.db;data;transaction_items;340;"{""id"": 340, ""item_id"": 5, ""item_name_snapshot"": ""Drink des Monats"", ""item_short_label_snapshot"": ""DDM"", ""kind"": ""CONSUME"", ""person_id"": 5, ""profit_eur"": 1.15, ""purchase_total_eur"": 1.85, ""quantity"": 1, ""timestamp"": ""2026-05-05 21:22:45"", ""total_eur"": 3.0, ""transaction_id"": 635, ""unit_price_eur"": 3.0, ""unit_purchase_price_eur"": 1.85}"
2026-05-08_224617;C:\Users\Dani\Documents\CODEX-Projects\drink_pos\data\drink_pos_dev.db;data;transaction_items;341;"{""id"": 341, ""item_id"": 1, ""item_name_snapshot"": ""Bier gross"", ""item_short_label_snapshot"": ""Gross"", ""kind"": ""CONSUME"", ""person_id"": 5, ""profit_eur"": 1.1, ""purchase_total_eur"": 1.4, ""quantity"": 1, ""timestamp"": ""2026-05-05 21:22:45"", ""total_eur"": 2.5, ""transaction_id"": 636, ""unit_price_eur"": 2.5, ""unit_purchase_price_eur"": 1.4}"
2026-05-08_224617;C:\Users\Dani\Documents\CODEX-Projects\drink_pos\data\drink_pos_dev.db;data;transaction_items;342;"{""id"": 342, ""item_id"": 1, ""item_name_snapshot"": ""Bier gross"", ""item_short_label_snapshot"": ""Gross"", ""kind"": ""CONSUME"", ""person_id"": 5, ""profit_eur"": 1.1, ""purchase_total_eur"": 1.4, ""quantity"": 1, ""timestamp"": ""2026-05-05 21:22:46"", ""total_eur"": 2.5, ""transaction_id"": 637, ""unit_price_eur"": 2.5, ""unit_purchase_price_eur"": 1.4}"
2026-05-08_224617;C:\Users\Dani\Documents\CODEX-Projects\drink_pos\data\drink_pos_dev.db;data;transaction_items;343;"{""id"": 343, ""item_id"": 1, ""item_name_snapshot"": ""Bier gross"", ""item_short_label_snapshot"": ""Gross"", ""kind"": ""CONSUME"", ""person_id"": 5, ""profit_eur"": 1.1, ""purchase_total_eur"": 1.4, ""quantity"": 1, ""timestamp"": ""2026-05-05 21:22:46"", ""total_eur"": 2.5, ""transaction_id"": 638, ""unit_price_eur"": 2.5, ""unit_purchase_price_eur"": 1.4}"
2026-05-08_224617;C:\Users\Dani\Documents\CODEX-Projects\drink_pos\data\drink_pos_dev.db;data;transaction_items;344;"{""id"": 344, ""item_id"": 1, ""item_name_snapshot"": ""Bier gross"", ""item_short_label_snapshot"": ""Gross"", ""kind"": ""CONSUME"", ""person_id"": 5, ""profit_eur"": 1.1, ""purchase_total_eur"": 1.4, ""quantity"": 1, ""timestamp"": ""2026-05-05 21:22:46"", ""total_eur"": 2.5, ""transaction_id"": 639, ""unit_price_eur"": 2.5, ""unit_purchase_price_eur"": 1.4}"
2026-05-08_224617;C:\Users\Dani\Documents\CODEX-Projects\drink_pos\data\drink_pos_dev.db;data;transaction_items;345;"{""id"": 345, ""item_id"": 1, ""item_name_snapshot"": ""Bier gross"", ""item_short_label_snapshot"": ""Gross"", ""kind"": ""CONSUME"", ""person_id"": 5, ""profit_eur"": 1.1, ""purchase_total_eur"": 1.4, ""quantity"": 1, ""timestamp"": ""2026-05-05 21:22:46"", ""total_eur"": 2.5, ""transaction_id"": 640, ""unit_price_eur"": 2.5, ""unit_purchase_price_eur"": 1.4}"
2026-05-08_224617;C:\Users\Dani\Documents\CODEX-Projects\drink_pos\data\drink_pos_dev.db;data;transaction_items;346;"{""id"": 346, ""item_id"": 2, ""item_name_snapshot"": ""Bier klein"", ""item_short_label_snapshot"": ""Klein"", ""kind"": ""CONSUME"", ""person_id"": 5, ""profit_eur"": 0.8, ""purchase_total_eur"": 1.0, ""quantity"": 1, ""timestamp"": ""2026-05-05 21:22:47"", ""total_eur"": 1.8, ""transaction_id"": 641, ""unit_price_eur"": 1.8, ""unit_purchase_price_eur"": 1.0}"
2026-05-08_224617;C:\Users\Dani\Documents\CODEX-Projects\drink_pos\data\drink_pos_dev.db;data;transaction_items;347;"{""id"": 347, ""item_id"": 2, ""item_name_snapshot"": ""Bier klein"", ""item_short_label_snapshot"": ""Klein"", ""kind"": ""CONSUME"", ""person_id"": 5, ""profit_eur"": 0.8, ""purchase_total_eur"": 1.0, ""quantity"": 1, ""timestamp"": ""2026-05-05 21:22:47"", ""total_eur"": 1.8, ""transaction_id"": 642, ""unit_price_eur"": 1.8, ""unit_purchase_price_eur"": 1.0}"
2026-05-08_224617;C:\Users\Dani\Documents\CODEX-Projects\drink_pos\data\drink_pos_dev.db;data;transaction_items;348;"{""id"": 348, ""item_id"": 2, ""item_name_snapshot"": ""Bier klein"", ""item_short_label_snapshot"": ""Klein"", ""kind"": ""CONSUME"", ""person_id"": 5, ""profit_eur"": 0.8, ""purchase_total_eur"": 1.0, ""quantity"": 1, ""timestamp"": ""2026-05-05 21:22:47"", ""total_eur"": 1.8, ""transaction_id"": 643, ""unit_price_eur"": 1.8, ""unit_purchase_price_eur"": 1.0}"
2026-05-08_224617;C:\Users\Dani\Documents\CODEX-Projects\drink_pos\data\drink_pos_dev.db;data;transaction_items;349;"{""id"": 349, ""item_id"": 2, ""item_name_snapshot"": ""Bier klein"", ""item_short_label_snapshot"": ""Klein"", ""kind"": ""CONSUME"", ""person_id"": 5, ""profit_eur"": 0.8, ""purchase_total_eur"": 1.0, ""quantity"": 1, ""timestamp"": ""2026-05-05 21:22:47"", ""total_eur"": 1.8, ""transaction_id"": 644, ""unit_price_eur"": 1.8, ""unit_purchase_price_eur"": 1.0}"
2026-05-08_224617;C:\Users\Dani\Documents\CODEX-Projects\drink_pos\data\drink_pos_dev.db;data;transaction_items;350;"{""id"": 350, ""item_id"": 3, ""item_name_snapshot"": ""Limo"", ""item_short_label_snapshot"": ""Limo"", ""kind"": ""CONSUME"", ""person_id"": 5, ""profit_eur"": 0.55, ""purchase_total_eur"": 0.45, ""quantity"": 1, ""timestamp"": ""2026-05-05 21:22:56"", ""total_eur"": 1.0, ""transaction_id"": 645, ""unit_price_eur"": 1.0, ""unit_purchase_price_eur"": 0.45}"
2026-05-08_224617;C:\Users\Dani\Documents\CODEX-Projects\drink_pos\data\drink_pos_dev.db;data;transaction_items;351;"{""id"": 351, ""item_id"": 3, ""item_name_snapshot"": ""Limo"", ""item_short_label_snapshot"": ""Limo"", ""kind"": ""CONSUME"", ""person_id"": 5, ""profit_eur"": 0.55, ""purchase_total_eur"": 0.45, ""quantity"": 1, ""timestamp"": ""2026-05-05 21:22:56"", ""total_eur"": 1.0, ""transaction_id"": 646, ""unit_price_eur"": 1.0, ""unit_purchase_price_eur"": 0.45}"
2026-05-08_224617;C:\Users\Dani\Documents\CODEX-Projects\drink_pos\data\drink_pos_dev.db;data;transaction_items;352;"{""id"": 352, ""item_id"": 3, ""item_name_snapshot"": ""Limo"", ""item_short_label_snapshot"": ""Limo"", ""kind"": ""CONSUME"", ""person_id"": 5, ""profit_eur"": 0.55, ""purchase_total_eur"": 0.45, ""quantity"": 1, ""timestamp"": ""2026-05-05 21:22:57"", ""total_eur"": 1.0, ""transaction_id"": 647, ""unit_price_eur"": 1.0, ""unit_purchase_price_eur"": 0.45}"
2026-05-08_224617;C:\Users\Dani\Documents\CODEX-Projects\drink_pos\data\drink_pos_dev.db;data;transaction_items;353;"{""id"": 353, ""item_id"": 3, ""item_name_snapshot"": ""Limo"", ""item_short_label_snapshot"": ""Limo"", ""kind"": ""CONSUME"", ""person_id"": 5, ""profit_eur"": 0.55, ""purchase_total_eur"": 0.45, ""quantity"": 1, ""timestamp"": ""2026-05-05 21:22:57"", ""total_eur"": 1.0, ""transaction_id"": 648, ""unit_price_eur"": 1.0, ""unit_purchase_price_eur"": 0.45}"
2026-05-08_224617;C:\Users\Dani\Documents\CODEX-Projects\drink_pos\data\drink_pos_dev.db;data;transaction_items;354;"{""id"": 354, ""item_id"": 1, ""item_name_snapshot"": ""Bier gross"", ""item_short_label_snapshot"": ""Gross"", ""kind"": ""PAID_CASH"", ""person_id"": 5, ""profit_eur"": 6.6, ""purchase_total_eur"": 8.4, ""quantity"": 6, ""timestamp"": ""2026-05-05 21:23:09"", ""total_eur"": 15.0, ""transaction_id"": 649, ""unit_price_eur"": 2.5, ""unit_purchase_price_eur"": 1.4}"
2026-05-08_224617;C:\Users\Dani\Documents\CODEX-Projects\drink_pos\data\drink_pos_dev.db;data;transaction_items;355;"{""id"": 355, ""item_id"": 1, ""item_name_snapshot"": ""Bier gross"", ""item_short_label_snapshot"": ""Gross"", ""kind"": ""PAID_CASH"", ""person_id"": 5, ""profit_eur"": 5.5, ""purchase_total_eur"": 7.0, ""quantity"": 5, ""timestamp"": ""2026-05-05 21:23:09"", ""total_eur"": 12.5, ""transaction_id"": 649, ""unit_price_eur"": 2.5, ""unit_purchase_price_eur"": 1.4}"
2026-05-08_224617;C:\Users\Dani\Documents\CODEX-Projects\drink_pos\data\drink_pos_dev.db;data;transaction_items;356;"{""id"": 356, ""item_id"": 2, ""item_name_snapshot"": ""Bier klein"", ""item_short_label_snapshot"": ""Klein"", ""kind"": ""PAID_CASH"", ""person_id"": 5, ""profit_eur"": 8.8, ""purchase_total_eur"": 11.0, ""quantity"": 11, ""timestamp"": ""2026-05-05 21:23:09"", ""total_eur"": 19.8, ""transaction_id"": 649, ""unit_price_eur"": 1.8, ""unit_purchase_price_eur"": 1.0}"
2026-05-08_224617;C:\Users\Dani\Documents\CODEX-Projects\drink_pos\data\drink_pos_dev.db;data;transaction_items;357;"{""id"": 357, ""item_id"": 2, ""item_name_snapshot"": ""Bier klein"", ""item_short_label_snapshot"": ""Klein"", ""kind"": ""PAID_CASH"", ""person_id"": 5, ""profit_eur"": 3.2, ""purchase_total_eur"": 4.0, ""quantity"": 4, ""timestamp"": ""2026-05-05 21:23:09"", ""total_eur"": 7.2, ""transaction_id"": 649, ""unit_price_eur"": 1.8, ""unit_purchase_price_eur"": 1.0}"
2026-05-08_224617;C:\Users\Dani\Documents\CODEX-Projects\drink_pos\data\drink_pos_dev.db;data;transaction_items;358;"{""id"": 358, ""item_id"": 3, ""item_name_snapshot"": ""Limo"", ""item_short_label_snapshot"": ""Limo"", ""kind"": ""PAID_CASH"", ""person_id"": 5, ""profit_eur"": 3.3, ""purchase_total_eur"": 2.7, ""quantity"": 6, ""timestamp"": ""2026-05-05 21:23:09"", ""total_eur"": 6.0, ""transaction_id"": 649, ""unit_price_eur"": 1.0, ""unit_purchase_price_eur"": 0.45}"
2026-05-08_224617;C:\Users\Dani\Documents\CODEX-Projects\drink_pos\data\drink_pos_dev.db;data;transaction_items;359;"{""id"": 359, ""item_id"": 3, ""item_name_snapshot"": ""Limo"", ""item_short_label_snapshot"": ""Limo"", ""kind"": ""PAID_CASH"", ""person_id"": 5, ""profit_eur"": 2.2, ""purchase_total_eur"": 1.8, ""quantity"": 4, ""timestamp"": ""2026-05-05 21:23:09"", ""total_eur"": 4.0, ""transaction_id"": 649, ""unit_price_eur"": 1.0, ""unit_purchase_price_eur"": 0.45}"
2026-05-08_224617;C:\Users\Dani\Documents\CODEX-Projects\drink_pos\data\drink_pos_dev.db;data;transaction_items;360;"{""id"": 360, ""item_id"": 5, ""item_name_snapshot"": ""Drink des Monats"", ""item_short_label_snapshot"": ""DDM"", ""kind"": ""PAID_CASH"", ""person_id"": 5, ""profit_eur"": 10.35, ""purchase_total_eur"": 16.65, ""quantity"": 9, ""timestamp"": ""2026-05-05 21:23:09"", ""total_eur"": 27.0, ""transaction_id"": 649, ""unit_price_eur"": 3.0, ""unit_purchase_price_eur"": 1.85}"
2026-05-08_224617;C:\Users\Dani\Documents\CODEX-Projects\drink_pos\data\drink_pos_dev.db;data;transaction_items;361;"{""id"": 361, ""item_id"": 4, ""item_name_snapshot"": ""1 Runde"", ""item_short_label_snapshot"": ""Runde"", ""kind"": ""ROUND_REQUEST_APPROVED"", ""person_id"": 32, ""profit_eur"": 40.0, ""purchase_total_eur"": 0.0, ""quantity"": 1, ""timestamp"": ""2026-05-05 22:21:04"", ""total_eur"": 40.0, ""transaction_id"": 653, ""unit_price_eur"": 40.0, ""unit_purchase_price_eur"": 0.0}"
2026-05-08_224617;C:\Users\Dani\Documents\CODEX-Projects\drink_pos\data\drink_pos_dev.db;data;transaction_items;362;"{""id"": 362, ""item_id"": 3, ""item_name_snapshot"": ""Limo"", ""item_short_label_snapshot"": ""Limo"", ""kind"": ""CONSUME"", ""person_id"": 1, ""profit_eur"": 0.55, ""purchase_total_eur"": 0.45, ""quantity"": 1, ""timestamp"": ""2026-05-05 22:21:21"", ""total_eur"": 1.0, ""transaction_id"": 654, ""unit_price_eur"": 1.0, ""unit_purchase_price_eur"": 0.45}"
2026-05-08_224617;C:\Users\Dani\Documents\CODEX-Projects\drink_pos\data\drink_pos_dev.db;data;transaction_items;363;"{""id"": 363, ""item_id"": 3, ""item_name_snapshot"": ""Limo"", ""item_short_label_snapshot"": ""Limo"", ""kind"": ""CONSUME"", ""person_id"": 1, ""profit_eur"": 0.55, ""purchase_total_eur"": 0.45, ""quantity"": 1, ""timestamp"": ""2026-05-05 22:21:21"", ""total_eur"": 1.0, ""transaction_id"": 655, ""unit_price_eur"": 1.0, ""unit_purchase_price_eur"": 0.45}"
2026-05-08_224617;C:\Users\Dani\Documents\CODEX-Projects\drink_pos\data\drink_pos_dev.db;data;transaction_items;364;"{""id"": 364, ""item_id"": 3, ""item_name_snapshot"": ""Limo"", ""item_short_label_snapshot"": ""Limo"", ""kind"": ""CONSUME"", ""person_id"": 1, ""profit_eur"": 0.55, ""purchase_total_eur"": 0.45, ""quantity"": 1, ""timestamp"": ""2026-05-05 22:21:22"", ""total_eur"": 1.0, ""transaction_id"": 656, ""unit_price_eur"": 1.0, ""unit_purchase_price_eur"": 0.45}"
2026-05-08_224617;C:\Users\Dani\Documents\CODEX-Projects\drink_pos\data\drink_pos_dev.db;data;transaction_items;365;"{""id"": 365, ""item_id"": 3, ""item_name_snapshot"": ""Limo"", ""item_short_label_snapshot"": ""Limo"", ""kind"": ""CONSUME"", ""person_id"": 1, ""profit_eur"": 0.55, ""purchase_total_eur"": 0.45, ""quantity"": 1, ""timestamp"": ""2026-05-05 22:21:22"", ""total_eur"": 1.0, ""transaction_id"": 657, ""unit_price_eur"": 1.0, ""unit_purchase_price_eur"": 0.45}"
2026-05-08_224617;C:\Users\Dani\Documents\CODEX-Projects\drink_pos\data\drink_pos_dev.db;data;transaction_items;366;"{""id"": 366, ""item_id"": 3, ""item_name_snapshot"": ""Limo"", ""item_short_label_snapshot"": ""Limo"", ""kind"": ""CONSUME"", ""person_id"": 1, ""profit_eur"": 0.55, ""purchase_total_eur"": 0.45, ""quantity"": 1, ""timestamp"": ""2026-05-05 22:21:22"", ""total_eur"": 1.0, ""transaction_id"": 658, ""unit_price_eur"": 1.0, ""unit_purchase_price_eur"": 0.45}"
2026-05-08_224617;C:\Users\Dani\Documents\CODEX-Projects\drink_pos\data\drink_pos_dev.db;data;transaction_items;367;"{""id"": 367, ""item_id"": 3, ""item_name_snapshot"": ""Limo"", ""item_short_label_snapshot"": ""Limo"", ""kind"": ""CONSUME"", ""person_id"": 1, ""profit_eur"": 0.55, ""purchase_total_eur"": 0.45, ""quantity"": 1, ""timestamp"": ""2026-05-05 22:21:22"", ""total_eur"": 1.0, ""transaction_id"": 659, ""unit_price_eur"": 1.0, ""unit_purchase_price_eur"": 0.45}"
2026-05-08_224617;C:\Users\Dani\Documents\CODEX-Projects\drink_pos\data\drink_pos_dev.db;data;transaction_items;368;"{""id"": 368, ""item_id"": 2, ""item_name_snapshot"": ""Bier klein"", ""item_short_label_snapshot"": ""Klein"", ""kind"": ""CONSUME"", ""person_id"": 2, ""profit_eur"": 0.8, ""purchase_total_eur"": 1.0, ""quantity"": 1, ""timestamp"": ""2026-05-05 22:21:24"", ""total_eur"": 1.8, ""transaction_id"": 660, ""unit_price_eur"": 1.8, ""unit_purchase_price_eur"": 1.0}"
2026-05-08_224617;C:\Users\Dani\Documents\CODEX-Projects\drink_pos\data\drink_pos_dev.db;data;transaction_items;369;"{""id"": 369, ""item_id"": 1, ""item_name_snapshot"": ""Bier gross"", ""item_short_label_snapshot"": ""Gross"", ""kind"": ""CONSUME"", ""person_id"": 2, ""profit_eur"": 1.1, ""purchase_total_eur"": 1.4, ""quantity"": 1, ""timestamp"": ""2026-05-05 22:21:24"", ""total_eur"": 2.5, ""transaction_id"": 661, ""unit_price_eur"": 2.5, ""unit_purchase_price_eur"": 1.4}"
2026-05-08_224617;C:\Users\Dani\Documents\CODEX-Projects\drink_pos\data\drink_pos_dev.db;data;transaction_items;370;"{""id"": 370, ""item_id"": 3, ""item_name_snapshot"": ""Limo"", ""item_short_label_snapshot"": ""Limo"", ""kind"": ""CONSUME"", ""person_id"": 3, ""profit_eur"": 0.55, ""purchase_total_eur"": 0.45, ""quantity"": 1, ""timestamp"": ""2026-05-05 22:21:27"", ""total_eur"": 1.0, ""transaction_id"": 662, ""unit_price_eur"": 1.0, ""unit_purchase_price_eur"": 0.45}"
2026-05-08_224617;C:\Users\Dani\Documents\CODEX-Projects\drink_pos\data\drink_pos_dev.db;data;transaction_items;371;"{""id"": 371, ""item_id"": 1, ""item_name_snapshot"": ""Bier gross"", ""item_short_label_snapshot"": ""Gross"", ""kind"": ""CONSUME"", ""person_id"": 3, ""profit_eur"": 1.1, ""purchase_total_eur"": 1.4, ""quantity"": 1, ""timestamp"": ""2026-05-05 22:21:28"", ""total_eur"": 2.5, ""transaction_id"": 663, ""unit_price_eur"": 2.5, ""unit_purchase_price_eur"": 1.4}"
2026-05-08_224617;C:\Users\Dani\Documents\CODEX-Projects\drink_pos\data\drink_pos_dev.db;data;transaction_items;372;"{""id"": 372, ""item_id"": 2, ""item_name_snapshot"": ""Bier klein"", ""item_short_label_snapshot"": ""Klein"", ""kind"": ""CONSUME"", ""person_id"": 4, ""profit_eur"": 0.8, ""purchase_total_eur"": 1.0, ""quantity"": 1, ""timestamp"": ""2026-05-05 22:21:34"", ""total_eur"": 1.8, ""transaction_id"": 664, ""unit_price_eur"": 1.8, ""unit_purchase_price_eur"": 1.0}"
2026-05-08_224617;C:\Users\Dani\Documents\CODEX-Projects\drink_pos\data\drink_pos_dev.db;data;transaction_items;373;"{""id"": 373, ""item_id"": 2, ""item_name_snapshot"": ""Bier klein"", ""item_short_label_snapshot"": ""Klein"", ""kind"": ""CONSUME"", ""person_id"": 4, ""profit_eur"": 0.8, ""purchase_total_eur"": 1.0, ""quantity"": 1, ""timestamp"": ""2026-05-05 22:21:34"", ""total_eur"": 1.8, ""transaction_id"": 665, ""unit_price_eur"": 1.8, ""unit_purchase_price_eur"": 1.0}"
2026-05-08_224617;C:\Users\Dani\Documents\CODEX-Projects\drink_pos\data\drink_pos_dev.db;data;transaction_items;374;"{""id"": 374, ""item_id"": 2, ""item_name_snapshot"": ""Bier klein"", ""item_short_label_snapshot"": ""Klein"", ""kind"": ""CONSUME"", ""person_id"": 4, ""profit_eur"": 0.8, ""purchase_total_eur"": 1.0, ""quantity"": 1, ""timestamp"": ""2026-05-05 22:21:34"", ""total_eur"": 1.8, ""transaction_id"": 666, ""unit_price_eur"": 1.8, ""unit_purchase_price_eur"": 1.0}"
2026-05-08_224617;C:\Users\Dani\Documents\CODEX-Projects\drink_pos\data\drink_pos_dev.db;data;transaction_items;375;"{""id"": 375, ""item_id"": 2, ""item_name_snapshot"": ""Bier klein"", ""item_short_label_snapshot"": ""Klein"", ""kind"": ""CONSUME"", ""person_id"": 4, ""profit_eur"": 0.8, ""purchase_total_eur"": 1.0, ""quantity"": 1, ""timestamp"": ""2026-05-05 22:21:34"", ""total_eur"": 1.8, ""transaction_id"": 667, ""unit_price_eur"": 1.8, ""unit_purchase_price_eur"": 1.0}"
2026-05-08_224617;C:\Users\Dani\Documents\CODEX-Projects\drink_pos\data\drink_pos_dev.db;data;transaction_items;376;"{""id"": 376, ""item_id"": 2, ""item_name_snapshot"": ""Bier klein"", ""item_short_label_snapshot"": ""Klein"", ""kind"": ""CONSUME"", ""person_id"": 4, ""profit_eur"": 0.8, ""purchase_total_eur"": 1.0, ""quantity"": 1, ""timestamp"": ""2026-05-05 22:21:35"", ""total_eur"": 1.8, ""transaction_id"": 668, ""unit_price_eur"": 1.8, ""unit_purchase_price_eur"": 1.0}"
2026-05-08_224617;C:\Users\Dani\Documents\CODEX-Projects\drink_pos\data\drink_pos_dev.db;data;transaction_items;377;"{""id"": 377, ""item_id"": 2, ""item_name_snapshot"": ""Bier klein"", ""item_short_label_snapshot"": ""Klein"", ""kind"": ""CONSUME"", ""person_id"": 4, ""profit_eur"": 0.8, ""purchase_total_eur"": 1.0, ""quantity"": 1, ""timestamp"": ""2026-05-05 22:21:35"", ""total_eur"": 1.8, ""transaction_id"": 669, ""unit_price_eur"": 1.8, ""unit_purchase_price_eur"": 1.0}"
2026-05-08_224617;C:\Users\Dani\Documents\CODEX-Projects\drink_pos\data\drink_pos_dev.db;data;transaction_items;378;"{""id"": 378, ""item_id"": 2, ""item_name_snapshot"": ""Bier klein"", ""item_short_label_snapshot"": ""Klein"", ""kind"": ""CONSUME"", ""person_id"": 4, ""profit_eur"": 0.8, ""purchase_total_eur"": 1.0, ""quantity"": 1, ""timestamp"": ""2026-05-05 22:21:35"", ""total_eur"": 1.8, ""transaction_id"": 670, ""unit_price_eur"": 1.8, ""unit_purchase_price_eur"": 1.0}"
2026-05-08_224617;C:\Users\Dani\Documents\CODEX-Projects\drink_pos\data\drink_pos_dev.db;data;transaction_items;379;"{""id"": 379, ""item_id"": 3, ""item_name_snapshot"": ""Limo"", ""item_short_label_snapshot"": ""Limo"", ""kind"": ""CONSUME"", ""person_id"": 5, ""profit_eur"": 0.55, ""purchase_total_eur"": 0.45, ""quantity"": 1, ""timestamp"": ""2026-05-05 22:21:39"", ""total_eur"": 1.0, ""transaction_id"": 671, ""unit_price_eur"": 1.0, ""unit_purchase_price_eur"": 0.45}"
2026-05-08_224617;C:\Users\Dani\Documents\CODEX-Projects\drink_pos\data\drink_pos_dev.db;data;transaction_items;380;"{""id"": 380, ""item_id"": 2, ""item_name_snapshot"": ""Bier klein"", ""item_short_label_snapshot"": ""Klein"", ""kind"": ""CONSUME"", ""person_id"": 5, ""profit_eur"": 0.8, ""purchase_total_eur"": 1.0, ""quantity"": 1, ""timestamp"": ""2026-05-05 22:21:41"", ""total_eur"": 1.8, ""transaction_id"": 672, ""unit_price_eur"": 1.8, ""unit_purchase_price_eur"": 1.0}"
2026-05-08_224617;C:\Users\Dani\Documents\CODEX-Projects\drink_pos\data\drink_pos_dev.db;data;transaction_items;381;"{""id"": 381, ""item_id"": 3, ""item_name_snapshot"": ""Limo"", ""item_short_label_snapshot"": ""Limo"", ""kind"": ""ROUND_DEDUCTED"", ""person_id"": 1, ""profit_eur"": -0.55, ""purchase_total_eur"": -0.45, ""quantity"": -1, ""timestamp"": ""2026-05-05 22:30:38"", ""total_eur"": -1.0, ""transaction_id"": 673, ""unit_price_eur"": 1.0, ""unit_purchase_price_eur"": 0.45}"
2026-05-08_224617;C:\Users\Dani\Documents\CODEX-Projects\drink_pos\data\drink_pos_dev.db;data;transaction_items;382;"{""id"": 382, ""item_id"": 2, ""item_name_snapshot"": ""Bier klein"", ""item_short_label_snapshot"": ""Klein"", ""kind"": ""ROUND_DEDUCTED"", ""person_id"": 2, ""profit_eur"": -0.8, ""purchase_total_eur"": -1.0, ""quantity"": -1, ""timestamp"": ""2026-05-05 22:30:38"", ""total_eur"": -1.8, ""transaction_id"": 673, ""unit_price_eur"": 1.8, ""unit_purchase_price_eur"": 1.0}"
2026-05-08_224617;C:\Users\Dani\Documents\CODEX-Projects\drink_pos\data\drink_pos_dev.db;data;transaction_items;383;"{""id"": 383, ""item_id"": 3, ""item_name_snapshot"": ""Limo"", ""item_short_label_snapshot"": ""Limo"", ""kind"": ""ROUND_DEDUCTED"", ""person_id"": 3, ""profit_eur"": -0.55, ""purchase_total_eur"": -0.45, ""quantity"": -1, ""timestamp"": ""2026-05-05 22:30:38"", ""total_eur"": -1.0, ""transaction_id"": 673, ""unit_price_eur"": 1.0, ""unit_purchase_price_eur"": 0.45}"
2026-05-08_224617;C:\Users\Dani\Documents\CODEX-Projects\drink_pos\data\drink_pos_dev.db;data;transaction_items;384;"{""id"": 384, ""item_id"": 2, ""item_name_snapshot"": ""Bier klein"", ""item_short_label_snapshot"": ""Klein"", ""kind"": ""ROUND_DEDUCTED"", ""person_id"": 4, ""profit_eur"": -0.8, ""purchase_total_eur"": -1.0, ""quantity"": -1, ""timestamp"": ""2026-05-05 22:30:38"", ""total_eur"": -1.8, ""transaction_id"": 673, ""unit_price_eur"": 1.8, ""unit_purchase_price_eur"": 1.0}"
2026-05-08_224617;C:\Users\Dani\Documents\CODEX-Projects\drink_pos\data\drink_pos_dev.db;data;transaction_items;385;"{""id"": 385, ""item_id"": 3, ""item_name_snapshot"": ""Limo"", ""item_short_label_snapshot"": ""Limo"", ""kind"": ""ROUND_DEDUCTED"", ""person_id"": 5, ""profit_eur"": -0.55, ""purchase_total_eur"": -0.45, ""quantity"": -1, ""timestamp"": ""2026-05-05 22:30:38"", ""total_eur"": -1.0, ""transaction_id"": 673, ""unit_price_eur"": 1.0, ""unit_purchase_price_eur"": 0.45}"
2026-05-08_224617;C:\Users\Dani\Documents\CODEX-Projects\drink_pos\data\drink_pos_dev.db;data;transaction_items;386;"{""id"": 386, ""item_id"": 3, ""item_name_snapshot"": ""Limo"", ""item_short_label_snapshot"": ""Limo"", ""kind"": ""ROUND_DEDUCTED"", ""person_id"": 1, ""profit_eur"": -0.55, ""purchase_total_eur"": -0.45, ""quantity"": -1, ""timestamp"": ""2026-05-05 22:30:38"", ""total_eur"": -1.0, ""transaction_id"": 674, ""unit_price_eur"": 1.0, ""unit_purchase_price_eur"": 0.45}"
2026-05-08_224617;C:\Users\Dani\Documents\CODEX-Projects\drink_pos\data\drink_pos_dev.db;data;transaction_items;387;"{""id"": 387, ""item_id"": 1, ""item_name_snapshot"": ""Bier gross"", ""item_short_label_snapshot"": ""Gross"", ""kind"": ""ROUND_DEDUCTED"", ""person_id"": 2, ""profit_eur"": -1.1, ""purchase_total_eur"": -1.4, ""quantity"": -1, ""timestamp"": ""2026-05-05 22:30:38"", ""total_eur"": -2.5, ""transaction_id"": 674, ""unit_price_eur"": 2.5, ""unit_purchase_price_eur"": 1.4}"
2026-05-08_224617;C:\Users\Dani\Documents\CODEX-Projects\drink_pos\data\drink_pos_dev.db;data;transaction_items;388;"{""id"": 388, ""item_id"": 1, ""item_name_snapshot"": ""Bier gross"", ""item_short_label_snapshot"": ""Gross"", ""kind"": ""ROUND_DEDUCTED"", ""person_id"": 3, ""profit_eur"": -1.1, ""purchase_total_eur"": -1.4, ""quantity"": -1, ""timestamp"": ""2026-05-05 22:30:38"", ""total_eur"": -2.5, ""transaction_id"": 674, ""unit_price_eur"": 2.5, ""unit_purchase_price_eur"": 1.4}"
2026-05-08_224617;C:\Users\Dani\Documents\CODEX-Projects\drink_pos\data\drink_pos_dev.db;data;transaction_items;389;"{""id"": 389, ""item_id"": 2, ""item_name_snapshot"": ""Bier klein"", ""item_short_label_snapshot"": ""Klein"", ""kind"": ""ROUND_DEDUCTED"", ""person_id"": 4, ""profit_eur"": -0.8, ""purchase_total_eur"": -1.0, ""quantity"": -1, ""timestamp"": ""2026-05-05 22:30:38"", ""total_eur"": -1.8, ""transaction_id"": 674, ""unit_price_eur"": 1.8, ""unit_purchase_price_eur"": 1.0}"
2026-05-08_224617;C:\Users\Dani\Documents\CODEX-Projects\drink_pos\data\drink_pos_dev.db;data;transaction_items;390;"{""id"": 390, ""item_id"": 2, ""item_name_snapshot"": ""Bier klein"", ""item_short_label_snapshot"": ""Klein"", ""kind"": ""ROUND_DEDUCTED"", ""person_id"": 5, ""profit_eur"": -0.8, ""purchase_total_eur"": -1.0, ""quantity"": -1, ""timestamp"": ""2026-05-05 22:30:38"", ""total_eur"": -1.8, ""transaction_id"": 674, ""unit_price_eur"": 1.8, ""unit_purchase_price_eur"": 1.0}"
2026-05-08_224617;C:\Users\Dani\Documents\CODEX-Projects\drink_pos\data\drink_pos_dev.db;data;transaction_items;391;"{""id"": 391, ""item_id"": 2, ""item_name_snapshot"": ""Bier klein"", ""item_short_label_snapshot"": ""Klein"", ""kind"": ""CONSUME"", ""person_id"": 33, ""profit_eur"": 0.8, ""purchase_total_eur"": 1.0, ""quantity"": 1, ""timestamp"": ""2026-05-06 20:21:01"", ""total_eur"": 1.8, ""transaction_id"": 676, ""unit_price_eur"": 1.8, ""unit_purchase_price_eur"": 1.0}"
2026-05-08_224617;C:\Users\Dani\Documents\CODEX-Projects\drink_pos\data\drink_pos_dev.db;data;transaction_items;392;"{""id"": 392, ""item_id"": 1, ""item_name_snapshot"": ""Bier gross"", ""item_short_label_snapshot"": ""Gross"", ""kind"": ""CONSUME"", ""person_id"": 33, ""profit_eur"": 1.1, ""purchase_total_eur"": 1.4, ""quantity"": 1, ""timestamp"": ""2026-05-06 20:21:02"", ""total_eur"": 2.5, ""transaction_id"": 677, ""unit_price_eur"": 2.5, ""unit_purchase_price_eur"": 1.4}"
2026-05-08_224617;C:\Users\Dani\Documents\CODEX-Projects\drink_pos\data\drink_pos_dev.db;data;transaction_items;393;"{""id"": 393, ""item_id"": 3, ""item_name_snapshot"": ""Limo"", ""item_short_label_snapshot"": ""Limo"", ""kind"": ""CONSUME"", ""person_id"": 33, ""profit_eur"": 0.55, ""purchase_total_eur"": 0.45, ""quantity"": 1, ""timestamp"": ""2026-05-06 20:21:02"", ""total_eur"": 1.0, ""transaction_id"": 678, ""unit_price_eur"": 1.0, ""unit_purchase_price_eur"": 0.45}"
2026-05-08_224617;C:\Users\Dani\Documents\CODEX-Projects\drink_pos\data\drink_pos_dev.db;data;transaction_items;394;"{""id"": 394, ""item_id"": 2, ""item_name_snapshot"": ""Bier klein"", ""item_short_label_snapshot"": ""Klein"", ""kind"": ""CONSUME"", ""person_id"": 33, ""profit_eur"": 0.8, ""purchase_total_eur"": 1.0, ""quantity"": 1, ""timestamp"": ""2026-05-06 20:23:56"", ""total_eur"": 1.8, ""transaction_id"": 681, ""unit_price_eur"": 1.8, ""unit_purchase_price_eur"": 1.0}"
2026-05-08_224617;C:\Users\Dani\Documents\CODEX-Projects\drink_pos\data\drink_pos_dev.db;data;transaction_items;395;"{""id"": 395, ""item_id"": 2, ""item_name_snapshot"": ""Bier klein"", ""item_short_label_snapshot"": ""Klein"", ""kind"": ""CONSUME"", ""person_id"": 34, ""profit_eur"": 0.8, ""purchase_total_eur"": 1.0, ""quantity"": 1, ""timestamp"": ""2026-05-06 20:24:00"", ""total_eur"": 1.8, ""transaction_id"": 682, ""unit_price_eur"": 1.8, ""unit_purchase_price_eur"": 1.0}"
2026-05-08_224617;C:\Users\Dani\Documents\CODEX-Projects\drink_pos\data\drink_pos_dev.db;data;transaction_items;396;"{""id"": 396, ""item_id"": 2, ""item_name_snapshot"": ""Bier klein"", ""item_short_label_snapshot"": ""Klein"", ""kind"": ""CONSUME"", ""person_id"": 34, ""profit_eur"": 0.8, ""purchase_total_eur"": 1.0, ""quantity"": 1, ""timestamp"": ""2026-05-06 20:24:01"", ""total_eur"": 1.8, ""transaction_id"": 683, ""unit_price_eur"": 1.8, ""unit_purchase_price_eur"": 1.0}"
2026-05-08_224617;C:\Users\Dani\Documents\CODEX-Projects\drink_pos\data\drink_pos_dev.db;data;transaction_items;397;"{""id"": 397, ""item_id"": 1, ""item_name_snapshot"": ""Bier gross"", ""item_short_label_snapshot"": ""Gross"", ""kind"": ""CONSUME"", ""person_id"": 34, ""profit_eur"": 1.1, ""purchase_total_eur"": 1.4, ""quantity"": 1, ""timestamp"": ""2026-05-06 20:24:02"", ""total_eur"": 2.5, ""transaction_id"": 684, ""unit_price_eur"": 2.5, ""unit_purchase_price_eur"": 1.4}"
2026-05-08_224617;C:\Users\Dani\Documents\CODEX-Projects\drink_pos\data\drink_pos_dev.db;data;transaction_items;398;"{""id"": 398, ""item_id"": 3, ""item_name_snapshot"": ""Limo"", ""item_short_label_snapshot"": ""Limo"", ""kind"": ""CONSUME"", ""person_id"": 34, ""profit_eur"": 0.55, ""purchase_total_eur"": 0.45, ""quantity"": 1, ""timestamp"": ""2026-05-06 20:24:03"", ""total_eur"": 1.0, ""transaction_id"": 685, ""unit_price_eur"": 1.0, ""unit_purchase_price_eur"": 0.45}"
2026-05-08_224617;C:\Users\Dani\Documents\CODEX-Projects\drink_pos\data\drink_pos_dev.db;data;transaction_items;399;"{""id"": 399, ""item_id"": 1, ""item_name_snapshot"": ""Bier gross"", ""item_short_label_snapshot"": ""Gross"", ""kind"": ""CONSUME"", ""person_id"": 2, ""profit_eur"": 1.1, ""purchase_total_eur"": 1.4, ""quantity"": 1, ""timestamp"": ""2026-05-06 20:24:07"", ""total_eur"": 2.5, ""transaction_id"": 686, ""unit_price_eur"": 2.5, ""unit_purchase_price_eur"": 1.4}"
2026-05-08_224617;C:\Users\Dani\Documents\CODEX-Projects\drink_pos\data\drink_pos_dev.db;data;transaction_items;400;"{""id"": 400, ""item_id"": 2, ""item_name_snapshot"": ""Bier klein"", ""item_short_label_snapshot"": ""Klein"", ""kind"": ""CONSUME"", ""person_id"": 2, ""profit_eur"": 0.8, ""purchase_total_eur"": 1.0, ""quantity"": 1, ""timestamp"": ""2026-05-06 20:24:08"", ""total_eur"": 1.8, ""transaction_id"": 687, ""unit_price_eur"": 1.8, ""unit_purchase_price_eur"": 1.0}"
2026-05-08_224617;C:\Users\Dani\Documents\CODEX-Projects\drink_pos\data\drink_pos_dev.db;data;transaction_items;401;"{""id"": 401, ""item_id"": 3, ""item_name_snapshot"": ""Limo"", ""item_short_label_snapshot"": ""Limo"", ""kind"": ""CONSUME"", ""person_id"": 2, ""profit_eur"": 0.55, ""purchase_total_eur"": 0.45, ""quantity"": 1, ""timestamp"": ""2026-05-06 20:24:09"", ""total_eur"": 1.0, ""transaction_id"": 688, ""unit_price_eur"": 1.0, ""unit_purchase_price_eur"": 0.45}"
2026-05-08_224617;C:\Users\Dani\Documents\CODEX-Projects\drink_pos\data\drink_pos_dev.db;data;transaction_items;402;"{""id"": 402, ""item_id"": 2, ""item_name_snapshot"": ""Bier klein"", ""item_short_label_snapshot"": ""Klein"", ""kind"": ""CONSUME"", ""person_id"": 2, ""profit_eur"": 0.8, ""purchase_total_eur"": 1.0, ""quantity"": 1, ""timestamp"": ""2026-05-06 20:24:09"", ""total_eur"": 1.8, ""transaction_id"": 689, ""unit_price_eur"": 1.8, ""unit_purchase_price_eur"": 1.0}"
2026-05-08_224617;C:\Users\Dani\Documents\CODEX-Projects\drink_pos\data\drink_pos_dev.db;data;transaction_items;403;"{""id"": 403, ""item_id"": 2, ""item_name_snapshot"": ""Bier klein"", ""item_short_label_snapshot"": ""Klein"", ""kind"": ""CONSUME"", ""person_id"": 34, ""profit_eur"": 0.8, ""purchase_total_eur"": 1.0, ""quantity"": 1, ""timestamp"": ""2026-05-06 20:24:25"", ""total_eur"": 1.8, ""transaction_id"": 690, ""unit_price_eur"": 1.8, ""unit_purchase_price_eur"": 1.0}"
2026-05-08_224617;C:\Users\Dani\Documents\CODEX-Projects\drink_pos\data\drink_pos_dev.db;data;transaction_items;404;"{""id"": 404, ""item_id"": 2, ""item_name_snapshot"": ""Bier klein"", ""item_short_label_snapshot"": ""Klein"", ""kind"": ""CONSUME"", ""person_id"": 1, ""profit_eur"": 0.8, ""purchase_total_eur"": 1.0, ""quantity"": 1, ""timestamp"": ""2026-05-06 20:24:39"", ""total_eur"": 1.8, ""transaction_id"": 691, ""unit_price_eur"": 1.8, ""unit_purchase_price_eur"": 1.0}"
2026-05-08_224617;C:\Users\Dani\Documents\CODEX-Projects\drink_pos\data\drink_pos_dev.db;data;transaction_items;405;"{""id"": 405, ""item_id"": 1, ""item_name_snapshot"": ""Bier gross"", ""item_short_label_snapshot"": ""Gross"", ""kind"": ""CONSUME"", ""person_id"": 1, ""profit_eur"": 1.1, ""purchase_total_eur"": 1.4, ""quantity"": 1, ""timestamp"": ""2026-05-06 20:24:41"", ""total_eur"": 2.5, ""transaction_id"": 692, ""unit_price_eur"": 2.5, ""unit_purchase_price_eur"": 1.4}"
2026-05-08_224617;C:\Users\Dani\Documents\CODEX-Projects\drink_pos\data\drink_pos_dev.db;data;transaction_items;406;"{""id"": 406, ""item_id"": 2, ""item_name_snapshot"": ""Bier klein"", ""item_short_label_snapshot"": ""Klein"", ""kind"": ""CONSUME"", ""person_id"": 1, ""profit_eur"": 0.8, ""purchase_total_eur"": 1.0, ""quantity"": 1, ""timestamp"": ""2026-05-06 20:24:41"", ""total_eur"": 1.8, ""transaction_id"": 693, ""unit_price_eur"": 1.8, ""unit_purchase_price_eur"": 1.0}"
2026-05-08_224617;C:\Users\Dani\Documents\CODEX-Projects\drink_pos\data\drink_pos_dev.db;data;transaction_items;407;"{""id"": 407, ""item_id"": 1, ""item_name_snapshot"": ""Bier gross"", ""item_short_label_snapshot"": ""Gross"", ""kind"": ""CONSUME"", ""person_id"": 1, ""profit_eur"": 1.1, ""purchase_total_eur"": 1.4, ""quantity"": 1, ""timestamp"": ""2026-05-06 20:24:42"", ""total_eur"": 2.5, ""transaction_id"": 694, ""unit_price_eur"": 2.5, ""unit_purchase_price_eur"": 1.4}"
2026-05-08_224617;C:\Users\Dani\Documents\CODEX-Projects\drink_pos\data\drink_pos_dev.db;data;transaction_items;408;"{""id"": 408, ""item_id"": 2, ""item_name_snapshot"": ""Bier klein"", ""item_short_label_snapshot"": ""Klein"", ""kind"": ""CONSUME"", ""person_id"": 1, ""profit_eur"": 0.8, ""purchase_total_eur"": 1.0, ""quantity"": 1, ""timestamp"": ""2026-05-06 20:24:42"", ""total_eur"": 1.8, ""transaction_id"": 695, ""unit_price_eur"": 1.8, ""unit_purchase_price_eur"": 1.0}"
2026-05-08_224617;C:\Users\Dani\Documents\CODEX-Projects\drink_pos\data\drink_pos_dev.db;data;transaction_items;409;"{""id"": 409, ""item_id"": 3, ""item_name_snapshot"": ""Limo"", ""item_short_label_snapshot"": ""Limo"", ""kind"": ""CONSUME"", ""person_id"": 1, ""profit_eur"": 0.55, ""purchase_total_eur"": 0.45, ""quantity"": 1, ""timestamp"": ""2026-05-06 20:24:42"", ""total_eur"": 1.0, ""transaction_id"": 696, ""unit_price_eur"": 1.0, ""unit_purchase_price_eur"": 0.45}"
2026-05-08_224617;C:\Users\Dani\Documents\CODEX-Projects\drink_pos\data\drink_pos_dev.db;data;transaction_items;410;"{""id"": 410, ""item_id"": 2, ""item_name_snapshot"": ""Bier klein"", ""item_short_label_snapshot"": ""Klein"", ""kind"": ""CONSUME"", ""person_id"": 1, ""profit_eur"": 0.8, ""purchase_total_eur"": 1.0, ""quantity"": 1, ""timestamp"": ""2026-05-06 20:24:43"", ""total_eur"": 1.8, ""transaction_id"": 697, ""unit_price_eur"": 1.8, ""unit_purchase_price_eur"": 1.0}"
2026-05-08_224617;C:\Users\Dani\Documents\CODEX-Projects\drink_pos\data\drink_pos_dev.db;data;transaction_items;411;"{""id"": 411, ""item_id"": 1, ""item_name_snapshot"": ""Bier gross"", ""item_short_label_snapshot"": ""Gross"", ""kind"": ""CONSUME"", ""person_id"": 1, ""profit_eur"": 1.1, ""purchase_total_eur"": 1.4, ""quantity"": 1, ""timestamp"": ""2026-05-06 20:24:43"", ""total_eur"": 2.5, ""transaction_id"": 698, ""unit_price_eur"": 2.5, ""unit_purchase_price_eur"": 1.4}"
2026-05-08_224617;C:\Users\Dani\Documents\CODEX-Projects\drink_pos\data\drink_pos_dev.db;data;transaction_items;412;"{""id"": 412, ""item_id"": 2, ""item_name_snapshot"": ""Bier klein"", ""item_short_label_snapshot"": ""Klein"", ""kind"": ""CONSUME"", ""person_id"": 1, ""profit_eur"": 0.8, ""purchase_total_eur"": 1.0, ""quantity"": 1, ""timestamp"": ""2026-05-06 20:24:44"", ""total_eur"": 1.8, ""transaction_id"": 699, ""unit_price_eur"": 1.8, ""unit_purchase_price_eur"": 1.0}"
2026-05-08_224617;C:\Users\Dani\Documents\CODEX-Projects\drink_pos\data\drink_pos_dev.db;data;transaction_items;413;"{""id"": 413, ""item_id"": 3, ""item_name_snapshot"": ""Limo"", ""item_short_label_snapshot"": ""Limo"", ""kind"": ""CONSUME"", ""person_id"": 1, ""profit_eur"": 0.55, ""purchase_total_eur"": 0.45, ""quantity"": 1, ""timestamp"": ""2026-05-06 20:24:44"", ""total_eur"": 1.0, ""transaction_id"": 700, ""unit_price_eur"": 1.0, ""unit_purchase_price_eur"": 0.45}"
2026-05-08_224617;C:\Users\Dani\Documents\CODEX-Projects\drink_pos\data\drink_pos_dev.db;data;transaction_items;414;"{""id"": 414, ""item_id"": 2, ""item_name_snapshot"": ""Bier klein"", ""item_short_label_snapshot"": ""Klein"", ""kind"": ""CONSUME"", ""person_id"": 1, ""profit_eur"": 0.8, ""purchase_total_eur"": 1.0, ""quantity"": 1, ""timestamp"": ""2026-05-06 20:24:45"", ""total_eur"": 1.8, ""transaction_id"": 701, ""unit_price_eur"": 1.8, ""unit_purchase_price_eur"": 1.0}"
2026-05-08_224617;C:\Users\Dani\Documents\CODEX-Projects\drink_pos\data\drink_pos_dev.db;data;transaction_items;415;"{""id"": 415, ""item_id"": 1, ""item_name_snapshot"": ""Bier gross"", ""item_short_label_snapshot"": ""Gross"", ""kind"": ""CONSUME"", ""person_id"": 1, ""profit_eur"": 1.1, ""purchase_total_eur"": 1.4, ""quantity"": 1, ""timestamp"": ""2026-05-06 20:24:45"", ""total_eur"": 2.5, ""transaction_id"": 702, ""unit_price_eur"": 2.5, ""unit_purchase_price_eur"": 1.4}"
2026-05-08_224617;C:\Users\Dani\Documents\CODEX-Projects\drink_pos\data\drink_pos_dev.db;data;transaction_items;416;"{""id"": 416, ""item_id"": 2, ""item_name_snapshot"": ""Bier klein"", ""item_short_label_snapshot"": ""Klein"", ""kind"": ""CONSUME"", ""person_id"": 1, ""profit_eur"": 0.8, ""purchase_total_eur"": 1.0, ""quantity"": 1, ""timestamp"": ""2026-05-06 20:24:45"", ""total_eur"": 1.8, ""transaction_id"": 703, ""unit_price_eur"": 1.8, ""unit_purchase_price_eur"": 1.0}"
2026-05-08_224617;C:\Users\Dani\Documents\CODEX-Projects\drink_pos\data\drink_pos_dev.db;data;transaction_items;417;"{""id"": 417, ""item_id"": 3, ""item_name_snapshot"": ""Limo"", ""item_short_label_snapshot"": ""Limo"", ""kind"": ""CONSUME"", ""person_id"": 1, ""profit_eur"": 0.55, ""purchase_total_eur"": 0.45, ""quantity"": 1, ""timestamp"": ""2026-05-06 20:24:46"", ""total_eur"": 1.0, ""transaction_id"": 704, ""unit_price_eur"": 1.0, ""unit_purchase_price_eur"": 0.45}"
2026-05-08_224617;C:\Users\Dani\Documents\CODEX-Projects\drink_pos\data\drink_pos_dev.db;data;transaction_items;418;"{""id"": 418, ""item_id"": 2, ""item_name_snapshot"": ""Bier klein"", ""item_short_label_snapshot"": ""Klein"", ""kind"": ""CONSUME"", ""person_id"": 1, ""profit_eur"": 0.8, ""purchase_total_eur"": 1.0, ""quantity"": 1, ""timestamp"": ""2026-05-06 20:24:46"", ""total_eur"": 1.8, ""transaction_id"": 705, ""unit_price_eur"": 1.8, ""unit_purchase_price_eur"": 1.0}"
2026-05-08_224617;C:\Users\Dani\Documents\CODEX-Projects\drink_pos\data\drink_pos_dev.db;data;transaction_items;419;"{""id"": 419, ""item_id"": 1, ""item_name_snapshot"": ""Bier gross"", ""item_short_label_snapshot"": ""Gross"", ""kind"": ""CONSUME"", ""person_id"": 1, ""profit_eur"": 1.1, ""purchase_total_eur"": 1.4, ""quantity"": 1, ""timestamp"": ""2026-05-06 20:24:46"", ""total_eur"": 2.5, ""transaction_id"": 706, ""unit_price_eur"": 2.5, ""unit_purchase_price_eur"": 1.4}"
2026-05-08_224617;C:\Users\Dani\Documents\CODEX-Projects\drink_pos\data\drink_pos_dev.db;data;transaction_items;420;"{""id"": 420, ""item_id"": 2, ""item_name_snapshot"": ""Bier klein"", ""item_short_label_snapshot"": ""Klein"", ""kind"": ""CONSUME"", ""person_id"": 1, ""profit_eur"": 0.8, ""purchase_total_eur"": 1.0, ""quantity"": 1, ""timestamp"": ""2026-05-06 20:24:47"", ""total_eur"": 1.8, ""transaction_id"": 707, ""unit_price_eur"": 1.8, ""unit_purchase_price_eur"": 1.0}"
2026-05-08_224617;C:\Users\Dani\Documents\CODEX-Projects\drink_pos\data\drink_pos_dev.db;data;transaction_items;421;"{""id"": 421, ""item_id"": 3, ""item_name_snapshot"": ""Limo"", ""item_short_label_snapshot"": ""Limo"", ""kind"": ""CONSUME"", ""person_id"": 1, ""profit_eur"": 0.55, ""purchase_total_eur"": 0.45, ""quantity"": 1, ""timestamp"": ""2026-05-06 20:24:47"", ""total_eur"": 1.0, ""transaction_id"": 708, ""unit_price_eur"": 1.0, ""unit_purchase_price_eur"": 0.45}"
2026-05-08_224617;C:\Users\Dani\Documents\CODEX-Projects\drink_pos\data\drink_pos_dev.db;data;transaction_items;422;"{""id"": 422, ""item_id"": 2, ""item_name_snapshot"": ""Bier klein"", ""item_short_label_snapshot"": ""Klein"", ""kind"": ""CONSUME"", ""person_id"": 1, ""profit_eur"": 0.8, ""purchase_total_eur"": 1.0, ""quantity"": 1, ""timestamp"": ""2026-05-06 20:24:47"", ""total_eur"": 1.8, ""transaction_id"": 709, ""unit_price_eur"": 1.8, ""unit_purchase_price_eur"": 1.0}"
2026-05-08_224617;C:\Users\Dani\Documents\CODEX-Projects\drink_pos\data\drink_pos_dev.db;data;transaction_items;423;"{""id"": 423, ""item_id"": 1, ""item_name_snapshot"": ""Bier gross"", ""item_short_label_snapshot"": ""Gross"", ""kind"": ""CONSUME"", ""person_id"": 1, ""profit_eur"": 1.1, ""purchase_total_eur"": 1.4, ""quantity"": 1, ""timestamp"": ""2026-05-06 20:24:48"", ""total_eur"": 2.5, ""transaction_id"": 710, ""unit_price_eur"": 2.5, ""unit_purchase_price_eur"": 1.4}"
2026-05-08_224617;C:\Users\Dani\Documents\CODEX-Projects\drink_pos\data\drink_pos_dev.db;data;transaction_items;424;"{""id"": 424, ""item_id"": 2, ""item_name_snapshot"": ""Bier klein"", ""item_short_label_snapshot"": ""Klein"", ""kind"": ""CONSUME"", ""person_id"": 1, ""profit_eur"": 0.8, ""purchase_total_eur"": 1.0, ""quantity"": 1, ""timestamp"": ""2026-05-06 20:25:46"", ""total_eur"": 1.8, ""transaction_id"": 711, ""unit_price_eur"": 1.8, ""unit_purchase_price_eur"": 1.0}"
2026-05-08_224617;C:\Users\Dani\Documents\CODEX-Projects\drink_pos\data\drink_pos_dev.db;data;transaction_items;425;"{""id"": 425, ""item_id"": 2, ""item_name_snapshot"": ""Bier klein"", ""item_short_label_snapshot"": ""Klein"", ""kind"": ""CONSUME"", ""person_id"": 1, ""profit_eur"": 0.8, ""purchase_total_eur"": 1.0, ""quantity"": 1, ""timestamp"": ""2026-05-06 20:26:08"", ""total_eur"": 1.8, ""transaction_id"": 712, ""unit_price_eur"": 1.8, ""unit_purchase_price_eur"": 1.0}"
2026-05-08_224617;C:\Users\Dani\Documents\CODEX-Projects\drink_pos\data\drink_pos_dev.db;data;transaction_items;426;"{""id"": 426, ""item_id"": 1, ""item_name_snapshot"": ""Bier gross"", ""item_short_label_snapshot"": ""Gross"", ""kind"": ""CONSUME"", ""person_id"": 1, ""profit_eur"": 1.1, ""purchase_total_eur"": 1.4, ""quantity"": 1, ""timestamp"": ""2026-05-06 20:26:09"", ""total_eur"": 2.5, ""transaction_id"": 713, ""unit_price_eur"": 2.5, ""unit_purchase_price_eur"": 1.4}"
2026-05-08_224617;C:\Users\Dani\Documents\CODEX-Projects\drink_pos\data\drink_pos_dev.db;data;transaction_items;427;"{""id"": 427, ""item_id"": 2, ""item_name_snapshot"": ""Bier klein"", ""item_short_label_snapshot"": ""Klein"", ""kind"": ""CONSUME"", ""person_id"": 1, ""profit_eur"": 0.8, ""purchase_total_eur"": 1.0, ""quantity"": 1, ""timestamp"": ""2026-05-06 20:26:10"", ""total_eur"": 1.8, ""transaction_id"": 714, ""unit_price_eur"": 1.8, ""unit_purchase_price_eur"": 1.0}"
2026-05-08_224617;C:\Users\Dani\Documents\CODEX-Projects\drink_pos\data\drink_pos_dev.db;data;transaction_items;428;"{""id"": 428, ""item_id"": 3, ""item_name_snapshot"": ""Limo"", ""item_short_label_snapshot"": ""Limo"", ""kind"": ""CONSUME"", ""person_id"": 1, ""profit_eur"": 0.55, ""purchase_total_eur"": 0.45, ""quantity"": 1, ""timestamp"": ""2026-05-06 20:26:10"", ""total_eur"": 1.0, ""transaction_id"": 715, ""unit_price_eur"": 1.0, ""unit_purchase_price_eur"": 0.45}"
2026-05-08_224617;C:\Users\Dani\Documents\CODEX-Projects\drink_pos\data\drink_pos_dev.db;data;transaction_items;429;"{""id"": 429, ""item_id"": 3, ""item_name_snapshot"": ""Limo"", ""item_short_label_snapshot"": ""Limo"", ""kind"": ""CONSUME"", ""person_id"": 1, ""profit_eur"": 0.55, ""purchase_total_eur"": 0.45, ""quantity"": 1, ""timestamp"": ""2026-05-06 20:26:11"", ""total_eur"": 1.0, ""transaction_id"": 716, ""unit_price_eur"": 1.0, ""unit_purchase_price_eur"": 0.45}"
2026-05-08_224617;C:\Users\Dani\Documents\CODEX-Projects\drink_pos\data\drink_pos_dev.db;data;transaction_items;430;"{""id"": 430, ""item_id"": 3, ""item_name_snapshot"": ""Limo"", ""item_short_label_snapshot"": ""Limo"", ""kind"": ""CONSUME"", ""person_id"": 1, ""profit_eur"": 0.55, ""purchase_total_eur"": 0.45, ""quantity"": 1, ""timestamp"": ""2026-05-06 20:26:11"", ""total_eur"": 1.0, ""transaction_id"": 717, ""unit_price_eur"": 1.0, ""unit_purchase_price_eur"": 0.45}"
2026-05-08_224617;C:\Users\Dani\Documents\CODEX-Projects\drink_pos\data\drink_pos_dev.db;data;transaction_items;431;"{""id"": 431, ""item_id"": 3, ""item_name_snapshot"": ""Limo"", ""item_short_label_snapshot"": ""Limo"", ""kind"": ""CONSUME"", ""person_id"": 1, ""profit_eur"": 0.55, ""purchase_total_eur"": 0.45, ""quantity"": 1, ""timestamp"": ""2026-05-06 20:26:11"", ""total_eur"": 1.0, ""transaction_id"": 718, ""unit_price_eur"": 1.0, ""unit_purchase_price_eur"": 0.45}"
2026-05-08_224617;C:\Users\Dani\Documents\CODEX-Projects\drink_pos\data\drink_pos_dev.db;data;transaction_items;432;"{""id"": 432, ""item_id"": 3, ""item_name_snapshot"": ""Limo"", ""item_short_label_snapshot"": ""Limo"", ""kind"": ""CONSUME"", ""person_id"": 1, ""profit_eur"": 0.55, ""purchase_total_eur"": 0.45, ""quantity"": 1, ""timestamp"": ""2026-05-06 20:26:12"", ""total_eur"": 1.0, ""transaction_id"": 719, ""unit_price_eur"": 1.0, ""unit_purchase_price_eur"": 0.45}"
2026-05-08_224617;C:\Users\Dani\Documents\CODEX-Projects\drink_pos\data\drink_pos_dev.db;data;transaction_items;433;"{""id"": 433, ""item_id"": 3, ""item_name_snapshot"": ""Limo"", ""item_short_label_snapshot"": ""Limo"", ""kind"": ""CONSUME"", ""person_id"": 1, ""profit_eur"": 0.55, ""purchase_total_eur"": 0.45, ""quantity"": 1, ""timestamp"": ""2026-05-06 20:26:12"", ""total_eur"": 1.0, ""transaction_id"": 720, ""unit_price_eur"": 1.0, ""unit_purchase_price_eur"": 0.45}"
2026-05-08_224617;C:\Users\Dani\Documents\CODEX-Projects\drink_pos\data\drink_pos_dev.db;data;transaction_items;434;"{""id"": 434, ""item_id"": 3, ""item_name_snapshot"": ""Limo"", ""item_short_label_snapshot"": ""Limo"", ""kind"": ""CONSUME"", ""person_id"": 1, ""profit_eur"": 0.55, ""purchase_total_eur"": 0.45, ""quantity"": 1, ""timestamp"": ""2026-05-06 20:26:12"", ""total_eur"": 1.0, ""transaction_id"": 721, ""unit_price_eur"": 1.0, ""unit_purchase_price_eur"": 0.45}"
2026-05-08_224617;C:\Users\Dani\Documents\CODEX-Projects\drink_pos\data\drink_pos_dev.db;data;transaction_items;435;"{""id"": 435, ""item_id"": 3, ""item_name_snapshot"": ""Limo"", ""item_short_label_snapshot"": ""Limo"", ""kind"": ""CONSUME"", ""person_id"": 1, ""profit_eur"": 0.55, ""purchase_total_eur"": 0.45, ""quantity"": 1, ""timestamp"": ""2026-05-06 20:26:12"", ""total_eur"": 1.0, ""transaction_id"": 722, ""unit_price_eur"": 1.0, ""unit_purchase_price_eur"": 0.45}"
2026-05-08_224617;C:\Users\Dani\Documents\CODEX-Projects\drink_pos\data\drink_pos_dev.db;data;transaction_items;436;"{""id"": 436, ""item_id"": 3, ""item_name_snapshot"": ""Limo"", ""item_short_label_snapshot"": ""Limo"", ""kind"": ""CONSUME"", ""person_id"": 1, ""profit_eur"": 0.55, ""purchase_total_eur"": 0.45, ""quantity"": 1, ""timestamp"": ""2026-05-06 20:26:12"", ""total_eur"": 1.0, ""transaction_id"": 723, ""unit_price_eur"": 1.0, ""unit_purchase_price_eur"": 0.45}"
2026-05-08_224617;C:\Users\Dani\Documents\CODEX-Projects\drink_pos\data\drink_pos_dev.db;data;transaction_items;437;"{""id"": 437, ""item_id"": 3, ""item_name_snapshot"": ""Limo"", ""item_short_label_snapshot"": ""Limo"", ""kind"": ""CONSUME"", ""person_id"": 1, ""profit_eur"": 0.55, ""purchase_total_eur"": 0.45, ""quantity"": 1, ""timestamp"": ""2026-05-06 20:26:12"", ""total_eur"": 1.0, ""transaction_id"": 724, ""unit_price_eur"": 1.0, ""unit_purchase_price_eur"": 0.45}"
2026-05-08_224617;C:\Users\Dani\Documents\CODEX-Projects\drink_pos\data\drink_pos_dev.db;data;transaction_items;438;"{""id"": 438, ""item_id"": 3, ""item_name_snapshot"": ""Limo"", ""item_short_label_snapshot"": ""Limo"", ""kind"": ""CONSUME"", ""person_id"": 1, ""profit_eur"": 0.55, ""purchase_total_eur"": 0.45, ""quantity"": 1, ""timestamp"": ""2026-05-06 20:26:12"", ""total_eur"": 1.0, ""transaction_id"": 725, ""unit_price_eur"": 1.0, ""unit_purchase_price_eur"": 0.45}"
2026-05-08_224617;C:\Users\Dani\Documents\CODEX-Projects\drink_pos\data\drink_pos_dev.db;data;transaction_items;439;"{""id"": 439, ""item_id"": 3, ""item_name_snapshot"": ""Limo"", ""item_short_label_snapshot"": ""Limo"", ""kind"": ""CONSUME"", ""person_id"": 1, ""profit_eur"": 0.55, ""purchase_total_eur"": 0.45, ""quantity"": 1, ""timestamp"": ""2026-05-06 20:26:13"", ""total_eur"": 1.0, ""transaction_id"": 726, ""unit_price_eur"": 1.0, ""unit_purchase_price_eur"": 0.45}"
2026-05-08_224617;C:\Users\Dani\Documents\CODEX-Projects\drink_pos\data\drink_pos_dev.db;data;transaction_items;440;"{""id"": 440, ""item_id"": 3, ""item_name_snapshot"": ""Limo"", ""item_short_label_snapshot"": ""Limo"", ""kind"": ""CONSUME"", ""person_id"": 1, ""profit_eur"": 0.55, ""purchase_total_eur"": 0.45, ""quantity"": 1, ""timestamp"": ""2026-05-06 20:26:13"", ""total_eur"": 1.0, ""transaction_id"": 727, ""unit_price_eur"": 1.0, ""unit_purchase_price_eur"": 0.45}"
2026-05-08_224617;C:\Users\Dani\Documents\CODEX-Projects\drink_pos\data\drink_pos_dev.db;data;transaction_items;441;"{""id"": 441, ""item_id"": 3, ""item_name_snapshot"": ""Limo"", ""item_short_label_snapshot"": ""Limo"", ""kind"": ""CONSUME"", ""person_id"": 1, ""profit_eur"": 0.55, ""purchase_total_eur"": 0.45, ""quantity"": 1, ""timestamp"": ""2026-05-06 20:26:13"", ""total_eur"": 1.0, ""transaction_id"": 728, ""unit_price_eur"": 1.0, ""unit_purchase_price_eur"": 0.45}"
2026-05-08_224617;C:\Users\Dani\Documents\CODEX-Projects\drink_pos\data\drink_pos_dev.db;data;transaction_items;442;"{""id"": 442, ""item_id"": 3, ""item_name_snapshot"": ""Limo"", ""item_short_label_snapshot"": ""Limo"", ""kind"": ""CONSUME"", ""person_id"": 1, ""profit_eur"": 0.55, ""purchase_total_eur"": 0.45, ""quantity"": 1, ""timestamp"": ""2026-05-06 20:26:13"", ""total_eur"": 1.0, ""transaction_id"": 729, ""unit_price_eur"": 1.0, ""unit_purchase_price_eur"": 0.45}"
2026-05-08_224617;C:\Users\Dani\Documents\CODEX-Projects\drink_pos\data\drink_pos_dev.db;data;transaction_items;443;"{""id"": 443, ""item_id"": 3, ""item_name_snapshot"": ""Limo"", ""item_short_label_snapshot"": ""Limo"", ""kind"": ""CONSUME"", ""person_id"": 1, ""profit_eur"": 0.55, ""purchase_total_eur"": 0.45, ""quantity"": 1, ""timestamp"": ""2026-05-06 20:26:13"", ""total_eur"": 1.0, ""transaction_id"": 730, ""unit_price_eur"": 1.0, ""unit_purchase_price_eur"": 0.45}"
2026-05-08_224617;C:\Users\Dani\Documents\CODEX-Projects\drink_pos\data\drink_pos_dev.db;data;transaction_items;444;"{""id"": 444, ""item_id"": 3, ""item_name_snapshot"": ""Limo"", ""item_short_label_snapshot"": ""Limo"", ""kind"": ""CONSUME"", ""person_id"": 1, ""profit_eur"": 0.55, ""purchase_total_eur"": 0.45, ""quantity"": 1, ""timestamp"": ""2026-05-06 20:26:14"", ""total_eur"": 1.0, ""transaction_id"": 731, ""unit_price_eur"": 1.0, ""unit_purchase_price_eur"": 0.45}"
2026-05-08_224617;C:\Users\Dani\Documents\CODEX-Projects\drink_pos\data\drink_pos_dev.db;data;transaction_items;445;"{""id"": 445, ""item_id"": 3, ""item_name_snapshot"": ""Limo"", ""item_short_label_snapshot"": ""Limo"", ""kind"": ""CONSUME"", ""person_id"": 1, ""profit_eur"": 0.55, ""purchase_total_eur"": 0.45, ""quantity"": 1, ""timestamp"": ""2026-05-06 20:26:14"", ""total_eur"": 1.0, ""transaction_id"": 732, ""unit_price_eur"": 1.0, ""unit_purchase_price_eur"": 0.45}"
2026-05-08_224617;C:\Users\Dani\Documents\CODEX-Projects\drink_pos\data\drink_pos_dev.db;data;transaction_items;446;"{""id"": 446, ""item_id"": 3, ""item_name_snapshot"": ""Limo"", ""item_short_label_snapshot"": ""Limo"", ""kind"": ""CONSUME"", ""person_id"": 1, ""profit_eur"": 0.55, ""purchase_total_eur"": 0.45, ""quantity"": 1, ""timestamp"": ""2026-05-06 20:26:14"", ""total_eur"": 1.0, ""transaction_id"": 733, ""unit_price_eur"": 1.0, ""unit_purchase_price_eur"": 0.45}"
2026-05-08_224617;C:\Users\Dani\Documents\CODEX-Projects\drink_pos\data\drink_pos_dev.db;data;transaction_items;447;"{""id"": 447, ""item_id"": 3, ""item_name_snapshot"": ""Limo"", ""item_short_label_snapshot"": ""Limo"", ""kind"": ""CONSUME"", ""person_id"": 1, ""profit_eur"": 0.55, ""purchase_total_eur"": 0.45, ""quantity"": 1, ""timestamp"": ""2026-05-06 20:26:14"", ""total_eur"": 1.0, ""transaction_id"": 734, ""unit_price_eur"": 1.0, ""unit_purchase_price_eur"": 0.45}"
2026-05-08_224617;C:\Users\Dani\Documents\CODEX-Projects\drink_pos\data\drink_pos_dev.db;data;transaction_items;448;"{""id"": 448, ""item_id"": 3, ""item_name_snapshot"": ""Limo"", ""item_short_label_snapshot"": ""Limo"", ""kind"": ""CONSUME"", ""person_id"": 1, ""profit_eur"": 0.55, ""purchase_total_eur"": 0.45, ""quantity"": 1, ""timestamp"": ""2026-05-06 20:26:14"", ""total_eur"": 1.0, ""transaction_id"": 735, ""unit_price_eur"": 1.0, ""unit_purchase_price_eur"": 0.45}"
2026-05-08_224617;C:\Users\Dani\Documents\CODEX-Projects\drink_pos\data\drink_pos_dev.db;data;transaction_items;449;"{""id"": 449, ""item_id"": 2, ""item_name_snapshot"": ""Bier klein"", ""item_short_label_snapshot"": ""Klein"", ""kind"": ""CONSUME"", ""person_id"": 1, ""profit_eur"": 0.8, ""purchase_total_eur"": 1.0, ""quantity"": 1, ""timestamp"": ""2026-05-06 20:26:15"", ""total_eur"": 1.8, ""transaction_id"": 736, ""unit_price_eur"": 1.8, ""unit_purchase_price_eur"": 1.0}"
2026-05-08_224617;C:\Users\Dani\Documents\CODEX-Projects\drink_pos\data\drink_pos_dev.db;data;transaction_items;450;"{""id"": 450, ""item_id"": 2, ""item_name_snapshot"": ""Bier klein"", ""item_short_label_snapshot"": ""Klein"", ""kind"": ""CONSUME"", ""person_id"": 1, ""profit_eur"": 0.8, ""purchase_total_eur"": 1.0, ""quantity"": 1, ""timestamp"": ""2026-05-06 20:26:15"", ""total_eur"": 1.8, ""transaction_id"": 737, ""unit_price_eur"": 1.8, ""unit_purchase_price_eur"": 1.0}"
2026-05-08_224617;C:\Users\Dani\Documents\CODEX-Projects\drink_pos\data\drink_pos_dev.db;data;transaction_items;451;"{""id"": 451, ""item_id"": 2, ""item_name_snapshot"": ""Bier klein"", ""item_short_label_snapshot"": ""Klein"", ""kind"": ""CONSUME"", ""person_id"": 1, ""profit_eur"": 0.8, ""purchase_total_eur"": 1.0, ""quantity"": 1, ""timestamp"": ""2026-05-06 20:26:15"", ""total_eur"": 1.8, ""transaction_id"": 738, ""unit_price_eur"": 1.8, ""unit_purchase_price_eur"": 1.0}"
2026-05-08_224617;C:\Users\Dani\Documents\CODEX-Projects\drink_pos\data\drink_pos_dev.db;data;transaction_items;452;"{""id"": 452, ""item_id"": 2, ""item_name_snapshot"": ""Bier klein"", ""item_short_label_snapshot"": ""Klein"", ""kind"": ""CONSUME"", ""person_id"": 1, ""profit_eur"": 0.8, ""purchase_total_eur"": 1.0, ""quantity"": 1, ""timestamp"": ""2026-05-06 20:26:15"", ""total_eur"": 1.8, ""transaction_id"": 739, ""unit_price_eur"": 1.8, ""unit_purchase_price_eur"": 1.0}"
2026-05-08_224617;C:\Users\Dani\Documents\CODEX-Projects\drink_pos\data\drink_pos_dev.db;data;transaction_items;453;"{""id"": 453, ""item_id"": 2, ""item_name_snapshot"": ""Bier klein"", ""item_short_label_snapshot"": ""Klein"", ""kind"": ""CONSUME"", ""person_id"": 1, ""profit_eur"": 0.8, ""purchase_total_eur"": 1.0, ""quantity"": 1, ""timestamp"": ""2026-05-06 20:26:15"", ""total_eur"": 1.8, ""transaction_id"": 740, ""unit_price_eur"": 1.8, ""unit_purchase_price_eur"": 1.0}"
2026-05-08_224617;C:\Users\Dani\Documents\CODEX-Projects\drink_pos\data\drink_pos_dev.db;data;transaction_items;454;"{""id"": 454, ""item_id"": 2, ""item_name_snapshot"": ""Bier klein"", ""item_short_label_snapshot"": ""Klein"", ""kind"": ""CONSUME"", ""person_id"": 1, ""profit_eur"": 0.8, ""purchase_total_eur"": 1.0, ""quantity"": 1, ""timestamp"": ""2026-05-06 20:26:15"", ""total_eur"": 1.8, ""transaction_id"": 741, ""unit_price_eur"": 1.8, ""unit_purchase_price_eur"": 1.0}"
2026-05-08_224617;C:\Users\Dani\Documents\CODEX-Projects\drink_pos\data\drink_pos_dev.db;data;transaction_items;455;"{""id"": 455, ""item_id"": 2, ""item_name_snapshot"": ""Bier klein"", ""item_short_label_snapshot"": ""Klein"", ""kind"": ""CONSUME"", ""person_id"": 1, ""profit_eur"": 0.8, ""purchase_total_eur"": 1.0, ""quantity"": 1, ""timestamp"": ""2026-05-06 20:26:16"", ""total_eur"": 1.8, ""transaction_id"": 742, ""unit_price_eur"": 1.8, ""unit_purchase_price_eur"": 1.0}"
2026-05-08_224617;C:\Users\Dani\Documents\CODEX-Projects\drink_pos\data\drink_pos_dev.db;data;transaction_items;456;"{""id"": 456, ""item_id"": 2, ""item_name_snapshot"": ""Bier klein"", ""item_short_label_snapshot"": ""Klein"", ""kind"": ""CONSUME"", ""person_id"": 1, ""profit_eur"": 0.8, ""purchase_total_eur"": 1.0, ""quantity"": 1, ""timestamp"": ""2026-05-06 20:26:16"", ""total_eur"": 1.8, ""transaction_id"": 743, ""unit_price_eur"": 1.8, ""unit_purchase_price_eur"": 1.0}"
2026-05-08_224617;C:\Users\Dani\Documents\CODEX-Projects\drink_pos\data\drink_pos_dev.db;data;transaction_items;457;"{""id"": 457, ""item_id"": 2, ""item_name_snapshot"": ""Bier klein"", ""item_short_label_snapshot"": ""Klein"", ""kind"": ""CONSUME"", ""person_id"": 1, ""profit_eur"": 0.8, ""purchase_total_eur"": 1.0, ""quantity"": 1, ""timestamp"": ""2026-05-06 20:26:16"", ""total_eur"": 1.8, ""transaction_id"": 744, ""unit_price_eur"": 1.8, ""unit_purchase_price_eur"": 1.0}"
2026-05-08_224617;C:\Users\Dani\Documents\CODEX-Projects\drink_pos\data\drink_pos_dev.db;data;transaction_items;458;"{""id"": 458, ""item_id"": 2, ""item_name_snapshot"": ""Bier klein"", ""item_short_label_snapshot"": ""Klein"", ""kind"": ""CONSUME"", ""person_id"": 36, ""profit_eur"": 0.8, ""purchase_total_eur"": 1.0, ""quantity"": 1, ""timestamp"": ""2026-05-06 20:26:33"", ""total_eur"": 1.8, ""transaction_id"": 745, ""unit_price_eur"": 1.8, ""unit_purchase_price_eur"": 1.0}"
2026-05-08_224617;C:\Users\Dani\Documents\CODEX-Projects\drink_pos\data\drink_pos_dev.db;data;transaction_items;459;"{""id"": 459, ""item_id"": 3, ""item_name_snapshot"": ""Limo"", ""item_short_label_snapshot"": ""Limo"", ""kind"": ""CONSUME"", ""person_id"": 36, ""profit_eur"": 0.55, ""purchase_total_eur"": 0.45, ""quantity"": 1, ""timestamp"": ""2026-05-06 20:26:33"", ""total_eur"": 1.0, ""transaction_id"": 746, ""unit_price_eur"": 1.0, ""unit_purchase_price_eur"": 0.45}"
2026-05-08_224617;C:\Users\Dani\Documents\CODEX-Projects\drink_pos\data\drink_pos_dev.db;data;transaction_items;460;"{""id"": 460, ""item_id"": 1, ""item_name_snapshot"": ""Bier gross"", ""item_short_label_snapshot"": ""Gross"", ""kind"": ""CONSUME"", ""person_id"": 36, ""profit_eur"": 1.1, ""purchase_total_eur"": 1.4, ""quantity"": 1, ""timestamp"": ""2026-05-06 20:26:34"", ""total_eur"": 2.5, ""transaction_id"": 747, ""unit_price_eur"": 2.5, ""unit_purchase_price_eur"": 1.4}"
2026-05-08_224617;C:\Users\Dani\Documents\CODEX-Projects\drink_pos\data\drink_pos_dev.db;data;transaction_items;461;"{""id"": 461, ""item_id"": 2, ""item_name_snapshot"": ""Bier klein"", ""item_short_label_snapshot"": ""Klein"", ""kind"": ""CONSUME"", ""person_id"": 35, ""profit_eur"": 0.8, ""purchase_total_eur"": 1.0, ""quantity"": 1, ""timestamp"": ""2026-05-06 20:26:36"", ""total_eur"": 1.8, ""transaction_id"": 748, ""unit_price_eur"": 1.8, ""unit_purchase_price_eur"": 1.0}"
2026-05-08_224617;C:\Users\Dani\Documents\CODEX-Projects\drink_pos\data\drink_pos_dev.db;data;transaction_items;462;"{""id"": 462, ""item_id"": 4, ""item_name_snapshot"": ""1 Runde"", ""item_short_label_snapshot"": ""Runde"", ""kind"": ""ROUND_REQUEST_APPROVED"", ""person_id"": 39, ""profit_eur"": 40.0, ""purchase_total_eur"": 0.0, ""quantity"": 1, ""timestamp"": ""2026-05-06 20:27:05"", ""total_eur"": 40.0, ""transaction_id"": 751, ""unit_price_eur"": 40.0, ""unit_purchase_price_eur"": 0.0}"
2026-05-08_224617;C:\Users\Dani\Documents\CODEX-Projects\drink_pos\data\drink_pos_dev.db;data;transaction_items;463;"{""id"": 463, ""item_id"": 3, ""item_name_snapshot"": ""Limo"", ""item_short_label_snapshot"": ""Limo"", ""kind"": ""ROUND_DEDUCTED"", ""person_id"": 1, ""profit_eur"": -0.55, ""purchase_total_eur"": -0.45, ""quantity"": -1, ""timestamp"": ""2026-05-06 20:27:37"", ""total_eur"": -1.0, ""transaction_id"": 752, ""unit_price_eur"": 1.0, ""unit_purchase_price_eur"": 0.45}"
2026-05-08_224617;C:\Users\Dani\Documents\CODEX-Projects\drink_pos\data\drink_pos_dev.db;data;transaction_items;464;"{""id"": 464, ""item_id"": 3, ""item_name_snapshot"": ""Limo"", ""item_short_label_snapshot"": ""Limo"", ""kind"": ""ROUND_DEDUCTED"", ""person_id"": 2, ""profit_eur"": -0.55, ""purchase_total_eur"": -0.45, ""quantity"": -1, ""timestamp"": ""2026-05-06 20:27:37"", ""total_eur"": -1.0, ""transaction_id"": 752, ""unit_price_eur"": 1.0, ""unit_purchase_price_eur"": 0.45}"
2026-05-08_224617;C:\Users\Dani\Documents\CODEX-Projects\drink_pos\data\drink_pos_dev.db;data;transaction_items;465;"{""id"": 465, ""item_id"": 3, ""item_name_snapshot"": ""Limo"", ""item_short_label_snapshot"": ""Limo"", ""kind"": ""ROUND_DEDUCTED"", ""person_id"": 5, ""profit_eur"": -0.55, ""purchase_total_eur"": -0.45, ""quantity"": -1, ""timestamp"": ""2026-05-06 20:27:37"", ""total_eur"": -1.0, ""transaction_id"": 752, ""unit_price_eur"": 1.0, ""unit_purchase_price_eur"": 0.45}"
2026-05-08_224617;C:\Users\Dani\Documents\CODEX-Projects\drink_pos\data\drink_pos_dev.db;data;transaction_items;466;"{""id"": 466, ""item_id"": 3, ""item_name_snapshot"": ""Limo"", ""item_short_label_snapshot"": ""Limo"", ""kind"": ""ROUND_DEDUCTED"", ""person_id"": 10, ""profit_eur"": -0.55, ""purchase_total_eur"": -0.45, ""quantity"": -1, ""timestamp"": ""2026-05-06 20:27:37"", ""total_eur"": -1.0, ""transaction_id"": 752, ""unit_price_eur"": 1.0, ""unit_purchase_price_eur"": 0.45}"
2026-05-08_224617;C:\Users\Dani\Documents\CODEX-Projects\drink_pos\data\drink_pos_dev.db;data;transaction_items;467;"{""id"": 467, ""item_id"": 3, ""item_name_snapshot"": ""Limo"", ""item_short_label_snapshot"": ""Limo"", ""kind"": ""ROUND_DEDUCTED"", ""person_id"": 15, ""profit_eur"": -0.55, ""purchase_total_eur"": -0.45, ""quantity"": -1, ""timestamp"": ""2026-05-06 20:27:37"", ""total_eur"": -1.0, ""transaction_id"": 752, ""unit_price_eur"": 1.0, ""unit_purchase_price_eur"": 0.45}"
2026-05-08_224617;C:\Users\Dani\Documents\CODEX-Projects\drink_pos\data\drink_pos_dev.db;data;transaction_items;468;"{""id"": 468, ""item_id"": 3, ""item_name_snapshot"": ""Limo"", ""item_short_label_snapshot"": ""Limo"", ""kind"": ""ROUND_DEDUCTED"", ""person_id"": 20, ""profit_eur"": -0.55, ""purchase_total_eur"": -0.45, ""quantity"": -1, ""timestamp"": ""2026-05-06 20:27:37"", ""total_eur"": -1.0, ""transaction_id"": 752, ""unit_price_eur"": 1.0, ""unit_purchase_price_eur"": 0.45}"
2026-05-08_224617;C:\Users\Dani\Documents\CODEX-Projects\drink_pos\data\drink_pos_dev.db;data;transaction_items;469;"{""id"": 469, ""item_id"": 3, ""item_name_snapshot"": ""Limo"", ""item_short_label_snapshot"": ""Limo"", ""kind"": ""ROUND_DEDUCTED"", ""person_id"": 21, ""profit_eur"": -0.55, ""purchase_total_eur"": -0.45, ""quantity"": -1, ""timestamp"": ""2026-05-06 20:27:37"", ""total_eur"": -1.0, ""transaction_id"": 752, ""unit_price_eur"": 1.0, ""unit_purchase_price_eur"": 0.45}"
2026-05-08_224617;C:\Users\Dani\Documents\CODEX-Projects\drink_pos\data\drink_pos_dev.db;data;transaction_items;470;"{""id"": 470, ""item_id"": 2, ""item_name_snapshot"": ""Bier klein"", ""item_short_label_snapshot"": ""Klein"", ""kind"": ""ROUND_DEDUCTED"", ""person_id"": 33, ""profit_eur"": -0.8, ""purchase_total_eur"": -1.0, ""quantity"": -1, ""timestamp"": ""2026-05-06 20:27:37"", ""total_eur"": -1.8, ""transaction_id"": 752, ""unit_price_eur"": 1.8, ""unit_purchase_price_eur"": 1.0}"
2026-05-08_224617;C:\Users\Dani\Documents\CODEX-Projects\drink_pos\data\drink_pos_dev.db;data;transaction_items;471;"{""id"": 471, ""item_id"": 3, ""item_name_snapshot"": ""Limo"", ""item_short_label_snapshot"": ""Limo"", ""kind"": ""ROUND_DEDUCTED"", ""person_id"": 34, ""profit_eur"": -0.55, ""purchase_total_eur"": -0.45, ""quantity"": -1, ""timestamp"": ""2026-05-06 20:27:37"", ""total_eur"": -1.0, ""transaction_id"": 752, ""unit_price_eur"": 1.0, ""unit_purchase_price_eur"": 0.45}"
2026-05-08_224617;C:\Users\Dani\Documents\CODEX-Projects\drink_pos\data\drink_pos_dev.db;data;transaction_items;472;"{""id"": 472, ""item_id"": 3, ""item_name_snapshot"": ""Limo"", ""item_short_label_snapshot"": ""Limo"", ""kind"": ""ROUND_DEDUCTED"", ""person_id"": 36, ""profit_eur"": -0.55, ""purchase_total_eur"": -0.45, ""quantity"": -1, ""timestamp"": ""2026-05-06 20:27:37"", ""total_eur"": -1.0, ""transaction_id"": 752, ""unit_price_eur"": 1.0, ""unit_purchase_price_eur"": 0.45}"
2026-05-08_224617;C:\Users\Dani\Documents\CODEX-Projects\drink_pos\data\drink_pos_dev.db;data;transaction_items;473;"{""id"": 473, ""item_id"": 1, ""item_name_snapshot"": ""Bier gross"", ""item_short_label_snapshot"": ""Gross"", ""kind"": ""ROUND_DEDUCTED"", ""person_id"": 42, ""profit_eur"": -1.1, ""purchase_total_eur"": -1.4, ""quantity"": -1, ""timestamp"": ""2026-05-06 20:27:37"", ""total_eur"": -2.5, ""transaction_id"": 752, ""unit_price_eur"": 2.5, ""unit_purchase_price_eur"": 1.4}"
2026-05-08_224617;C:\Users\Dani\Documents\CODEX-Projects\drink_pos\data\drink_pos_dev.db;data;transaction_items;474;"{""id"": 474, ""item_id"": 3, ""item_name_snapshot"": ""Limo"", ""item_short_label_snapshot"": ""Limo"", ""kind"": ""ROUND_DEDUCTED"", ""person_id"": 43, ""profit_eur"": -0.55, ""purchase_total_eur"": -0.45, ""quantity"": -1, ""timestamp"": ""2026-05-06 20:27:37"", ""total_eur"": -1.0, ""transaction_id"": 752, ""unit_price_eur"": 1.0, ""unit_purchase_price_eur"": 0.45}"
2026-05-08_224617;C:\Users\Dani\Documents\CODEX-Projects\drink_pos\data\drink_pos_dev.db;data;transaction_items;475;"{""id"": 475, ""item_id"": 3, ""item_name_snapshot"": ""Limo"", ""item_short_label_snapshot"": ""Limo"", ""kind"": ""ROUND_DEDUCTED"", ""person_id"": 46, ""profit_eur"": -0.55, ""purchase_total_eur"": -0.45, ""quantity"": -1, ""timestamp"": ""2026-05-06 20:27:37"", ""total_eur"": -1.0, ""transaction_id"": 752, ""unit_price_eur"": 1.0, ""unit_purchase_price_eur"": 0.45}"
2026-05-08_224617;C:\Users\Dani\Documents\CODEX-Projects\drink_pos\data\drink_pos_dev.db;data;transaction_items;476;"{""id"": 476, ""item_id"": 3, ""item_name_snapshot"": ""Limo"", ""item_short_label_snapshot"": ""Limo"", ""kind"": ""ROUND_DEDUCTED"", ""person_id"": 50, ""profit_eur"": -0.55, ""purchase_total_eur"": -0.45, ""quantity"": -1, ""timestamp"": ""2026-05-06 20:27:37"", ""total_eur"": -1.0, ""transaction_id"": 752, ""unit_price_eur"": 1.0, ""unit_purchase_price_eur"": 0.45}"
2026-05-08_224617;C:\Users\Dani\Documents\CODEX-Projects\drink_pos\data\drink_pos_dev.db;data;transaction_items;477;"{""id"": 477, ""item_id"": 3, ""item_name_snapshot"": ""Limo"", ""item_short_label_snapshot"": ""Limo"", ""kind"": ""ROUND_DEDUCTED"", ""person_id"": 51, ""profit_eur"": -0.55, ""purchase_total_eur"": -0.45, ""quantity"": -1, ""timestamp"": ""2026-05-06 20:27:37"", ""total_eur"": -1.0, ""transaction_id"": 752, ""unit_price_eur"": 1.0, ""unit_purchase_price_eur"": 0.45}"
2026-05-08_224617;C:\Users\Dani\Documents\CODEX-Projects\drink_pos\data\drink_pos_dev.db;data;transaction_items;478;"{""id"": 478, ""item_id"": 3, ""item_name_snapshot"": ""Limo"", ""item_short_label_snapshot"": ""Limo"", ""kind"": ""ROUND_DEDUCTED"", ""person_id"": 56, ""profit_eur"": -0.55, ""purchase_total_eur"": -0.45, ""quantity"": -1, ""timestamp"": ""2026-05-06 20:27:37"", ""total_eur"": -1.0, ""transaction_id"": 752, ""unit_price_eur"": 1.0, ""unit_purchase_price_eur"": 0.45}"
2026-05-08_224617;C:\Users\Dani\Documents\CODEX-Projects\drink_pos\data\drink_pos_dev.db;data;transaction_items;479;"{""id"": 479, ""item_id"": 3, ""item_name_snapshot"": ""Limo"", ""item_short_label_snapshot"": ""Limo"", ""kind"": ""ROUND_DEDUCTED"", ""person_id"": 45, ""profit_eur"": -0.55, ""purchase_total_eur"": -0.45, ""quantity"": -1, ""timestamp"": ""2026-05-06 20:27:37"", ""total_eur"": -1.0, ""transaction_id"": 752, ""unit_price_eur"": 1.0, ""unit_purchase_price_eur"": 0.45}"
2026-05-08_224617;C:\Users\Dani\Documents\CODEX-Projects\drink_pos\data\drink_pos_dev.db;data;transaction_items;480;"{""id"": 480, ""item_id"": 4, ""item_name_snapshot"": ""1 Runde"", ""item_short_label_snapshot"": ""Runde"", ""kind"": ""CONSUME"", ""person_id"": 38, ""profit_eur"": 40.0, ""purchase_total_eur"": 0.0, ""quantity"": 1, ""timestamp"": ""2026-05-06 20:27:54"", ""total_eur"": 40.0, ""transaction_id"": 758, ""unit_price_eur"": 40.0, ""unit_purchase_price_eur"": 0.0}"
2026-05-08_224617;C:\Users\Dani\Documents\CODEX-Projects\drink_pos\data\drink_pos_dev.db;data;transaction_items;481;"{""id"": 481, ""item_id"": 2, ""item_name_snapshot"": ""Bier klein"", ""item_short_label_snapshot"": ""Klein"", ""kind"": ""CONSUME"", ""person_id"": 32, ""profit_eur"": 0.8, ""purchase_total_eur"": 1.0, ""quantity"": 1, ""timestamp"": ""2026-05-06 20:29:04"", ""total_eur"": 1.8, ""transaction_id"": 759, ""unit_price_eur"": 1.8, ""unit_purchase_price_eur"": 1.0}"
2026-05-08_224617;C:\Users\Dani\Documents\CODEX-Projects\drink_pos\data\drink_pos_dev.db;data;transaction_items;482;"{""id"": 482, ""item_id"": 1, ""item_name_snapshot"": ""Bier gross"", ""item_short_label_snapshot"": ""Gross"", ""kind"": ""CONSUME"", ""person_id"": 32, ""profit_eur"": 1.1, ""purchase_total_eur"": 1.4, ""quantity"": 1, ""timestamp"": ""2026-05-06 20:29:05"", ""total_eur"": 2.5, ""transaction_id"": 760, ""unit_price_eur"": 2.5, ""unit_purchase_price_eur"": 1.4}"
2026-05-08_224617;C:\Users\Dani\Documents\CODEX-Projects\drink_pos\data\drink_pos_dev.db;data;transaction_items;483;"{""id"": 483, ""item_id"": 2, ""item_name_snapshot"": ""Bier klein"", ""item_short_label_snapshot"": ""Klein"", ""kind"": ""CONSUME"", ""person_id"": 32, ""profit_eur"": 0.8, ""purchase_total_eur"": 1.0, ""quantity"": 1, ""timestamp"": ""2026-05-06 20:29:06"", ""total_eur"": 1.8, ""transaction_id"": 761, ""unit_price_eur"": 1.8, ""unit_purchase_price_eur"": 1.0}"
2026-05-08_224617;C:\Users\Dani\Documents\CODEX-Projects\drink_pos\data\drink_pos_dev.db;data;transaction_items;484;"{""id"": 484, ""item_id"": 3, ""item_name_snapshot"": ""Limo"", ""item_short_label_snapshot"": ""Limo"", ""kind"": ""CONSUME"", ""person_id"": 32, ""profit_eur"": 0.55, ""purchase_total_eur"": 0.45, ""quantity"": 1, ""timestamp"": ""2026-05-06 20:29:06"", ""total_eur"": 1.0, ""transaction_id"": 762, ""unit_price_eur"": 1.0, ""unit_purchase_price_eur"": 0.45}"
2026-05-08_224617;C:\Users\Dani\Documents\CODEX-Projects\drink_pos\data\drink_pos_dev.db;data;transaction_items;485;"{""id"": 485, ""item_id"": 2, ""item_name_snapshot"": ""Bier klein"", ""item_short_label_snapshot"": ""Klein"", ""kind"": ""CONSUME"", ""person_id"": 32, ""profit_eur"": 0.8, ""purchase_total_eur"": 1.0, ""quantity"": 1, ""timestamp"": ""2026-05-06 20:29:07"", ""total_eur"": 1.8, ""transaction_id"": 763, ""unit_price_eur"": 1.8, ""unit_purchase_price_eur"": 1.0}"
2026-05-08_224617;C:\Users\Dani\Documents\CODEX-Projects\drink_pos\data\drink_pos_dev.db;data;transaction_items;486;"{""id"": 486, ""item_id"": 1, ""item_name_snapshot"": ""Bier gross"", ""item_short_label_snapshot"": ""Gross"", ""kind"": ""CONSUME"", ""person_id"": 32, ""profit_eur"": 1.1, ""purchase_total_eur"": 1.4, ""quantity"": 1, ""timestamp"": ""2026-05-06 20:29:07"", ""total_eur"": 2.5, ""transaction_id"": 764, ""unit_price_eur"": 2.5, ""unit_purchase_price_eur"": 1.4}"
2026-05-08_224617;C:\Users\Dani\Documents\CODEX-Projects\drink_pos\data\drink_pos_dev.db;data;transaction_items;487;"{""id"": 487, ""item_id"": 1, ""item_name_snapshot"": ""Bier gross"", ""item_short_label_snapshot"": ""Gross"", ""kind"": ""CONSUME"", ""person_id"": 32, ""profit_eur"": 1.1, ""purchase_total_eur"": 1.4, ""quantity"": 1, ""timestamp"": ""2026-05-06 20:29:10"", ""total_eur"": 2.5, ""transaction_id"": 765, ""unit_price_eur"": 2.5, ""unit_purchase_price_eur"": 1.4}"
2026-05-08_224617;C:\Users\Dani\Documents\CODEX-Projects\drink_pos\data\drink_pos_dev.db;data;transaction_items;488;"{""id"": 488, ""item_id"": 2, ""item_name_snapshot"": ""Bier klein"", ""item_short_label_snapshot"": ""Klein"", ""kind"": ""CONSUME"", ""person_id"": 32, ""profit_eur"": 0.8, ""purchase_total_eur"": 1.0, ""quantity"": 1, ""timestamp"": ""2026-05-06 20:29:11"", ""total_eur"": 1.8, ""transaction_id"": 766, ""unit_price_eur"": 1.8, ""unit_purchase_price_eur"": 1.0}"
2026-05-08_224617;C:\Users\Dani\Documents\CODEX-Projects\drink_pos\data\drink_pos_dev.db;data;transaction_items;489;"{""id"": 489, ""item_id"": 3, ""item_name_snapshot"": ""Limo"", ""item_short_label_snapshot"": ""Limo"", ""kind"": ""ROUND_DEDUCTED"", ""person_id"": 2, ""profit_eur"": -0.55, ""purchase_total_eur"": -0.45, ""quantity"": -1, ""timestamp"": ""2026-05-08 21:06:04"", ""total_eur"": -1.0, ""transaction_id"": 770, ""unit_price_eur"": 1.0, ""unit_purchase_price_eur"": 0.45}"
2026-05-08_224617;C:\Users\Dani\Documents\CODEX-Projects\drink_pos\data\drink_pos_dev.db;data;transaction_items;490;"{""id"": 490, ""item_id"": 3, ""item_name_snapshot"": ""Limo"", ""item_short_label_snapshot"": ""Limo"", ""kind"": ""ROUND_DEDUCTED"", ""person_id"": 3, ""profit_eur"": -0.55, ""purchase_total_eur"": -0.45, ""quantity"": -1, ""timestamp"": ""2026-05-08 21:06:04"", ""total_eur"": -1.0, ""transaction_id"": 770, ""unit_price_eur"": 1.0, ""unit_purchase_price_eur"": 0.45}"
2026-05-08_224617;C:\Users\Dani\Documents\CODEX-Projects\drink_pos\data\drink_pos_dev.db;data;transaction_items;491;"{""id"": 491, ""item_id"": 3, ""item_name_snapshot"": ""Limo"", ""item_short_label_snapshot"": ""Limo"", ""kind"": ""ROUND_DEDUCTED"", ""person_id"": 4, ""profit_eur"": -0.55, ""purchase_total_eur"": -0.45, ""quantity"": -1, ""timestamp"": ""2026-05-08 21:06:04"", ""total_eur"": -1.0, ""transaction_id"": 770, ""unit_price_eur"": 1.0, ""unit_purchase_price_eur"": 0.45}"
2026-05-08_224617;C:\Users\Dani\Documents\CODEX-Projects\drink_pos\data\drink_pos_dev.db;data;transaction_items;492;"{""id"": 492, ""item_id"": 2, ""item_name_snapshot"": ""Bier klein"", ""item_short_label_snapshot"": ""Klein"", ""kind"": ""ROUND_DEDUCTED"", ""person_id"": 5, ""profit_eur"": -0.8, ""purchase_total_eur"": -1.0, ""quantity"": -1, ""timestamp"": ""2026-05-08 21:06:04"", ""total_eur"": -1.8, ""transaction_id"": 770, ""unit_price_eur"": 1.8, ""unit_purchase_price_eur"": 1.0}"
2026-05-08_224617;C:\Users\Dani\Documents\CODEX-Projects\drink_pos\data\drink_pos_dev.db;data;transaction_items;493;"{""id"": 493, ""item_id"": 3, ""item_name_snapshot"": ""Limo"", ""item_short_label_snapshot"": ""Limo"", ""kind"": ""ROUND_DEDUCTED"", ""person_id"": 6, ""profit_eur"": -0.55, ""purchase_total_eur"": -0.45, ""quantity"": -1, ""timestamp"": ""2026-05-08 21:06:04"", ""total_eur"": -1.0, ""transaction_id"": 770, ""unit_price_eur"": 1.0, ""unit_purchase_price_eur"": 0.45}"
2026-05-08_224617;C:\Users\Dani\Documents\CODEX-Projects\drink_pos\data\drink_pos_dev.db;data;transaction_items;494;"{""id"": 494, ""item_id"": 3, ""item_name_snapshot"": ""Limo"", ""item_short_label_snapshot"": ""Limo"", ""kind"": ""ROUND_DEDUCTED"", ""person_id"": 9, ""profit_eur"": -0.55, ""purchase_total_eur"": -0.45, ""quantity"": -1, ""timestamp"": ""2026-05-08 21:06:04"", ""total_eur"": -1.0, ""transaction_id"": 770, ""unit_price_eur"": 1.0, ""unit_purchase_price_eur"": 0.45}"
2026-05-08_224617;C:\Users\Dani\Documents\CODEX-Projects\drink_pos\data\drink_pos_dev.db;data;transaction_items;495;"{""id"": 495, ""item_id"": 2, ""item_name_snapshot"": ""Bier klein"", ""item_short_label_snapshot"": ""Klein"", ""kind"": ""ROUND_DEDUCTED"", ""person_id"": 12, ""profit_eur"": -0.8, ""purchase_total_eur"": -1.0, ""quantity"": -1, ""timestamp"": ""2026-05-08 21:06:04"", ""total_eur"": -1.8, ""transaction_id"": 770, ""unit_price_eur"": 1.8, ""unit_purchase_price_eur"": 1.0}"
2026-05-08_224617;C:\Users\Dani\Documents\CODEX-Projects\drink_pos\data\drink_pos_dev.db;data;transaction_items;496;"{""id"": 496, ""item_id"": 3, ""item_name_snapshot"": ""Limo"", ""item_short_label_snapshot"": ""Limo"", ""kind"": ""ROUND_DEDUCTED"", ""person_id"": 13, ""profit_eur"": -0.55, ""purchase_total_eur"": -0.45, ""quantity"": -1, ""timestamp"": ""2026-05-08 21:06:04"", ""total_eur"": -1.0, ""transaction_id"": 770, ""unit_price_eur"": 1.0, ""unit_purchase_price_eur"": 0.45}"
2026-05-08_224617;C:\Users\Dani\Documents\CODEX-Projects\drink_pos\data\drink_pos_dev.db;data;transaction_items;497;"{""id"": 497, ""item_id"": 3, ""item_name_snapshot"": ""Limo"", ""item_short_label_snapshot"": ""Limo"", ""kind"": ""ROUND_DEDUCTED"", ""person_id"": 14, ""profit_eur"": -0.55, ""purchase_total_eur"": -0.45, ""quantity"": -1, ""timestamp"": ""2026-05-08 21:06:04"", ""total_eur"": -1.0, ""transaction_id"": 770, ""unit_price_eur"": 1.0, ""unit_purchase_price_eur"": 0.45}"
2026-05-08_224617;C:\Users\Dani\Documents\CODEX-Projects\drink_pos\data\drink_pos_dev.db;data;transaction_items;498;"{""id"": 498, ""item_id"": 2, ""item_name_snapshot"": ""Bier klein"", ""item_short_label_snapshot"": ""Klein"", ""kind"": ""ROUND_DEDUCTED"", ""person_id"": 16, ""profit_eur"": -0.8, ""purchase_total_eur"": -1.0, ""quantity"": -1, ""timestamp"": ""2026-05-08 21:06:04"", ""total_eur"": -1.8, ""transaction_id"": 770, ""unit_price_eur"": 1.8, ""unit_purchase_price_eur"": 1.0}"
2026-05-08_224617;C:\Users\Dani\Documents\CODEX-Projects\drink_pos\data\drink_pos_dev.db;data;transaction_items;499;"{""id"": 499, ""item_id"": 3, ""item_name_snapshot"": ""Limo"", ""item_short_label_snapshot"": ""Limo"", ""kind"": ""ROUND_DEDUCTED"", ""person_id"": 18, ""profit_eur"": -0.55, ""purchase_total_eur"": -0.45, ""quantity"": -1, ""timestamp"": ""2026-05-08 21:06:04"", ""total_eur"": -1.0, ""transaction_id"": 770, ""unit_price_eur"": 1.0, ""unit_purchase_price_eur"": 0.45}"
2026-05-08_224617;C:\Users\Dani\Documents\CODEX-Projects\drink_pos\data\drink_pos_dev.db;data;transaction_items;500;"{""id"": 500, ""item_id"": 3, ""item_name_snapshot"": ""Limo"", ""item_short_label_snapshot"": ""Limo"", ""kind"": ""ROUND_DEDUCTED"", ""person_id"": 19, ""profit_eur"": -0.55, ""purchase_total_eur"": -0.45, ""quantity"": -1, ""timestamp"": ""2026-05-08 21:06:04"", ""total_eur"": -1.0, ""transaction_id"": 770, ""unit_price_eur"": 1.0, ""unit_purchase_price_eur"": 0.45}"
2026-05-08_224617;C:\Users\Dani\Documents\CODEX-Projects\drink_pos\data\drink_pos_dev.db;data;transaction_items;501;"{""id"": 501, ""item_id"": 3, ""item_name_snapshot"": ""Limo"", ""item_short_label_snapshot"": ""Limo"", ""kind"": ""ROUND_DEDUCTED"", ""person_id"": 20, ""profit_eur"": -0.55, ""purchase_total_eur"": -0.45, ""quantity"": -1, ""timestamp"": ""2026-05-08 21:06:04"", ""total_eur"": -1.0, ""transaction_id"": 770, ""unit_price_eur"": 1.0, ""unit_purchase_price_eur"": 0.45}"
2026-05-08_224617;C:\Users\Dani\Documents\CODEX-Projects\drink_pos\data\drink_pos_dev.db;data;transaction_items;502;"{""id"": 502, ""item_id"": 3, ""item_name_snapshot"": ""Limo"", ""item_short_label_snapshot"": ""Limo"", ""kind"": ""ROUND_DEDUCTED"", ""person_id"": 21, ""profit_eur"": -0.55, ""purchase_total_eur"": -0.45, ""quantity"": -1, ""timestamp"": ""2026-05-08 21:06:04"", ""total_eur"": -1.0, ""transaction_id"": 770, ""unit_price_eur"": 1.0, ""unit_purchase_price_eur"": 0.45}"
2026-05-08_224617;C:\Users\Dani\Documents\CODEX-Projects\drink_pos\data\drink_pos_dev.db;data;transaction_items;503;"{""id"": 503, ""item_id"": 2, ""item_name_snapshot"": ""Bier klein"", ""item_short_label_snapshot"": ""Klein"", ""kind"": ""ROUND_DEDUCTED"", ""person_id"": 24, ""profit_eur"": -0.8, ""purchase_total_eur"": -1.0, ""quantity"": -1, ""timestamp"": ""2026-05-08 21:06:04"", ""total_eur"": -1.8, ""transaction_id"": 770, ""unit_price_eur"": 1.8, ""unit_purchase_price_eur"": 1.0}"
2026-05-08_224617;C:\Users\Dani\Documents\CODEX-Projects\drink_pos\data\drink_pos_dev.db;data;transaction_items;504;"{""id"": 504, ""item_id"": 3, ""item_name_snapshot"": ""Limo"", ""item_short_label_snapshot"": ""Limo"", ""kind"": ""ROUND_DEDUCTED"", ""person_id"": 25, ""profit_eur"": -0.55, ""purchase_total_eur"": -0.45, ""quantity"": -1, ""timestamp"": ""2026-05-08 21:06:04"", ""total_eur"": -1.0, ""transaction_id"": 770, ""unit_price_eur"": 1.0, ""unit_purchase_price_eur"": 0.45}"
2026-05-08_224617;C:\Users\Dani\Documents\CODEX-Projects\drink_pos\data\drink_pos_dev.db;data;transaction_items;505;"{""id"": 505, ""item_id"": 2, ""item_name_snapshot"": ""Bier klein"", ""item_short_label_snapshot"": ""Klein"", ""kind"": ""ROUND_DEDUCTED"", ""person_id"": 27, ""profit_eur"": -0.8, ""purchase_total_eur"": -1.0, ""quantity"": -1, ""timestamp"": ""2026-05-08 21:06:04"", ""total_eur"": -1.8, ""transaction_id"": 770, ""unit_price_eur"": 1.8, ""unit_purchase_price_eur"": 1.0}"
2026-05-08_224617;C:\Users\Dani\Documents\CODEX-Projects\drink_pos\data\drink_pos_dev.db;data;transaction_items;506;"{""id"": 506, ""item_id"": 3, ""item_name_snapshot"": ""Limo"", ""item_short_label_snapshot"": ""Limo"", ""kind"": ""ROUND_DEDUCTED"", ""person_id"": 29, ""profit_eur"": -0.55, ""purchase_total_eur"": -0.45, ""quantity"": -1, ""timestamp"": ""2026-05-08 21:06:04"", ""total_eur"": -1.0, ""transaction_id"": 770, ""unit_price_eur"": 1.0, ""unit_purchase_price_eur"": 0.45}"
2026-05-08_224617;C:\Users\Dani\Documents\CODEX-Projects\drink_pos\data\drink_pos_dev.db;data;transaction_items;507;"{""id"": 507, ""item_id"": 3, ""item_name_snapshot"": ""Limo"", ""item_short_label_snapshot"": ""Limo"", ""kind"": ""ROUND_DEDUCTED"", ""person_id"": 28, ""profit_eur"": -0.55, ""purchase_total_eur"": -0.45, ""quantity"": -1, ""timestamp"": ""2026-05-08 21:06:04"", ""total_eur"": -1.0, ""transaction_id"": 770, ""unit_price_eur"": 1.0, ""unit_purchase_price_eur"": 0.45}"
2026-05-08_224617;C:\Users\Dani\Documents\CODEX-Projects\drink_pos\data\drink_pos_dev.db;data;transaction_items;508;"{""id"": 508, ""item_id"": 3, ""item_name_snapshot"": ""Limo"", ""item_short_label_snapshot"": ""Limo"", ""kind"": ""ROUND_DEDUCTED"", ""person_id"": 31, ""profit_eur"": -0.55, ""purchase_total_eur"": -0.45, ""quantity"": -1, ""timestamp"": ""2026-05-08 21:06:04"", ""total_eur"": -1.0, ""transaction_id"": 770, ""unit_price_eur"": 1.0, ""unit_purchase_price_eur"": 0.45}"
2026-05-08_224617;C:\Users\Dani\Documents\CODEX-Projects\drink_pos\data\drink_pos_dev.db;data;transaction_items;509;"{""id"": 509, ""item_id"": 3, ""item_name_snapshot"": ""Limo"", ""item_short_label_snapshot"": ""Limo"", ""kind"": ""ROUND_DEDUCTED"", ""person_id"": 32, ""profit_eur"": -0.55, ""purchase_total_eur"": -0.45, ""quantity"": -1, ""timestamp"": ""2026-05-08 21:06:04"", ""total_eur"": -1.0, ""transaction_id"": 770, ""unit_price_eur"": 1.0, ""unit_purchase_price_eur"": 0.45}"
2026-05-08_224617;C:\Users\Dani\Documents\CODEX-Projects\drink_pos\data\drink_pos_dev.db;data;transaction_items;510;"{""id"": 510, ""item_id"": 2, ""item_name_snapshot"": ""Bier klein"", ""item_short_label_snapshot"": ""Klein"", ""kind"": ""ROUND_DEDUCTED"", ""person_id"": 33, ""profit_eur"": -0.8, ""purchase_total_eur"": -1.0, ""quantity"": -1, ""timestamp"": ""2026-05-08 21:06:04"", ""total_eur"": -1.8, ""transaction_id"": 770, ""unit_price_eur"": 1.8, ""unit_purchase_price_eur"": 1.0}"
2026-05-08_224617;C:\Users\Dani\Documents\CODEX-Projects\drink_pos\data\drink_pos_dev.db;data;transaction_items;511;"{""id"": 511, ""item_id"": 3, ""item_name_snapshot"": ""Limo"", ""item_short_label_snapshot"": ""Limo"", ""kind"": ""ROUND_DEDUCTED"", ""person_id"": 34, ""profit_eur"": -0.55, ""purchase_total_eur"": -0.45, ""quantity"": -1, ""timestamp"": ""2026-05-08 21:06:04"", ""total_eur"": -1.0, ""transaction_id"": 770, ""unit_price_eur"": 1.0, ""unit_purchase_price_eur"": 0.45}"
2026-05-08_224617;C:\Users\Dani\Documents\CODEX-Projects\drink_pos\data\drink_pos_dev.db;data;transaction_items;512;"{""id"": 512, ""item_id"": 3, ""item_name_snapshot"": ""Limo"", ""item_short_label_snapshot"": ""Limo"", ""kind"": ""ROUND_DEDUCTED"", ""person_id"": 35, ""profit_eur"": -0.55, ""purchase_total_eur"": -0.45, ""quantity"": -1, ""timestamp"": ""2026-05-08 21:06:04"", ""total_eur"": -1.0, ""transaction_id"": 770, ""unit_price_eur"": 1.0, ""unit_purchase_price_eur"": 0.45}"
2026-05-08_224617;C:\Users\Dani\Documents\CODEX-Projects\drink_pos\data\drink_pos_dev.db;data;transaction_items;513;"{""id"": 513, ""item_id"": 3, ""item_name_snapshot"": ""Limo"", ""item_short_label_snapshot"": ""Limo"", ""kind"": ""ROUND_DEDUCTED"", ""person_id"": 39, ""profit_eur"": -0.55, ""purchase_total_eur"": -0.45, ""quantity"": -1, ""timestamp"": ""2026-05-08 21:06:04"", ""total_eur"": -1.0, ""transaction_id"": 770, ""unit_price_eur"": 1.0, ""unit_purchase_price_eur"": 0.45}"
2026-05-08_224617;C:\Users\Dani\Documents\CODEX-Projects\drink_pos\data\drink_pos_dev.db;data;transaction_items;514;"{""id"": 514, ""item_id"": 3, ""item_name_snapshot"": ""Limo"", ""item_short_label_snapshot"": ""Limo"", ""kind"": ""ROUND_DEDUCTED"", ""person_id"": 40, ""profit_eur"": -0.55, ""purchase_total_eur"": -0.45, ""quantity"": -1, ""timestamp"": ""2026-05-08 21:06:04"", ""total_eur"": -1.0, ""transaction_id"": 770, ""unit_price_eur"": 1.0, ""unit_purchase_price_eur"": 0.45}"
2026-05-08_224617;C:\Users\Dani\Documents\CODEX-Projects\drink_pos\data\drink_pos_dev.db;data;transaction_items;515;"{""id"": 515, ""item_id"": 3, ""item_name_snapshot"": ""Limo"", ""item_short_label_snapshot"": ""Limo"", ""kind"": ""ROUND_DEDUCTED"", ""person_id"": 41, ""profit_eur"": -0.55, ""purchase_total_eur"": -0.45, ""quantity"": -1, ""timestamp"": ""2026-05-08 21:06:04"", ""total_eur"": -1.0, ""transaction_id"": 770, ""unit_price_eur"": 1.0, ""unit_purchase_price_eur"": 0.45}"
2026-05-08_224617;C:\Users\Dani\Documents\CODEX-Projects\drink_pos\data\drink_pos_dev.db;data;transaction_items;516;"{""id"": 516, ""item_id"": 3, ""item_name_snapshot"": ""Limo"", ""item_short_label_snapshot"": ""Limo"", ""kind"": ""ROUND_DEDUCTED"", ""person_id"": 42, ""profit_eur"": -0.55, ""purchase_total_eur"": -0.45, ""quantity"": -1, ""timestamp"": ""2026-05-08 21:06:04"", ""total_eur"": -1.0, ""transaction_id"": 770, ""unit_price_eur"": 1.0, ""unit_purchase_price_eur"": 0.45}"
2026-05-08_224617;C:\Users\Dani\Documents\CODEX-Projects\drink_pos\data\drink_pos_dev.db;data;transaction_items;517;"{""id"": 517, ""item_id"": 3, ""item_name_snapshot"": ""Limo"", ""item_short_label_snapshot"": ""Limo"", ""kind"": ""ROUND_DEDUCTED"", ""person_id"": 43, ""profit_eur"": -0.55, ""purchase_total_eur"": -0.45, ""quantity"": -1, ""timestamp"": ""2026-05-08 21:06:04"", ""total_eur"": -1.0, ""transaction_id"": 770, ""unit_price_eur"": 1.0, ""unit_purchase_price_eur"": 0.45}"
2026-05-08_224617;C:\Users\Dani\Documents\CODEX-Projects\drink_pos\data\drink_pos_dev.db;data;transaction_items;518;"{""id"": 518, ""item_id"": 3, ""item_name_snapshot"": ""Limo"", ""item_short_label_snapshot"": ""Limo"", ""kind"": ""ROUND_DEDUCTED"", ""person_id"": 47, ""profit_eur"": -0.55, ""purchase_total_eur"": -0.45, ""quantity"": -1, ""timestamp"": ""2026-05-08 21:06:04"", ""total_eur"": -1.0, ""transaction_id"": 770, ""unit_price_eur"": 1.0, ""unit_purchase_price_eur"": 0.45}"
2026-05-08_224617;C:\Users\Dani\Documents\CODEX-Projects\drink_pos\data\drink_pos_dev.db;data;transaction_items;519;"{""id"": 519, ""item_id"": 3, ""item_name_snapshot"": ""Limo"", ""item_short_label_snapshot"": ""Limo"", ""kind"": ""ROUND_DEDUCTED"", ""person_id"": 48, ""profit_eur"": -0.55, ""purchase_total_eur"": -0.45, ""quantity"": -1, ""timestamp"": ""2026-05-08 21:06:04"", ""total_eur"": -1.0, ""transaction_id"": 770, ""unit_price_eur"": 1.0, ""unit_purchase_price_eur"": 0.45}"
2026-05-08_224617;C:\Users\Dani\Documents\CODEX-Projects\drink_pos\data\drink_pos_dev.db;data;transaction_items;520;"{""id"": 520, ""item_id"": 3, ""item_name_snapshot"": ""Limo"", ""item_short_label_snapshot"": ""Limo"", ""kind"": ""ROUND_DEDUCTED"", ""person_id"": 49, ""profit_eur"": -0.55, ""purchase_total_eur"": -0.45, ""quantity"": -1, ""timestamp"": ""2026-05-08 21:06:04"", ""total_eur"": -1.0, ""transaction_id"": 770, ""unit_price_eur"": 1.0, ""unit_purchase_price_eur"": 0.45}"
2026-05-08_224617;C:\Users\Dani\Documents\CODEX-Projects\drink_pos\data\drink_pos_dev.db;data;transaction_items;521;"{""id"": 521, ""item_id"": 3, ""item_name_snapshot"": ""Limo"", ""item_short_label_snapshot"": ""Limo"", ""kind"": ""ROUND_DEDUCTED"", ""person_id"": 50, ""profit_eur"": -0.55, ""purchase_total_eur"": -0.45, ""quantity"": -1, ""timestamp"": ""2026-05-08 21:06:04"", ""total_eur"": -1.0, ""transaction_id"": 770, ""unit_price_eur"": 1.0, ""unit_purchase_price_eur"": 0.45}"
2026-05-08_224617;C:\Users\Dani\Documents\CODEX-Projects\drink_pos\data\drink_pos_dev.db;data;transaction_items;522;"{""id"": 522, ""item_id"": 1, ""item_name_snapshot"": ""Bier gross"", ""item_short_label_snapshot"": ""Gross"", ""kind"": ""ROUND_DEDUCTED"", ""person_id"": 51, ""profit_eur"": -1.1, ""purchase_total_eur"": -1.4, ""quantity"": -1, ""timestamp"": ""2026-05-08 21:06:04"", ""total_eur"": -2.5, ""transaction_id"": 770, ""unit_price_eur"": 2.5, ""unit_purchase_price_eur"": 1.4}"
2026-05-08_224617;C:\Users\Dani\Documents\CODEX-Projects\drink_pos\data\drink_pos_dev.db;data;transaction_items;523;"{""id"": 523, ""item_id"": 2, ""item_name_snapshot"": ""Bier klein"", ""item_short_label_snapshot"": ""Klein"", ""kind"": ""ROUND_DEDUCTED"", ""person_id"": 52, ""profit_eur"": -0.8, ""purchase_total_eur"": -1.0, ""quantity"": -1, ""timestamp"": ""2026-05-08 21:06:04"", ""total_eur"": -1.8, ""transaction_id"": 770, ""unit_price_eur"": 1.8, ""unit_purchase_price_eur"": 1.0}"
2026-05-08_224617;C:\Users\Dani\Documents\CODEX-Projects\drink_pos\data\drink_pos_dev.db;data;transaction_items;524;"{""id"": 524, ""item_id"": 3, ""item_name_snapshot"": ""Limo"", ""item_short_label_snapshot"": ""Limo"", ""kind"": ""ROUND_DEDUCTED"", ""person_id"": 55, ""profit_eur"": -0.55, ""purchase_total_eur"": -0.45, ""quantity"": -1, ""timestamp"": ""2026-05-08 21:06:04"", ""total_eur"": -1.0, ""transaction_id"": 770, ""unit_price_eur"": 1.0, ""unit_purchase_price_eur"": 0.45}"
2026-05-08_224617;C:\Users\Dani\Documents\CODEX-Projects\drink_pos\data\drink_pos_dev.db;data;transaction_items;525;"{""id"": 525, ""item_id"": 3, ""item_name_snapshot"": ""Limo"", ""item_short_label_snapshot"": ""Limo"", ""kind"": ""ROUND_DEDUCTED"", ""person_id"": 54, ""profit_eur"": -0.55, ""purchase_total_eur"": -0.45, ""quantity"": -1, ""timestamp"": ""2026-05-08 21:06:04"", ""total_eur"": -1.0, ""transaction_id"": 770, ""unit_price_eur"": 1.0, ""unit_purchase_price_eur"": 0.45}"
2026-05-08_224617;C:\Users\Dani\Documents\CODEX-Projects\drink_pos\data\drink_pos_dev.db;data;transaction_items;526;"{""id"": 526, ""item_id"": 3, ""item_name_snapshot"": ""Limo"", ""item_short_label_snapshot"": ""Limo"", ""kind"": ""ROUND_DEDUCTED"", ""person_id"": 61, ""profit_eur"": -0.55, ""purchase_total_eur"": -0.45, ""quantity"": -1, ""timestamp"": ""2026-05-08 21:06:04"", ""total_eur"": -1.0, ""transaction_id"": 770, ""unit_price_eur"": 1.0, ""unit_purchase_price_eur"": 0.45}"
2026-05-08_224617;C:\Users\Dani\Documents\CODEX-Projects\drink_pos\data\drink_pos_dev.db;data;transaction_items;527;"{""id"": 527, ""item_id"": 3, ""item_name_snapshot"": ""Limo"", ""item_short_label_snapshot"": ""Limo"", ""kind"": ""ROUND_DEDUCTED"", ""person_id"": 44, ""profit_eur"": -0.55, ""purchase_total_eur"": -0.45, ""quantity"": -1, ""timestamp"": ""2026-05-08 21:06:04"", ""total_eur"": -1.0, ""transaction_id"": 770, ""unit_price_eur"": 1.0, ""unit_purchase_price_eur"": 0.45}"
2026-05-08_224617;C:\Users\Dani\Documents\CODEX-Projects\drink_pos\data\drink_pos_dev.db;data;transaction_items;528;"{""id"": 528, ""item_id"": 3, ""item_name_snapshot"": ""Limo"", ""item_short_label_snapshot"": ""Limo"", ""kind"": ""ROUND_DEDUCTED"", ""person_id"": 45, ""profit_eur"": -0.55, ""purchase_total_eur"": -0.45, ""quantity"": -1, ""timestamp"": ""2026-05-08 21:06:04"", ""total_eur"": -1.0, ""transaction_id"": 770, ""unit_price_eur"": 1.0, ""unit_purchase_price_eur"": 0.45}"
2026-05-08_224617;C:\Users\Dani\Documents\CODEX-Projects\drink_pos\data\drink_pos_dev.db;data;transaction_items;529;"{""id"": 529, ""item_id"": 1, ""item_name_snapshot"": ""Bier gross"", ""item_short_label_snapshot"": ""Gross"", ""kind"": ""CONSUME"", ""person_id"": 38, ""profit_eur"": 1.1, ""purchase_total_eur"": 1.4, ""quantity"": 1, ""timestamp"": ""2026-05-08 22:42:48"", ""total_eur"": 2.5, ""transaction_id"": 778, ""unit_price_eur"": 2.5, ""unit_purchase_price_eur"": 1.4}"
2026-05-08_224617;C:\Users\Dani\Documents\CODEX-Projects\drink_pos\data\drink_pos_dev.db;data;transaction_items;530;"{""id"": 530, ""item_id"": 1, ""item_name_snapshot"": ""Bier gross"", ""item_short_label_snapshot"": ""Gross"", ""kind"": ""CONSUME"", ""person_id"": 38, ""profit_eur"": 1.1, ""purchase_total_eur"": 1.4, ""quantity"": 1, ""timestamp"": ""2026-05-08 22:42:50"", ""total_eur"": 2.5, ""transaction_id"": 779, ""unit_price_eur"": 2.5, ""unit_purchase_price_eur"": 1.4}"
2026-05-08_224617;C:\Users\Dani\Documents\CODEX-Projects\drink_pos\data\drink_pos_dev.db;data;transaction_items;531;"{""id"": 531, ""item_id"": 2, ""item_name_snapshot"": ""Bier klein"", ""item_short_label_snapshot"": ""Klein"", ""kind"": ""CONSUME"", ""person_id"": 36, ""profit_eur"": 0.8, ""purchase_total_eur"": 1.0, ""quantity"": 1, ""timestamp"": ""2026-05-08 22:42:54"", ""total_eur"": 1.8, ""transaction_id"": 780, ""unit_price_eur"": 1.8, ""unit_purchase_price_eur"": 1.0}"
2026-05-08_224617;C:\Users\Dani\Documents\CODEX-Projects\drink_pos\data\drink_pos_dev.db;data;transaction_items;532;"{""id"": 532, ""item_id"": 4, ""item_name_snapshot"": ""1 Runde"", ""item_short_label_snapshot"": ""Runde"", ""kind"": ""ROUND_REQUEST_APPROVED"", ""person_id"": 4, ""profit_eur"": 40.0, ""purchase_total_eur"": 0.0, ""quantity"": 1, ""timestamp"": ""2026-05-08 22:43:07"", ""total_eur"": 40.0, ""transaction_id"": 781, ""unit_price_eur"": 40.0, ""unit_purchase_price_eur"": 0.0}"
2026-05-08_224617;C:\Users\Dani\Documents\CODEX-Projects\drink_pos\data\drink_pos_dev.db;data;transaction_items;533;"{""id"": 533, ""item_id"": 2, ""item_name_snapshot"": ""Bier klein"", ""item_short_label_snapshot"": ""Klein"", ""kind"": ""CONSUME"", ""person_id"": 4, ""profit_eur"": 0.8, ""purchase_total_eur"": 1.0, ""quantity"": 1, ""timestamp"": ""2026-05-08 22:43:11"", ""total_eur"": 1.8, ""transaction_id"": 782, ""unit_price_eur"": 1.8, ""unit_purchase_price_eur"": 1.0}"
2026-05-08_224617;C:\Users\Dani\Documents\CODEX-Projects\drink_pos\data\drink_pos_dev.db;data;transaction_items;534;"{""id"": 534, ""item_id"": 1, ""item_name_snapshot"": ""Bier gross"", ""item_short_label_snapshot"": ""Gross"", ""kind"": ""CONSUME"", ""person_id"": 4, ""profit_eur"": 1.1, ""purchase_total_eur"": 1.4, ""quantity"": 1, ""timestamp"": ""2026-05-08 22:43:13"", ""total_eur"": 2.5, ""transaction_id"": 783, ""unit_price_eur"": 2.5, ""unit_purchase_price_eur"": 1.4}"
2026-05-08_224617;C:\Users\Dani\Documents\CODEX-Projects\drink_pos\data\drink_pos_dev.db;data;transaction_items;535;"{""id"": 535, ""item_id"": 1, ""item_name_snapshot"": ""Bier gross"", ""item_short_label_snapshot"": ""Gross"", ""kind"": ""CONSUME"", ""person_id"": 4, ""profit_eur"": 1.1, ""purchase_total_eur"": 1.4, ""quantity"": 1, ""timestamp"": ""2026-05-08 22:43:16"", ""total_eur"": 2.5, ""transaction_id"": 784, ""unit_price_eur"": 2.5, ""unit_purchase_price_eur"": 1.4}"
2026-05-08_224617;C:\Users\Dani\Documents\CODEX-Projects\drink_pos\data\drink_pos_dev.db;data;transaction_items;536;"{""id"": 536, ""item_id"": 1, ""item_name_snapshot"": ""Bier gross"", ""item_short_label_snapshot"": ""Gross"", ""kind"": ""CONSUME"", ""person_id"": 4, ""profit_eur"": 1.1, ""purchase_total_eur"": 1.4, ""quantity"": 1, ""timestamp"": ""2026-05-08 22:44:23"", ""total_eur"": 2.5, ""transaction_id"": 785, ""unit_price_eur"": 2.5, ""unit_purchase_price_eur"": 1.4}"
2026-05-08_224617;C:\Users\Dani\Documents\CODEX-Projects\drink_pos\data\drink_pos_dev.db;data;transaction_items;537;"{""id"": 537, ""item_id"": 1, ""item_name_snapshot"": ""Bier gross"", ""item_short_label_snapshot"": ""Gross"", ""kind"": ""CONSUME"", ""person_id"": 4, ""profit_eur"": 1.1, ""purchase_total_eur"": 1.4, ""quantity"": 1, ""timestamp"": ""2026-05-08 22:44:25"", ""total_eur"": 2.5, ""transaction_id"": 786, ""unit_price_eur"": 2.5, ""unit_purchase_price_eur"": 1.4}"
2026-05-08_224617;C:\Users\Dani\Documents\CODEX-Projects\drink_pos\data\drink_pos_dev.db;data;transaction_items;538;"{""id"": 538, ""item_id"": 1, ""item_name_snapshot"": ""Bier gross"", ""item_short_label_snapshot"": ""Gross"", ""kind"": ""CONSUME"", ""person_id"": 4, ""profit_eur"": 1.1, ""purchase_total_eur"": 1.4, ""quantity"": 1, ""timestamp"": ""2026-05-08 22:44:27"", ""total_eur"": 2.5, ""transaction_id"": 787, ""unit_price_eur"": 2.5, ""unit_purchase_price_eur"": 1.4}"
2026-05-08_224617;C:\Users\Dani\Documents\CODEX-Projects\drink_pos\data\drink_pos_dev.db;data;transaction_items;539;"{""id"": 539, ""item_id"": 2, ""item_name_snapshot"": ""Bier klein"", ""item_short_label_snapshot"": ""Klein"", ""kind"": ""CONSUME"", ""person_id"": 4, ""profit_eur"": 0.8, ""purchase_total_eur"": 1.0, ""quantity"": 1, ""timestamp"": ""2026-05-08 22:44:29"", ""total_eur"": 1.8, ""transaction_id"": 788, ""unit_price_eur"": 1.8, ""unit_purchase_price_eur"": 1.0}"
2026-05-08_224617;C:\Users\Dani\Documents\CODEX-Projects\drink_pos\data\drink_pos_dev.db;data;transaction_items;540;"{""id"": 540, ""item_id"": 1, ""item_name_snapshot"": ""Bier gross"", ""item_short_label_snapshot"": ""Gross"", ""kind"": ""CONSUME"", ""person_id"": 4, ""profit_eur"": 1.1, ""purchase_total_eur"": 1.4, ""quantity"": 1, ""timestamp"": ""2026-05-08 22:44:30"", ""total_eur"": 2.5, ""transaction_id"": 789, ""unit_price_eur"": 2.5, ""unit_purchase_price_eur"": 1.4}"
2026-05-08_224617;C:\Users\Dani\Documents\CODEX-Projects\drink_pos\data\drink_pos_dev.db;data;transaction_items;541;"{""id"": 541, ""item_id"": 1, ""item_name_snapshot"": ""Bier gross"", ""item_short_label_snapshot"": ""Gross"", ""kind"": ""CONSUME"", ""person_id"": 4, ""profit_eur"": 1.1, ""purchase_total_eur"": 1.4, ""quantity"": 1, ""timestamp"": ""2026-05-08 22:44:33"", ""total_eur"": 2.5, ""transaction_id"": 790, ""unit_price_eur"": 2.5, ""unit_purchase_price_eur"": 1.4}"
2026-05-08_224617;C:\Users\Dani\Documents\CODEX-Projects\drink_pos\data\drink_pos_dev.db;data;transaction_items;542;"{""id"": 542, ""item_id"": 1, ""item_name_snapshot"": ""Bier gross"", ""item_short_label_snapshot"": ""Gross"", ""kind"": ""CONSUME"", ""person_id"": 4, ""profit_eur"": 1.1, ""purchase_total_eur"": 1.4, ""quantity"": 1, ""timestamp"": ""2026-05-08 22:44:35"", ""total_eur"": 2.5, ""transaction_id"": 791, ""unit_price_eur"": 2.5, ""unit_purchase_price_eur"": 1.4}"
2026-05-08_224617;C:\Users\Dani\Documents\CODEX-Projects\drink_pos\data\drink_pos_dev.db;data;transaction_items;543;"{""id"": 543, ""item_id"": 1, ""item_name_snapshot"": ""Bier gross"", ""item_short_label_snapshot"": ""Gross"", ""kind"": ""CONSUME"", ""person_id"": 4, ""profit_eur"": 1.1, ""purchase_total_eur"": 1.4, ""quantity"": 1, ""timestamp"": ""2026-05-08 22:44:37"", ""total_eur"": 2.5, ""transaction_id"": 792, ""unit_price_eur"": 2.5, ""unit_purchase_price_eur"": 1.4}"
2026-05-08_224617;C:\Users\Dani\Documents\CODEX-Projects\drink_pos\data\drink_pos_dev.db;data;transaction_items;544;"{""id"": 544, ""item_id"": 1, ""item_name_snapshot"": ""Bier gross"", ""item_short_label_snapshot"": ""Gross"", ""kind"": ""CONSUME"", ""person_id"": 4, ""profit_eur"": 1.1, ""purchase_total_eur"": 1.4, ""quantity"": 1, ""timestamp"": ""2026-05-08 22:44:37"", ""total_eur"": 2.5, ""transaction_id"": 793, ""unit_price_eur"": 2.5, ""unit_purchase_price_eur"": 1.4}"
2026-05-08_224617;C:\Users\Dani\Documents\CODEX-Projects\drink_pos\data\drink_pos_dev.db;data;transaction_items;545;"{""id"": 545, ""item_id"": 1, ""item_name_snapshot"": ""Bier gross"", ""item_short_label_snapshot"": ""Gross"", ""kind"": ""CONSUME"", ""person_id"": 4, ""profit_eur"": 1.1, ""purchase_total_eur"": 1.4, ""quantity"": 1, ""timestamp"": ""2026-05-08 22:44:38"", ""total_eur"": 2.5, ""transaction_id"": 794, ""unit_price_eur"": 2.5, ""unit_purchase_price_eur"": 1.4}"
2026-05-08_224617;C:\Users\Dani\Documents\CODEX-Projects\drink_pos\data\drink_pos_dev.db;data;transaction_items;546;"{""id"": 546, ""item_id"": 1, ""item_name_snapshot"": ""Bier gross"", ""item_short_label_snapshot"": ""Gross"", ""kind"": ""CONSUME"", ""person_id"": 4, ""profit_eur"": 1.1, ""purchase_total_eur"": 1.4, ""quantity"": 1, ""timestamp"": ""2026-05-08 22:44:40"", ""total_eur"": 2.5, ""transaction_id"": 795, ""unit_price_eur"": 2.5, ""unit_purchase_price_eur"": 1.4}"
2026-05-08_224617;C:\Users\Dani\Documents\CODEX-Projects\drink_pos\data\drink_pos_dev.db;data;transaction_items;547;"{""id"": 547, ""item_id"": 1, ""item_name_snapshot"": ""Bier gross"", ""item_short_label_snapshot"": ""Gross"", ""kind"": ""CONSUME"", ""person_id"": 4, ""profit_eur"": 1.1, ""purchase_total_eur"": 1.4, ""quantity"": 1, ""timestamp"": ""2026-05-08 22:44:41"", ""total_eur"": 2.5, ""transaction_id"": 796, ""unit_price_eur"": 2.5, ""unit_purchase_price_eur"": 1.4}"
2026-05-08_224617;C:\Users\Dani\Documents\CODEX-Projects\drink_pos\data\drink_pos_dev.db;data;transaction_items;548;"{""id"": 548, ""item_id"": 1, ""item_name_snapshot"": ""Bier gross"", ""item_short_label_snapshot"": ""Gross"", ""kind"": ""CONSUME"", ""person_id"": 4, ""profit_eur"": 1.1, ""purchase_total_eur"": 1.4, ""quantity"": 1, ""timestamp"": ""2026-05-08 22:44:42"", ""total_eur"": 2.5, ""transaction_id"": 797, ""unit_price_eur"": 2.5, ""unit_purchase_price_eur"": 1.4}"
2026-05-08_224617;C:\Users\Dani\Documents\CODEX-Projects\drink_pos\data\drink_pos_dev.db;data;transaction_items;549;"{""id"": 549, ""item_id"": 2, ""item_name_snapshot"": ""Bier klein"", ""item_short_label_snapshot"": ""Klein"", ""kind"": ""CONSUME"", ""person_id"": 4, ""profit_eur"": 0.8, ""purchase_total_eur"": 1.0, ""quantity"": 1, ""timestamp"": ""2026-05-08 22:44:42"", ""total_eur"": 1.8, ""transaction_id"": 798, ""unit_price_eur"": 1.8, ""unit_purchase_price_eur"": 1.0}"
2026-05-08_224617;C:\Users\Dani\Documents\CODEX-Projects\drink_pos\data\drink_pos_dev.db;data;transaction_items;550;"{""id"": 550, ""item_id"": 3, ""item_name_snapshot"": ""Limo"", ""item_short_label_snapshot"": ""Limo"", ""kind"": ""CONSUME"", ""person_id"": 4, ""profit_eur"": 0.55, ""purchase_total_eur"": 0.45, ""quantity"": 1, ""timestamp"": ""2026-05-08 22:44:43"", ""total_eur"": 1.0, ""transaction_id"": 799, ""unit_price_eur"": 1.0, ""unit_purchase_price_eur"": 0.45}"
2026-05-08_224617;C:\Users\Dani\Documents\CODEX-Projects\drink_pos\data\drink_pos_dev.db;data;transaction_items;551;"{""id"": 551, ""item_id"": 3, ""item_name_snapshot"": ""Limo"", ""item_short_label_snapshot"": ""Limo"", ""kind"": ""CONSUME"", ""person_id"": 4, ""profit_eur"": 0.55, ""purchase_total_eur"": 0.45, ""quantity"": 1, ""timestamp"": ""2026-05-08 22:44:43"", ""total_eur"": 1.0, ""transaction_id"": 800, ""unit_price_eur"": 1.0, ""unit_purchase_price_eur"": 0.45}"
2026-05-08_224617;C:\Users\Dani\Documents\CODEX-Projects\drink_pos\data\drink_pos_dev.db;data;transaction_items;552;"{""id"": 552, ""item_id"": 2, ""item_name_snapshot"": ""Bier klein"", ""item_short_label_snapshot"": ""Klein"", ""kind"": ""CONSUME"", ""person_id"": 4, ""profit_eur"": 0.8, ""purchase_total_eur"": 1.0, ""quantity"": 1, ""timestamp"": ""2026-05-08 22:44:44"", ""total_eur"": 1.8, ""transaction_id"": 801, ""unit_price_eur"": 1.8, ""unit_purchase_price_eur"": 1.0}"
2026-05-08_224617;C:\Users\Dani\Documents\CODEX-Projects\drink_pos\data\drink_pos_dev.db;data;transaction_items;553;"{""id"": 553, ""item_id"": 1, ""item_name_snapshot"": ""Bier gross"", ""item_short_label_snapshot"": ""Gross"", ""kind"": ""CONSUME"", ""person_id"": 4, ""profit_eur"": 1.1, ""purchase_total_eur"": 1.4, ""quantity"": 1, ""timestamp"": ""2026-05-08 22:44:44"", ""total_eur"": 2.5, ""transaction_id"": 802, ""unit_price_eur"": 2.5, ""unit_purchase_price_eur"": 1.4}"
2026-05-08_224617;C:\Users\Dani\Documents\CODEX-Projects\drink_pos\data\drink_pos_dev.db;data;transaction_items;554;"{""id"": 554, ""item_id"": 2, ""item_name_snapshot"": ""Bier klein"", ""item_short_label_snapshot"": ""Klein"", ""kind"": ""CONSUME"", ""person_id"": 4, ""profit_eur"": 0.8, ""purchase_total_eur"": 1.0, ""quantity"": 1, ""timestamp"": ""2026-05-08 22:44:44"", ""total_eur"": 1.8, ""transaction_id"": 803, ""unit_price_eur"": 1.8, ""unit_purchase_price_eur"": 1.0}"
2026-05-08_224617;C:\Users\Dani\Documents\CODEX-Projects\drink_pos\data\drink_pos_dev.db;data;transaction_items;555;"{""id"": 555, ""item_id"": 1, ""item_name_snapshot"": ""Bier gross"", ""item_short_label_snapshot"": ""Gross"", ""kind"": ""CONSUME"", ""person_id"": 4, ""profit_eur"": 1.1, ""purchase_total_eur"": 1.4, ""quantity"": 1, ""timestamp"": ""2026-05-08 22:44:45"", ""total_eur"": 2.5, ""transaction_id"": 804, ""unit_price_eur"": 2.5, ""unit_purchase_price_eur"": 1.4}"
2026-05-08_224617;C:\Users\Dani\Documents\CODEX-Projects\drink_pos\data\drink_pos_dev.db;data;transaction_items;556;"{""id"": 556, ""item_id"": 2, ""item_name_snapshot"": ""Bier klein"", ""item_short_label_snapshot"": ""Klein"", ""kind"": ""ROUND_DEDUCTED"", ""person_id"": 1, ""profit_eur"": -0.8, ""purchase_total_eur"": -1.0, ""quantity"": -1, ""timestamp"": ""2026-05-08 22:44:52"", ""total_eur"": -1.8, ""transaction_id"": 805, ""unit_price_eur"": 1.8, ""unit_purchase_price_eur"": 1.0}"
2026-05-08_224617;C:\Users\Dani\Documents\CODEX-Projects\drink_pos\data\drink_pos_dev.db;data;transaction_items;557;"{""id"": 557, ""item_id"": 3, ""item_name_snapshot"": ""Limo"", ""item_short_label_snapshot"": ""Limo"", ""kind"": ""ROUND_DEDUCTED"", ""person_id"": 4, ""profit_eur"": -0.55, ""purchase_total_eur"": -0.45, ""quantity"": -1, ""timestamp"": ""2026-05-08 22:44:52"", ""total_eur"": -1.0, ""transaction_id"": 805, ""unit_price_eur"": 1.0, ""unit_purchase_price_eur"": 0.45}"
2026-05-08_224617;C:\Users\Dani\Documents\CODEX-Projects\drink_pos\data\drink_pos_dev.db;data;transaction_items;558;"{""id"": 558, ""item_id"": 2, ""item_name_snapshot"": ""Bier klein"", ""item_short_label_snapshot"": ""Klein"", ""kind"": ""ROUND_DEDUCTED"", ""person_id"": 9, ""profit_eur"": -0.8, ""purchase_total_eur"": -1.0, ""quantity"": -1, ""timestamp"": ""2026-05-08 22:44:52"", ""total_eur"": -1.8, ""transaction_id"": 805, ""unit_price_eur"": 1.8, ""unit_purchase_price_eur"": 1.0}"
2026-05-08_224617;C:\Users\Dani\Documents\CODEX-Projects\drink_pos\data\drink_pos_dev.db;data;transaction_items;559;"{""id"": 559, ""item_id"": 3, ""item_name_snapshot"": ""Limo"", ""item_short_label_snapshot"": ""Limo"", ""kind"": ""ROUND_DEDUCTED"", ""person_id"": 10, ""profit_eur"": -0.55, ""purchase_total_eur"": -0.45, ""quantity"": -1, ""timestamp"": ""2026-05-08 22:44:52"", ""total_eur"": -1.0, ""transaction_id"": 805, ""unit_price_eur"": 1.0, ""unit_purchase_price_eur"": 0.45}"
2026-05-08_224617;C:\Users\Dani\Documents\CODEX-Projects\drink_pos\data\drink_pos_dev.db;data;transaction_items;560;"{""id"": 560, ""item_id"": 1, ""item_name_snapshot"": ""Bier gross"", ""item_short_label_snapshot"": ""Gross"", ""kind"": ""ROUND_DEDUCTED"", ""person_id"": 20, ""profit_eur"": -1.1, ""purchase_total_eur"": -1.4, ""quantity"": -1, ""timestamp"": ""2026-05-08 22:44:52"", ""total_eur"": -2.5, ""transaction_id"": 805, ""unit_price_eur"": 2.5, ""unit_purchase_price_eur"": 1.4}"
2026-05-08_224617;C:\Users\Dani\Documents\CODEX-Projects\drink_pos\data\drink_pos_dev.db;data;transaction_items;561;"{""id"": 561, ""item_id"": 2, ""item_name_snapshot"": ""Bier klein"", ""item_short_label_snapshot"": ""Klein"", ""kind"": ""ROUND_DEDUCTED"", ""person_id"": 21, ""profit_eur"": -0.8, ""purchase_total_eur"": -1.0, ""quantity"": -1, ""timestamp"": ""2026-05-08 22:44:52"", ""total_eur"": -1.8, ""transaction_id"": 805, ""unit_price_eur"": 1.8, ""unit_purchase_price_eur"": 1.0}"
2026-05-08_224617;C:\Users\Dani\Documents\CODEX-Projects\drink_pos\data\drink_pos_dev.db;data;transaction_items;562;"{""id"": 562, ""item_id"": 3, ""item_name_snapshot"": ""Limo"", ""item_short_label_snapshot"": ""Limo"", ""kind"": ""ROUND_DEDUCTED"", ""person_id"": 24, ""profit_eur"": -0.55, ""purchase_total_eur"": -0.45, ""quantity"": -1, ""timestamp"": ""2026-05-08 22:44:52"", ""total_eur"": -1.0, ""transaction_id"": 805, ""unit_price_eur"": 1.0, ""unit_purchase_price_eur"": 0.45}"
2026-05-08_224617;C:\Users\Dani\Documents\CODEX-Projects\drink_pos\data\drink_pos_dev.db;data;transaction_items;563;"{""id"": 563, ""item_id"": 2, ""item_name_snapshot"": ""Bier klein"", ""item_short_label_snapshot"": ""Klein"", ""kind"": ""ROUND_DEDUCTED"", ""person_id"": 22, ""profit_eur"": -0.8, ""purchase_total_eur"": -1.0, ""quantity"": -1, ""timestamp"": ""2026-05-08 22:44:52"", ""total_eur"": -1.8, ""transaction_id"": 805, ""unit_price_eur"": 1.8, ""unit_purchase_price_eur"": 1.0}"
2026-05-08_224617;C:\Users\Dani\Documents\CODEX-Projects\drink_pos\data\drink_pos_dev.db;data;transaction_items;564;"{""id"": 564, ""item_id"": 3, ""item_name_snapshot"": ""Limo"", ""item_short_label_snapshot"": ""Limo"", ""kind"": ""ROUND_DEDUCTED"", ""person_id"": 25, ""profit_eur"": -0.55, ""purchase_total_eur"": -0.45, ""quantity"": -1, ""timestamp"": ""2026-05-08 22:44:52"", ""total_eur"": -1.0, ""transaction_id"": 805, ""unit_price_eur"": 1.0, ""unit_purchase_price_eur"": 0.45}"
2026-05-08_224617;C:\Users\Dani\Documents\CODEX-Projects\drink_pos\data\drink_pos_dev.db;data;transaction_items;565;"{""id"": 565, ""item_id"": 3, ""item_name_snapshot"": ""Limo"", ""item_short_label_snapshot"": ""Limo"", ""kind"": ""ROUND_DEDUCTED"", ""person_id"": 26, ""profit_eur"": -0.55, ""purchase_total_eur"": -0.45, ""quantity"": -1, ""timestamp"": ""2026-05-08 22:44:52"", ""total_eur"": -1.0, ""transaction_id"": 805, ""unit_price_eur"": 1.0, ""unit_purchase_price_eur"": 0.45}"
2026-05-08_224617;C:\Users\Dani\Documents\CODEX-Projects\drink_pos\data\drink_pos_dev.db;data;transaction_items;566;"{""id"": 566, ""item_id"": 3, ""item_name_snapshot"": ""Limo"", ""item_short_label_snapshot"": ""Limo"", ""kind"": ""ROUND_DEDUCTED"", ""person_id"": 28, ""profit_eur"": -0.55, ""purchase_total_eur"": -0.45, ""quantity"": -1, ""timestamp"": ""2026-05-08 22:44:52"", ""total_eur"": -1.0, ""transaction_id"": 805, ""unit_price_eur"": 1.0, ""unit_purchase_price_eur"": 0.45}"
2026-05-08_224617;C:\Users\Dani\Documents\CODEX-Projects\drink_pos\data\drink_pos_dev.db;data;transaction_items;567;"{""id"": 567, ""item_id"": 3, ""item_name_snapshot"": ""Limo"", ""item_short_label_snapshot"": ""Limo"", ""kind"": ""ROUND_DEDUCTED"", ""person_id"": 33, ""profit_eur"": -0.55, ""purchase_total_eur"": -0.45, ""quantity"": -1, ""timestamp"": ""2026-05-08 22:44:52"", ""total_eur"": -1.0, ""transaction_id"": 805, ""unit_price_eur"": 1.0, ""unit_purchase_price_eur"": 0.45}"
2026-05-08_224617;C:\Users\Dani\Documents\CODEX-Projects\drink_pos\data\drink_pos_dev.db;data;transaction_items;568;"{""id"": 568, ""item_id"": 2, ""item_name_snapshot"": ""Bier klein"", ""item_short_label_snapshot"": ""Klein"", ""kind"": ""ROUND_DEDUCTED"", ""person_id"": 34, ""profit_eur"": -0.8, ""purchase_total_eur"": -1.0, ""quantity"": -1, ""timestamp"": ""2026-05-08 22:44:52"", ""total_eur"": -1.8, ""transaction_id"": 805, ""unit_price_eur"": 1.8, ""unit_purchase_price_eur"": 1.0}"
2026-05-08_224617;C:\Users\Dani\Documents\CODEX-Projects\drink_pos\data\drink_pos_dev.db;data;transaction_items;569;"{""id"": 569, ""item_id"": 3, ""item_name_snapshot"": ""Limo"", ""item_short_label_snapshot"": ""Limo"", ""kind"": ""ROUND_DEDUCTED"", ""person_id"": 39, ""profit_eur"": -0.55, ""purchase_total_eur"": -0.45, ""quantity"": -1, ""timestamp"": ""2026-05-08 22:44:52"", ""total_eur"": -1.0, ""transaction_id"": 805, ""unit_price_eur"": 1.0, ""unit_purchase_price_eur"": 0.45}"
2026-05-08_224617;C:\Users\Dani\Documents\CODEX-Projects\drink_pos\data\drink_pos_dev.db;data;transaction_items;570;"{""id"": 570, ""item_id"": 2, ""item_name_snapshot"": ""Bier klein"", ""item_short_label_snapshot"": ""Klein"", ""kind"": ""ROUND_DEDUCTED"", ""person_id"": 36, ""profit_eur"": -0.8, ""purchase_total_eur"": -1.0, ""quantity"": -1, ""timestamp"": ""2026-05-08 22:44:52"", ""total_eur"": -1.8, ""transaction_id"": 805, ""unit_price_eur"": 1.8, ""unit_purchase_price_eur"": 1.0}"
2026-05-08_224617;C:\Users\Dani\Documents\CODEX-Projects\drink_pos\data\drink_pos_dev.db;data;transaction_items;571;"{""id"": 571, ""item_id"": 3, ""item_name_snapshot"": ""Limo"", ""item_short_label_snapshot"": ""Limo"", ""kind"": ""ROUND_DEDUCTED"", ""person_id"": 37, ""profit_eur"": -0.55, ""purchase_total_eur"": -0.45, ""quantity"": -1, ""timestamp"": ""2026-05-08 22:44:52"", ""total_eur"": -1.0, ""transaction_id"": 805, ""unit_price_eur"": 1.0, ""unit_purchase_price_eur"": 0.45}"
2026-05-08_224617;C:\Users\Dani\Documents\CODEX-Projects\drink_pos\data\drink_pos_dev.db;data;transaction_items;572;"{""id"": 572, ""item_id"": 3, ""item_name_snapshot"": ""Limo"", ""item_short_label_snapshot"": ""Limo"", ""kind"": ""ROUND_DEDUCTED"", ""person_id"": 38, ""profit_eur"": -0.55, ""purchase_total_eur"": -0.45, ""quantity"": -1, ""timestamp"": ""2026-05-08 22:44:52"", ""total_eur"": -1.0, ""transaction_id"": 805, ""unit_price_eur"": 1.0, ""unit_purchase_price_eur"": 0.45}"
2026-05-08_224617;C:\Users\Dani\Documents\CODEX-Projects\drink_pos\data\drink_pos_dev.db;data;transaction_items;573;"{""id"": 573, ""item_id"": 2, ""item_name_snapshot"": ""Bier klein"", ""item_short_label_snapshot"": ""Klein"", ""kind"": ""ROUND_DEDUCTED"", ""person_id"": 46, ""profit_eur"": -0.8, ""purchase_total_eur"": -1.0, ""quantity"": -1, ""timestamp"": ""2026-05-08 22:44:52"", ""total_eur"": -1.8, ""transaction_id"": 805, ""unit_price_eur"": 1.8, ""unit_purchase_price_eur"": 1.0}"
2026-05-08_224617;C:\Users\Dani\Documents\CODEX-Projects\drink_pos\data\drink_pos_dev.db;data;transaction_items;574;"{""id"": 574, ""item_id"": 2, ""item_name_snapshot"": ""Bier klein"", ""item_short_label_snapshot"": ""Klein"", ""kind"": ""ROUND_DEDUCTED"", ""person_id"": 51, ""profit_eur"": -0.8, ""purchase_total_eur"": -1.0, ""quantity"": -1, ""timestamp"": ""2026-05-08 22:44:52"", ""total_eur"": -1.8, ""transaction_id"": 805, ""unit_price_eur"": 1.8, ""unit_purchase_price_eur"": 1.0}"
2026-05-08_224617;C:\Users\Dani\Documents\CODEX-Projects\drink_pos\data\drink_pos_dev.db;data;transaction_items;575;"{""id"": 575, ""item_id"": 3, ""item_name_snapshot"": ""Limo"", ""item_short_label_snapshot"": ""Limo"", ""kind"": ""ROUND_DEDUCTED"", ""person_id"": 52, ""profit_eur"": -0.55, ""purchase_total_eur"": -0.45, ""quantity"": -1, ""timestamp"": ""2026-05-08 22:44:52"", ""total_eur"": -1.0, ""transaction_id"": 805, ""unit_price_eur"": 1.0, ""unit_purchase_price_eur"": 0.45}"
2026-05-08_224617;C:\Users\Dani\Documents\CODEX-Projects\drink_pos\data\drink_pos_dev.db;data;transaction_items;576;"{""id"": 576, ""item_id"": 2, ""item_name_snapshot"": ""Bier klein"", ""item_short_label_snapshot"": ""Klein"", ""kind"": ""ROUND_DEDUCTED"", ""person_id"": 53, ""profit_eur"": -0.8, ""purchase_total_eur"": -1.0, ""quantity"": -1, ""timestamp"": ""2026-05-08 22:44:52"", ""total_eur"": -1.8, ""transaction_id"": 805, ""unit_price_eur"": 1.8, ""unit_purchase_price_eur"": 1.0}"
2026-05-08_224617;C:\Users\Dani\Documents\CODEX-Projects\drink_pos\data\drink_pos_dev.db;data;transaction_items;577;"{""id"": 577, ""item_id"": 3, ""item_name_snapshot"": ""Limo"", ""item_short_label_snapshot"": ""Limo"", ""kind"": ""ROUND_DEDUCTED"", ""person_id"": 56, ""profit_eur"": -0.55, ""purchase_total_eur"": -0.45, ""quantity"": -1, ""timestamp"": ""2026-05-08 22:44:52"", ""total_eur"": -1.0, ""transaction_id"": 805, ""unit_price_eur"": 1.0, ""unit_purchase_price_eur"": 0.45}"
2026-05-08_224617;C:\Users\Dani\Documents\CODEX-Projects\drink_pos\data\drink_pos_dev.db;data;transaction_items;578;"{""id"": 578, ""item_id"": 3, ""item_name_snapshot"": ""Limo"", ""item_short_label_snapshot"": ""Limo"", ""kind"": ""ROUND_DEDUCTED"", ""person_id"": 59, ""profit_eur"": -0.55, ""purchase_total_eur"": -0.45, ""quantity"": -1, ""timestamp"": ""2026-05-08 22:44:52"", ""total_eur"": -1.0, ""transaction_id"": 805, ""unit_price_eur"": 1.0, ""unit_purchase_price_eur"": 0.45}"
2026-05-08_224617;C:\Users\Dani\Documents\CODEX-Projects\drink_pos\data\drink_pos_dev.db;data;transaction_items;579;"{""id"": 579, ""item_id"": 1, ""item_name_snapshot"": ""Bier gross"", ""item_short_label_snapshot"": ""Gross"", ""kind"": ""CONSUME"", ""person_id"": 32, ""profit_eur"": 1.1, ""purchase_total_eur"": 1.4, ""quantity"": 1, ""timestamp"": ""2026-05-08 22:44:55"", ""total_eur"": 2.5, ""transaction_id"": 807, ""unit_price_eur"": 2.5, ""unit_purchase_price_eur"": 1.4}"
2026-05-08_224617;C:\Users\Dani\Documents\CODEX-Projects\drink_pos\data\drink_pos_dev.db;data;transaction_items;580;"{""id"": 580, ""item_id"": 1, ""item_name_snapshot"": ""Bier gross"", ""item_short_label_snapshot"": ""Gross"", ""kind"": ""CONSUME"", ""person_id"": 32, ""profit_eur"": 1.1, ""purchase_total_eur"": 1.4, ""quantity"": 1, ""timestamp"": ""2026-05-08 22:44:56"", ""total_eur"": 2.5, ""transaction_id"": 808, ""unit_price_eur"": 2.5, ""unit_purchase_price_eur"": 1.4}"
2026-05-08_224617;C:\Users\Dani\Documents\CODEX-Projects\drink_pos\data\drink_pos_dev.db;data;transaction_items;581;"{""id"": 581, ""item_id"": 1, ""item_name_snapshot"": ""Bier gross"", ""item_short_label_snapshot"": ""Gross"", ""kind"": ""CONSUME"", ""person_id"": 32, ""profit_eur"": 1.1, ""purchase_total_eur"": 1.4, ""quantity"": 1, ""timestamp"": ""2026-05-08 22:44:57"", ""total_eur"": 2.5, ""transaction_id"": 809, ""unit_price_eur"": 2.5, ""unit_purchase_price_eur"": 1.4}"
2026-05-08_224617;C:\Users\Dani\Documents\CODEX-Projects\drink_pos\data\drink_pos_dev.db;data;transaction_items;582;"{""id"": 582, ""item_id"": 1, ""item_name_snapshot"": ""Bier gross"", ""item_short_label_snapshot"": ""Gross"", ""kind"": ""CONSUME"", ""person_id"": 32, ""profit_eur"": 1.1, ""purchase_total_eur"": 1.4, ""quantity"": 1, ""timestamp"": ""2026-05-08 22:44:58"", ""total_eur"": 2.5, ""transaction_id"": 810, ""unit_price_eur"": 2.5, ""unit_purchase_price_eur"": 1.4}"
2026-05-08_224617;C:\Users\Dani\Documents\CODEX-Projects\drink_pos\data\drink_pos_dev.db;data;transaction_items;583;"{""id"": 583, ""item_id"": 4, ""item_name_snapshot"": ""1 Runde"", ""item_short_label_snapshot"": ""Runde"", ""kind"": ""CONSUME"", ""person_id"": 32, ""profit_eur"": 40.0, ""purchase_total_eur"": 0.0, ""quantity"": 1, ""timestamp"": ""2026-05-08 22:45:04"", ""total_eur"": 40.0, ""transaction_id"": 811, ""unit_price_eur"": 40.0, ""unit_purchase_price_eur"": 0.0}"
2026-05-08_224617;C:\Users\Dani\Documents\CODEX-Projects\drink_pos\data\drink_pos_dev.db;data;transaction_items;584;"{""id"": 584, ""item_id"": 4, ""item_name_snapshot"": ""1 Runde"", ""item_short_label_snapshot"": ""Runde"", ""kind"": ""CONSUME"", ""person_id"": 32, ""profit_eur"": 40.0, ""purchase_total_eur"": 0.0, ""quantity"": 1, ""timestamp"": ""2026-05-08 22:45:06"", ""total_eur"": 40.0, ""transaction_id"": 812, ""unit_price_eur"": 40.0, ""unit_purchase_price_eur"": 0.0}"
2026-05-08_224617;C:\Users\Dani\Documents\CODEX-Projects\drink_pos\data\drink_pos_dev.db;data;transaction_items;585;"{""id"": 585, ""item_id"": 4, ""item_name_snapshot"": ""1 Runde"", ""item_short_label_snapshot"": ""Runde"", ""kind"": ""CONSUME"", ""person_id"": 32, ""profit_eur"": 40.0, ""purchase_total_eur"": 0.0, ""quantity"": 1, ""timestamp"": ""2026-05-08 22:45:08"", ""total_eur"": 40.0, ""transaction_id"": 813, ""unit_price_eur"": 40.0, ""unit_purchase_price_eur"": 0.0}"
2026-05-08_224617;C:\Users\Dani\Documents\CODEX-Projects\drink_pos\data\drink_pos_dev.db;summary;round_events;count;"{""columns"": [""id"", ""transaction_id"", ""timestamp"", ""round_price_eur"", ""deducted_vk_eur"", ""deducted_purchase_eur"", ""profit_vs_purchase_eur"", ""profit_vs_retail_eur"", ""details""], ""exists"": true, ""row_count"": 10}"
2026-05-08_224617;C:\Users\Dani\Documents\CODEX-Projects\drink_pos\data\drink_pos_dev.db;data;round_events;1;"{""deducted_purchase_eur"": 2.9, ""deducted_vk_eur"": 5.6, ""details"": ""Automatisch bei Kassensturz; bezahlt von Willinigg Mathias: Borufka Peter: -1x Limo | Lampert Rosalie: -1x Bier klein | Schwarz Eliana: -1x Limo | Willinigg Mathias: -1x Bier klein"", ""id"": 1, ""profit_vs_purchase_eur"": 37.1, ""profit_vs_retail_eur"": 34.4, ""round_price_eur"": 40.0, ""timestamp"": ""2026-05-05 20:25:30"", ""transaction_id"": 584}"
2026-05-08_224617;C:\Users\Dani\Documents\CODEX-Projects\drink_pos\data\drink_pos_dev.db;data;round_events;2;"{""deducted_purchase_eur"": 4.25, ""deducted_vk_eur"": 7.8, ""details"": ""Automatisch bei Kassensturz; bezahlt von Schwarz Eliana: Borufka Peter: -1x Limo | Lampert Rosalie: -1x Bier gross | Schwarz Eliana: -1x Bier klein | Willinigg Mathias: -1x Bier gross"", ""id"": 2, ""profit_vs_purchase_eur"": 35.75, ""profit_vs_retail_eur"": 32.2, ""round_price_eur"": 40.0, ""timestamp"": ""2026-05-05 20:25:30"", ""transaction_id"": 585}"
2026-05-08_224617;C:\Users\Dani\Documents\CODEX-Projects\drink_pos\data\drink_pos_dev.db;data;round_events;3;"{""deducted_purchase_eur"": 1.85, ""deducted_vk_eur"": 3.5, ""details"": ""Automatisch bei Kassensturz; bezahlt von Loacker Benjamin: Borufka Peter: -1x Limo | Schwarz Eliana: -1x Bier gross"", ""id"": 3, ""profit_vs_purchase_eur"": 38.15, ""profit_vs_retail_eur"": 36.5, ""round_price_eur"": 40.0, ""timestamp"": ""2026-05-05 20:25:30"", ""transaction_id"": 586}"
2026-05-08_224617;C:\Users\Dani\Documents\CODEX-Projects\drink_pos\data\drink_pos_dev.db;data;round_events;4;"{""deducted_purchase_eur"": 0.45, ""deducted_vk_eur"": 1.0, ""details"": ""Automatisch bei Kassensturz; bezahlt von Loacker Benjamin: Borufka Peter: -1x Limo"", ""id"": 4, ""profit_vs_purchase_eur"": 39.55, ""profit_vs_retail_eur"": 39.0, ""round_price_eur"": 40.0, ""timestamp"": ""2026-05-05 20:25:30"", ""transaction_id"": 587}"
2026-05-08_224617;C:\Users\Dani\Documents\CODEX-Projects\drink_pos\data\drink_pos_dev.db;data;round_events;5;"{""deducted_purchase_eur"": 15.95, ""deducted_vk_eur"": 34.6, ""details"": ""Automatisch bei Kassensturz; bezahlt von Loacker Benjamin: Basile Leonardo: -1x Limo | Beran Paula: -1x Bier klein | Bischof Leonie: -1x Limo | Ellensohn Dominik: -1x Limo | Ender Wilfried: -1x Limo | Fend Annabell: -1x Limo | Fend Nevio: -1x Limo | Fetz Clemens: -1x Limo | Gau Sophia: -1x Bier klein | Giesinger Clara: -1x Limo | Huber Nadine: -1x Limo | Kaufmann Theresia: -1x Limo | Klien Milena: -1x Limo | Koller Julia: -1x Limo | Koller Sarah: -1x Limo | Lampert Rosalie: -1x Limo | Loacker Benjamin: -1x Limo | Loacker Johannes: -1x Limo | Martin Manfred: -1x Limo | Miller Mirijam: -1x Limo | Miller Sarah: -1x Limo | Märk Carmen: -1x Limo | Märk Christoph: -1x Limo | Märk Matthias: -1x Limo | Müller Robert: -1x Limo | Petrovic Laurin: -1x Limo | Purkhart Sebastian: -1x Limo | Rützler Andreas: -1x Limo | Scherrer Michael: -1x Limo | Schwarz Eliana: -1x Limo | Schweiger Leonie: -1x Limo | Schönfelder Hannah: -1x Limo | Tschütscher Christian: -1x Limo"", ""id"": 5, ""profit_vs_purchase_eur"": 24.05, ""profit_vs_retail_eur"": 5.4, ""round_price_eur"": 40.0, ""timestamp"": ""2026-05-05 21:20:26"", ""transaction_id"": 623}"
2026-05-08_224617;C:\Users\Dani\Documents\CODEX-Projects\drink_pos\data\drink_pos_dev.db;data;round_events;6;"{""deducted_purchase_eur"": 3.35, ""deducted_vk_eur"": 6.6, ""details"": ""Automatisch bei Kassensturz; bezahlt von Müller Katharina: Basile Leonardo: -1x Limo | Basile Riccardo: -1x Bier klein | Beran Paula: -1x Limo | Bischof Leonie: -1x Bier klein | Borufka Peter: -1x Limo"", ""id"": 6, ""profit_vs_purchase_eur"": 36.65, ""profit_vs_retail_eur"": 33.4, ""round_price_eur"": 40.0, ""timestamp"": ""2026-05-05 22:30:38"", ""transaction_id"": 673}"
2026-05-08_224617;C:\Users\Dani\Documents\CODEX-Projects\drink_pos\data\drink_pos_dev.db;data;round_events;7;"{""deducted_purchase_eur"": 5.25, ""deducted_vk_eur"": 9.6, ""details"": ""Automatisch bei Kassensturz; bezahlt von Lampert Rosalie: Basile Leonardo: -1x Limo | Basile Riccardo: -1x Bier gross | Beran Paula: -1x Bier gross | Bischof Leonie: -1x Bier klein | Borufka Peter: -1x Bier klein"", ""id"": 7, ""profit_vs_purchase_eur"": 34.75, ""profit_vs_retail_eur"": 30.4, ""round_price_eur"": 40.0, ""timestamp"": ""2026-05-05 22:30:38"", ""transaction_id"": 674}"
2026-05-08_224617;C:\Users\Dani\Documents\CODEX-Projects\drink_pos\data\drink_pos_dev.db;data;round_events;8;"{""deducted_purchase_eur"": 9.15, ""deducted_vk_eur"": 19.3, ""details"": ""Automatisch bei Kassensturz; bezahlt von Martin Manfred: Basile Leonardo: -1x Limo | Basile Riccardo: -1x Limo | Borufka Peter: -1x Limo | Ender Patrik: -1x Limo | Fetz Lena: -1x Limo | Giesinger Clara: -1x Limo | Huber Nadine: -1x Limo | Loacker Benjamin: -1x Bier klein | Loacker Johannes: -1x Limo | Märk Carmen: -1x Limo | Müller Katharina: -1x Bier gross | Müller Robert: -1x Limo | Petrovic Laurin: -1x Limo | Sandholzer Markus: -1x Limo | Schedler Simon: -1x Limo | Schweiger Christoph: -1x Limo | Öhlinger Johanna: -1x Limo"", ""id"": 8, ""profit_vs_purchase_eur"": 30.85, ""profit_vs_retail_eur"": 20.7, ""round_price_eur"": 40.0, ""timestamp"": ""2026-05-06 20:27:37"", ""transaction_id"": 752}"
2026-05-08_224617;C:\Users\Dani\Documents\CODEX-Projects\drink_pos\data\drink_pos_dev.db;data;round_events;9;"{""deducted_purchase_eur"": 22.8, ""deducted_vk_eur"": 47.1, ""details"": ""Automatisch bei Kassensturz; bezahlt von Märk Matthias: Basile Riccardo: -1x Limo | Beran Paula: -1x Limo | Bischof Leonie: -1x Limo | Borufka Peter: -1x Bier klein | Egle Helmut: -1x Limo | Ender Carola: -1x Limo | Fend Annabell: -1x Bier klein | Fend Nevio: -1x Limo | Fetz Clemens: -1x Limo | Fitz Jakob: -1x Bier klein | Fritz Ramona: -1x Limo | Gau Sophia: -1x Limo | Giesinger Clara: -1x Limo | Huber Nadine: -1x Limo | Jenny Anna: -1x Bier klein | Kathan Angela: -1x Limo | Kishazy Csongor: -1x Bier klein | Klien Lorena: -1x Limo | Klien Milena: -1x Limo | Koller Sarah: -1x Limo | Lampert Rosalie: -1x Limo | Loacker Benjamin: -1x Bier klein | Loacker Johannes: -1x Limo | Loacker Nikolas: -1x Limo | Martin Manfred: -1x Limo | Miller Mirijam: -1x Limo | Miller Sarah: -1x Limo | Müller Katharina: -1x Limo | Müller Robert: -1x Limo | Purkhart Sebastian: -1x Limo | Ratz David: -1x Limo | Rützler Andreas: -1x Limo | Sandholzer Markus: -1x Limo | Schedler Simon: -1x Bier gross | Scherrer Michael: -1x Bier klein | Schwarz Eliana: -1x Limo | Schönfelder Hannah: -1x Limo | Willinigg Mathias: -1x Limo | Öhlinger Grete: -1x Limo | Öhlinger Johanna: -1x Limo"", ""id"": 9, ""profit_vs_purchase_eur"": 17.2, ""profit_vs_retail_eur"": -7.1, ""round_price_eur"": 40.0, ""timestamp"": ""2026-05-08 21:06:04"", ""transaction_id"": 770}"
2026-05-08_224617;C:\Users\Dani\Documents\CODEX-Projects\drink_pos\data\drink_pos_dev.db;data;round_events;10;"{""deducted_purchase_eur"": 16.25, ""deducted_vk_eur"": 31.7, ""details"": ""Automatisch bei Kassensturz; bezahlt von Bischof Leonie: Basile Leonardo: -1x Bier klein | Bischof Leonie: -1x Limo | Ender Carola: -1x Bier klein | Ender Patrik: -1x Limo | Giesinger Clara: -1x Bier gross | Huber Nadine: -1x Bier klein | Jenny Anna: -1x Limo | Jäger Nathalie: -1x Bier klein | Kathan Angela: -1x Limo | Kaufmann Theresia: -1x Limo | Klien Milena: -1x Limo | Loacker Benjamin: -1x Limo | Loacker Johannes: -1x Bier klein | Martin Manfred: -1x Limo | Märk Carmen: -1x Bier klein | Märk Christoph: -1x Limo | Märk Matthias: -1x Limo | Petrovic Laurin: -1x Bier klein | Schedler Simon: -1x Bier klein | Scherrer Michael: -1x Limo | Schnetzer Marina: -1x Bier klein | Schweiger Christoph: -1x Limo | Tschütscher Christian: -1x Limo"", ""id"": 10, ""profit_vs_purchase_eur"": 23.75, ""profit_vs_retail_eur"": 8.3, ""round_price_eur"": 40.0, ""timestamp"": ""2026-05-08 22:44:52"", ""transaction_id"": 805}"
